# File produced by Open Asset Import Library (http://www.assimp.sf.net)
# (assimp v5.0.0)

# 3201 vertex positions
v  -0.16829254 0.017696334 -0.16928728
v  -0.16883342 0.017740902 -0.1655656
v  -0.16937427 0.017785469 -0.16184391
v  -0.16511166 0.017707648 -0.16502433
v  -0.24217328 0.024749167 -0.20838112
v  -0.246369 0.024766397 -0.21090943
v  -0.091109514 0.024203774 -0.12047327
v  -0.091027156 0.024200138 -0.12042359
v  -0.088714674 0.024190573 -0.11903006
v  -0.088664226 0.024193615 -0.11899973
v  -0.16922043 0.02481265 -0.16219543
v  -0.16924252 0.024802174 -0.16214405
v  0.16393103 0.017698156 0.16310869
v  0.16339014 0.017742723 0.16683038
v  0.16284929 0.017787291 0.17055206
v  0.1671119 0.017709469 0.16737165
v  0.09005028 0.024750989 0.12401485
v  0.08585456 0.024768218 0.12148654
v  0.24111405 0.024205595 0.21192271
v  0.24119641 0.024201959 0.21197239
v  0.24350889 0.024192395 0.21336591
v  0.24355933 0.024195436 0.21339625
v  0.16300313 0.024814472 0.17020054
v  0.16298105 0.024803996 0.17025192
v  0.16406514 0.014221555 -0.16926901
v  0.16352426 0.014266122 -0.16554733
v  0.1629834 0.01431069 -0.16182564
v  0.16724601 0.014232868 -0.16500606
v  0.090184391 0.021274388 -0.20836285
v  0.085988671 0.021291617 -0.21089116
v  0.24124816 0.020728994 -0.120455
v  0.24133052 0.020725358 -0.12040532
v  0.243643 0.020715794 -0.11901179
v  0.24369344 0.020718835 -0.11898146
v  0.16313724 0.021337871 -0.16217716
v  0.16311516 0.021327395 -0.16212578
v  -0.1682743 0.021171132 0.16307048
v  -0.16881518 0.0212157 0.16679217
v  -0.16935603 0.021260267 0.17051385
v  -0.16509342 0.021182446 0.16733344
v  -0.24215505 0.028223965 0.12397665
v  -0.24635077 0.028241195 0.12144834
v  -0.091091275 0.027678572 0.2118845
v  -0.091008916 0.027674936 0.21193418
v  -0.088696435 0.027665371 0.21332771
v  -0.088645987 0.027668413 0.21335804
v  -0.16920219 0.028287448 0.17016234
v  -0.16922428 0.028276972 0.17021371
v  -0.171628 0.021149989 0.15748769
v  -0.17240763 0.021158237 0.15768236
v  -0.17332011 0.021175113 0.15818858
v  -0.17422873 0.02118995 0.1586926
v  -0.17464268 0.02119489 0.15892228
v  -0.17508537 0.021205854 0.1593498
v  -0.16897112 0.021120209 0.15710354
v  -0.16992766 0.021125659 0.15706325
v  -0.17133462 0.021146156 0.15741453
v  -0.16049004 0.021185115 0.17179215
v  -0.15983361 0.021165352 0.17069423
v  -0.15913004 0.021131776 0.16823676
v  -0.15908641 0.021104049 0.16568086
v  -0.15970558 0.02108407 0.16320068
v  -0.16094601 0.021073196 0.16096526
v  -0.16272241 0.021072201 0.15912697
v  -0.16491401 0.021081109 0.15781114
v  -0.16737169 0.021099344 0.15710717
v  -0.16184467 0.021217361 0.17355764
v  -0.1611492 0.021202516 0.17288572
v  -0.16354972 0.02125017 0.17497385
v  -0.16298747 0.021240734 0.17466208
v  -0.16238707 0.021228559 0.17408174
v  -0.16552645 0.021281455 0.17597765
v  -0.16522276 0.021277364 0.17590186
v  -0.16486716 0.021271657 0.17570457
v  0.17049482 0.01426778 -0.15878186
v  0.17119026 0.014252938 -0.15945369
v  0.17184949 0.014235534 -0.16054735
v  0.17250592 0.014215771 -0.16164526
v  0.17320949 0.014182195 -0.16410276
v  0.17325312 0.014154468 -0.16665864
v  0.1726338 0.014134493 -0.1691387
v  0.17139348 0.014123619 -0.17137423
v  0.16961706 0.014122624 -0.1732125
v  0.16742545 0.014131531 -0.17452836
v  0.16496781 0.014149766 -0.17523238
v  0.16336846 0.014170632 -0.17523599
v  0.16241187 0.014176078 -0.17527634
v  0.1610049 0.014196578 -0.17492497
v  -0.17424691 0.017715152 -0.17366508
v  -0.17466104 0.017720096 -0.17343521
v  -0.17510355 0.017731056 -0.17300794
v  -0.16898924 0.017645411 -0.17525417
v  -0.16994566 0.017650858 -0.17529428
v  -0.1713528 0.017671358 -0.17494318
v  -0.16050822 0.017710313 -0.16056553
v  -0.15985173 0.017690554 -0.16166347
v  -0.15914822 0.017656978 -0.16412085
v  -0.15910459 0.017629251 -0.16667682
v  -0.15972394 0.017609276 -0.16915682
v  -0.16096413 0.017598398 -0.17139238
v  -0.16274053 0.017597403 -0.17323074
v  -0.16493219 0.017606311 -0.17454654
v  -0.16738987 0.017624546 -0.17525053
v  -0.16186291 0.017742563 -0.15880001
v  -0.16116732 0.017727718 -0.15947199
v  -0.17164618 0.017675191 -0.17487001
v  -0.17242581 0.017683435 -0.17467535
v  -0.17333835 0.017700315 -0.17416909
v  -0.16554469 0.017806657 -0.15638006
v  -0.16524094 0.017802566 -0.15645581
v  -0.16488534 0.017796859 -0.15665311
v  0.15652648 0.014271311 -0.17228633
v  0.15596604 0.014282908 -0.17174488
v  0.15725416 0.014256276 -0.17298973
v  0.1581108 0.014240373 -0.17364693
v  0.15769669 0.014245313 -0.17341709
v  0.16336903 0.014273006 -0.16544381
v  0.15644458 0.014273006 -0.17236829
v  -0.1635679 0.017775372 -0.15738383
v  -0.16300565 0.017765936 -0.15769562
v  -0.16240525 0.017753761 -0.15827596
v  0.16878983 0.014300589 -0.15736568
v  0.16935211 0.014291152 -0.15767747
v  0.16995251 0.014278978 -0.15825781
v  0.16681299 0.014331877 -0.15636176
v  0.16711676 0.014327787 -0.15643761
v  0.16747233 0.01432208 -0.1566349
v  0.16071144 0.014200412 -0.17485175
v  0.15993187 0.014208656 -0.17465714
v  0.15901932 0.014225531 -0.17415088
v  -0.025730968 0.010392249 0.023656188
v  -0.03334707 0.010551509 0.031272292
v  -0.024797082 0.00012280792 -0.020902108
v  -0.025835812 0.00012280792 -0.021940868
v  0.17089051 0.017733417 0.17308387
v  0.17105594 0.017729539 0.17292401
v  0.17120999 0.017725673 0.17266753
v  0.019968301 0.0099144652 0.023658527
v  0.026892781 0.0099144652 0.030582992
v  0.17019165 0.017601468 0.15989846
v  0.16948295 0.017599225 0.15916514
v  0.16834736 0.017605804 0.15848327
v  0.16338655 0.01764543 0.15712163
v  0.16227773 0.017652679 0.15710151
v  0.16085216 0.017675415 0.15745518
v  0.15979776 0.017685257 0.15772054
v  0.15857881 0.017707136 0.15839666
v  0.16483366 0.017626368 0.15714538
v  0.16592103 0.017622419 0.15745538
v  0.16729119 0.017608132 0.15784922
v  0.16822496 0.017606318 0.15840974
v  0.1554251 0.017888948 0.17248452
v  0.15552101 0.017889425 0.17265713
v  0.15569925 0.017889839 0.17284167
v  0.020904511 0.00012281165 0.02479947
v  0.027828991 0.00012281165 0.03172395
v  0.17218593 0.017698295 0.17104179
v  0.17237175 0.017692372 0.17073238
v  0.17250064 0.017686985 0.17028198
v  -0.025733441 0.0099144615 -0.022043245
v  -0.031965524 0.0099144615 -0.028275298
v  0.1731078 0.017639305 0.16637158
v  0.17311895 0.017631069 0.16571906
v  0.17291358 0.017625764 0.16489673
v  0.020902038 -0.00035497174 -0.020899605
v  0.02851814 -0.00051423162 -0.028515708
v  0.17293635 0.017666347 0.16876036
v  0.17307529 0.0176588 0.168275
v  0.17308652 0.017652724 0.16761935
v  0.15420255 0.01787664 0.17010868
v  0.15428075 0.017878573 0.17042181
v  0.15448412 0.017880879 0.17078841
v  0.15387338 0.017823979 0.16479766
v  0.15370494 0.017830871 0.16538578
v  0.15369144 0.01784049 0.16618019
v  0.15366927 0.017854434 0.16747773
v  0.15366143 0.017858595 0.16794154
v  0.15380737 0.017864056 0.16852641
v  0.15479764 0.017787721 0.16228029
v  0.15440866 0.017797265 0.16292822
v  0.15413836 0.017811432 0.16387206
v  0.15572429 0.017760102 0.1607368
v  0.15513176 0.017778363 0.16172382
v  0.15636176 0.017748538 0.16012073
v  0.17249948 0.017611094 0.16323897
v  0.17199939 0.017608315 0.16233718
v  0.17269188 0.017618705 0.16400921
v  0.15756238 0.017721914 0.15896055
v  0.1566335 0.017742924 0.15985817
v  0.15843225 0.017709516 0.15847799
v  0.1712594 0.017600216 0.16100347
v  0.17042977 0.017601579 0.16014498
v  0.17170519 0.017605782 0.16180736
v  -0.16876014 0.024749357 -0.16563888
v  -0.16874048 0.026629673 -0.16565853
v  0.16346343 0.024751179 0.16675709
v  0.16348308 0.026631495 0.16673744
v  0.16359754 0.021274578 -0.16562061
v  0.16361719 0.023154894 -0.16564026
v  -0.1687419 0.028224155 0.16671889
v  -0.16872224 0.030104471 0.16669923
v  -0.020918842 -0.026298258 -0.014906029
v  0.016270969 -0.028645622 -0.014883497
v  -0.020939317 -0.02825659 -0.014885553
v  0.016291445 -0.026687291 -0.014903973
v  0.016273003 -0.028256588 0.022326779
v  0.016310871 -0.026298622 0.022288911
v  -0.25022203 0.024645608 -0.20996247
v  -0.24772958 0.024805102 -0.2085681
v  -0.24773137 0.024634166 -0.20856631
v  -0.25022024 0.024816547 -0.20996426
v  -0.2464909 0.024769044 -0.21077815
v  -0.24898334 0.024609549 -0.21217254
v  -0.24649268 0.024598107 -0.21077636
v  -0.24898155 0.024780488 -0.21217433
v  -0.17252874 0.024288645 -0.16641048
v  -0.17129005 0.024252586 -0.16862053
v  -0.17240413 0.024288567 -0.16629344
v  -0.17196877 0.024275867 -0.16707259
v  -0.17151891 0.024262747 -0.1678777
v  -0.17112233 0.024251178 -0.16858746
v  -0.17128827 0.024423525 -0.16862231
v  -0.17252696 0.024459584 -0.16641226
v  -0.17087419 0.024420049 -0.16854072
v  -0.17112054 0.024422117 -0.16858925
v  -0.17151712 0.024433684 -0.16787949
v  -0.17087598 0.02424911 -0.16853893
v  -0.17219491 0.024287581 -0.16617846
v  -0.17219312 0.024458518 -0.16618025
v  -0.17240234 0.024459504 -0.16629523
v  -0.17196698 0.024446806 -0.16707438
v  -0.16626078 0.024376009 -0.16279867
v  -0.16600868 0.024365686 -0.16353393
v  -0.16642736 0.02437735 -0.16283695
v  -0.092418842 0.024069197 -0.11830144
v  -0.16553375 0.024352454 -0.16432451
v  -0.16495325 0.02433965 -0.1649687
v  -0.091111325 0.024032837 -0.12047147
v  -0.16507412 0.02433965 -0.16508958
v  -0.092417054 0.024240134 -0.11830322
v  -0.16625899 0.024546947 -0.16280046
v  -0.16495146 0.024510587 -0.16497049
v  -0.091109537 0.024203775 -0.12047326
v  -0.21298534 0.025691718 -0.084193185
v  -0.21158765 0.025822021 -0.086685479
v  -0.21158944 0.025651084 -0.086683691
v  -0.21298355 0.025862657 -0.084194973
v  -0.21379784 0.025832176 -0.087924421
v  -0.21519554 0.025701873 -0.085432112
v  -0.21379963 0.025661239 -0.087922633
v  -0.21519375 0.025872812 -0.0854339
v  -0.16944189 0.024424171 -0.1618817
v  -0.17165206 0.024434326 -0.16312064
v  -0.16932487 0.024421645 -0.1620063
v  -0.17010407 0.02442524 -0.16244175
v  -0.17090923 0.024428954 -0.1628917
v  -0.17161903 0.024432227 -0.16328835
v  -0.17165028 0.024605265 -0.16312243
v  -0.16944011 0.02459511 -0.16188349
v  -0.17156872 0.024600083 -0.16353647
v  -0.17161724 0.024603166 -0.16329014
v  -0.17090744 0.024599891 -0.16289349
v  -0.17157051 0.024429144 -0.16353469
v  -0.16920991 0.024418257 -0.1622155
v  -0.16920812 0.024589194 -0.16221729
v  -0.16932309 0.024592584 -0.16200809
v  -0.17010228 0.024596177 -0.16244353
v  -0.16582839 0.024435993 -0.1681492
v  -0.16656367 0.024441045 -0.16840138
v  -0.16586667 0.024438135 -0.16798262
v  -0.12133928 0.02319883 -0.24198626
v  -0.16735432 0.024444345 -0.16887638
v  -0.16799855 0.02444501 -0.16945697
v  -0.12350947 0.023207847 -0.24329402
v  -0.16811943 0.024447538 -0.1693361
v  -0.1213375 0.023369767 -0.24198805
v  -0.1658266 0.024606932 -0.16815099
v  -0.16799676 0.024615949 -0.16945876
v  -0.12350768 0.023378784 -0.2432958
v  -0.12350772 0.023378786 -0.24329579
v  -0.12133931 0.02319883 -0.24198624
v  -0.12350951 0.023207847 -0.243294
v  -0.12133753 0.023369769 -0.24198803
v  0.082001477 0.024647435 0.12243368
v  0.084493935 0.024806928 0.12382807
v  0.084492147 0.024635991 0.12382986
v  0.082003266 0.024818372 0.1224319
v  0.085732624 0.024770871 0.12161801
v  0.083240166 0.024611376 0.12022362
v  0.085730836 0.024599932 0.1216198
v  0.083241954 0.024782313 0.12022183
v  0.15969479 0.02429047 0.16598564
v  0.16093349 0.024254411 0.16377561
v  0.15981941 0.02429039 0.16610268
v  0.16025476 0.024277693 0.16532353
v  0.16070463 0.024264572 0.16451842
v  0.16110122 0.024253003 0.16380866
v  0.16093528 0.02442535 0.16377382
v  0.15969658 0.024461409 0.16598386
v  0.16134934 0.024421874 0.16385542
v  0.16110301 0.024423942 0.16380687
v  0.16070642 0.024435509 0.16451663
v  0.16134755 0.024250936 0.16385721
v  0.16002862 0.024289405 0.16621765
v  0.16003041 0.024460344 0.16621587
v  0.1598212 0.024461329 0.16610089
v  0.16025655 0.024448631 0.16532174
v  0.16596274 0.024377832 0.16959734
v  0.16621484 0.024367508 0.16886209
v  0.16579616 0.024379173 0.16955906
v  0.2398047 0.024071019 0.21409455
v  0.16668977 0.024354277 0.16807151
v  0.16727027 0.024341471 0.16742732
v  0.24111222 0.024034658 0.21192451
v  0.16714939 0.024341471 0.16730642
v  0.23980649 0.024241956 0.21409276
v  0.16596453 0.024548769 0.16959555
v  0.16727206 0.02451241 0.16742553
v  0.24111401 0.024205597 0.21192272
v  0.11923823 0.025693545 0.24820292
v  0.12063592 0.025823848 0.24571063
v  0.12063413 0.02565291 0.24571241
v  0.11924002 0.025864482 0.24820113
v  0.11842573 0.025834003 0.24447168
v  0.11702804 0.0257037 0.24696399
v  0.11842394 0.025663065 0.24447347
v  0.11702982 0.025874637 0.2469622
v  0.16278169 0.024425998 0.17051437
v  0.1605715 0.024436152 0.16927543
v  0.1628987 0.024423471 0.17038976
v  0.16211951 0.024427066 0.16995431
v  0.16131435 0.02443078 0.16950437
v  0.16060454 0.024434052 0.16910771
v  0.16057329 0.02460709 0.16927364
v  0.16278347 0.024596935 0.17051259
v  0.16065484 0.024601908 0.16885959
v  0.16060632 0.024604991 0.16910592
v  0.16131614 0.024601717 0.16950259
v  0.16065305 0.02443097 0.16886137
v  0.16301367 0.024420083 0.17018056
v  0.16301546 0.024591019 0.17017877
v  0.16290049 0.024594409 0.17038797
v  0.1621213 0.024598002 0.16995253
v  0.16639516 0.024437817 0.16424686
v  0.16565987 0.024442868 0.16399468
v  0.16635689 0.024439959 0.16441342
v  0.21088429 0.023200652 0.090409756
v  0.16486925 0.024446167 0.16351967
v  0.164225 0.024446834 0.16293909
v  0.2087141 0.023209669 0.089102
v  0.16410413 0.024449361 0.16305995
v  0.21088608 0.023371588 0.090407968
v  0.16639695 0.024608754 0.16424507
v  0.16422679 0.024617771 0.1629373
v  0.20871589 0.023380606 0.089100212
v  0.20871584 0.023380607 0.089100175
v  0.21088424 0.023200652 0.090409733
v  0.20871405 0.023209669 0.089101963
v  0.21088603 0.02337159 0.090407945
v  0.082135603 0.02117083 -0.20994407
v  0.08462806 0.021330325 -0.20854968
v  0.084626272 0.021159388 -0.20854789
v  0.082137391 0.021341769 -0.20994586
v  0.085866749 0.021294266 -0.21075973
v  0.083374292 0.021134773 -0.21215412
v  0.085864961 0.021123329 -0.21075794
v  0.08337608 0.02130571 -0.21215591
v  0.15982892 0.020813867 -0.1663921
v  0.16106762 0.020777809 -0.16860214
v  0.15995353 0.020813787 -0.16627507
v  0.16038889 0.02080109 -0.16705422
v  0.16083875 0.020787969 -0.16785933
v  0.16123533 0.0207764 -0.16856909
v  0.16106941 0.020948747 -0.16860393
v  0.1598307 0.020984806 -0.16639389
v  0.16148347 0.020945271 -0.16852233
v  0.16123712 0.020947339 -0.16857088
v  0.16084054 0.020958906 -0.16786112
v  0.16148168 0.020774333 -0.16852054
v  0.16016275 0.020812802 -0.16616009
v  0.16016454 0.020983741 -0.16616188
v  0.15995532 0.020984726 -0.16627686
v  0.16039068 0.020972028 -0.16705601
v  0.16609691 0.020901227 -0.16278036
v  0.16634901 0.020890905 -0.1635156
v  0.16593033 0.02090257 -0.16281864
v  0.23993887 0.020594416 -0.11828315
v  0.16682394 0.020877674 -0.16430619
v  0.16740444 0.020864869 -0.16495037
v  0.24124639 0.020558055 -0.12045319
v  0.16728356 0.020864869 -0.16507126
v  0.23994066 0.020765353 -0.11828493
v  0.1660987 0.021072166 -0.16278215
v  0.16740623 0.021035805 -0.16495216
v  0.24124818 0.020728994 -0.12045497
v  0.11937237 0.02221694 -0.084174767
v  0.12077006 0.022347244 -0.086667061
v  0.12076827 0.022176305 -0.086665273
v  0.11937416 0.022387877 -0.084176555
v  0.11855987 0.022357399 -0.087906003
v  0.11716218 0.022227095 -0.085413694
v  0.11855808 0.02218646 -0.087904215
v  0.11716396 0.022398032 -0.085415483
v  0.16291583 0.020949392 -0.16186331
v  0.16070564 0.020959547 -0.16310227
v  0.16303284 0.020946866 -0.16198793
v  0.16225365 0.020950461 -0.16242337
v  0.16144849 0.020954175 -0.16287333
v  0.16073868 0.020957448 -0.16326998
v  0.16070743 0.021130485 -0.16310406
v  0.16291761 0.02112033 -0.1618651
v  0.16078898 0.021125304 -0.1635181
v  0.16074046 0.021128386 -0.16327177
v  0.16145028 0.021125112 -0.16287512
v  0.16078719 0.020954365 -0.16351631
v  0.16314781 0.020943478 -0.16219713
v  0.1631496 0.021114415 -0.16219892
v  0.16303463 0.021117805 -0.16198972
v  0.16225544 0.021121398 -0.16242516
v  0.16652928 0.020961212 -0.16813086
v  0.16579401 0.020966263 -0.16838303
v  0.16649102 0.020963354 -0.16796428
v  0.21101841 0.019724047 -0.24196796
v  0.16500337 0.020969562 -0.16885805
v  0.16435912 0.020970229 -0.16943863
v  0.20884822 0.019733064 -0.24327572
v  0.16423824 0.020972757 -0.16931775
v  0.2110202 0.019894984 -0.24196975
v  0.16653107 0.021132149 -0.16813265
v  0.16436091 0.021141166 -0.16944042
v  0.20885001 0.019904001 -0.24327751
v  0.20884995 0.019904006 -0.24327752
v  0.21101835 0.019724051 -0.24196798
v  0.20884816 0.019733068 -0.24327573
v  0.21102014 0.019894989 -0.24196976
v  -0.25020388 0.028120412 0.12239546
v  -0.24771143 0.028279906 0.12378985
v  -0.24771322 0.028108967 0.12379164
v  -0.25020209 0.02829135 0.12239367
v  -0.24647275 0.028243847 0.12157978
v  -0.2489652 0.028084353 0.1201854
v  -0.24647453 0.02807291 0.12158157
v  -0.24896342 0.028255291 0.12018361
v  -0.17251056 0.027763449 0.16594741
v  -0.17127186 0.02772739 0.16373737
v  -0.17238595 0.027763369 0.16606444
v  -0.17195059 0.027750671 0.16528529
v  -0.17150073 0.027737549 0.16448018
v  -0.17110413 0.027725982 0.16377042
v  -0.17127007 0.027898327 0.16373558
v  -0.17250878 0.027934385 0.16594562
v  -0.17085601 0.027894851 0.16381718
v  -0.17110234 0.027896918 0.16376863
v  -0.17149894 0.027908487 0.16447839
v  -0.1708578 0.027723914 0.16381897
v  -0.17217673 0.027762383 0.16617942
v  -0.17217495 0.027933322 0.16617763
v  -0.17238416 0.027934307 0.16606265
v  -0.17194881 0.027921608 0.1652835
v  -0.16624257 0.02785081 0.16955914
v  -0.16599047 0.027840488 0.16882388
v  -0.16640913 0.027852152 0.16952085
v  -0.092400596 0.027543997 0.21405633
v  -0.16551554 0.027827255 0.1680333
v  -0.16493502 0.027814452 0.16738911
v  -0.091093078 0.027507639 0.21188629
v  -0.16505592 0.027814452 0.16726822
v  -0.092398807 0.027714936 0.21405454
v  -0.16624078 0.028021749 0.16955735
v  -0.16493323 0.027985388 0.16738732
v  -0.09109129 0.027678575 0.2118845
v  -0.2129671 0.029166523 0.24816471
v  -0.2115694 0.029296827 0.24567242
v  -0.21157119 0.029125888 0.24567421
v  -0.21296531 0.029337462 0.24816293
v  -0.2137796 0.029306982 0.24443348
v  -0.2151773 0.029176679 0.24692579
v  -0.21378139 0.029136043 0.24443527
v  -0.21517551 0.029347615 0.246924
v  -0.16942364 0.027898973 0.17047617
v  -0.17163382 0.027909128 0.16923723
v  -0.16930662 0.027896447 0.17035156
v  -0.17008582 0.027900042 0.16991612
v  -0.17089099 0.027903754 0.16946617
v  -0.17160079 0.027907029 0.1690695
v  -0.17163204 0.028080067 0.16923544
v  -0.16942185 0.028069912 0.17047438
v  -0.17155048 0.028074885 0.16882138
v  -0.171599 0.028077967 0.16906771
v  -0.1708892 0.028074693 0.16946438
v  -0.17155227 0.027903946 0.16882317
v  -0.16919167 0.027893057 0.17014235
v  -0.16918989 0.028063996 0.17014056
v  -0.16930483 0.028067386 0.17034978
v  -0.17008403 0.028070979 0.16991434
v  -0.16581018 0.027910795 0.16420865
v  -0.16654547 0.027915847 0.16395648
v  -0.16584845 0.027912937 0.16437522
v  -0.12132107 0.026673628 0.090371549
v  -0.16733611 0.027919147 0.16348146
v  -0.16798034 0.027919812 0.16290088
v  -0.12349125 0.026682645 0.089063793
v  -0.16810122 0.02792234 0.16302174
v  -0.12131928 0.026844565 0.090369761
v  -0.16580839 0.028081734 0.16420686
v  -0.16797855 0.028090749 0.16289909
v  -0.12348946 0.026853582 0.089062005
v  -0.12348948 0.026853584 0.089061968
v  -0.12132107 0.026673628 0.090371527
v  -0.12349127 0.026682645 0.089063756
v  -0.12131929 0.026844567 0.090369739
v  -0.026167482 0.034871362 0.022707801
v  -0.017858833 0.034726582 0.017168965
v  -0.024782568 0.034871362 0.0240927
v  -0.019243747 0.034726582 0.015784066
v  -0.036808848 0.010638379 0.03611898
v  -0.025038511 0.010392249 0.024348645
v  -0.038193762 0.010638379 0.034734081
v  -0.026423424 0.010392249 0.022963746
v  0.031043679 0.0091905482 -0.034503344
v  0.020658255 0.0094366781 -0.021348121
v  0.032428592 0.0091905482 -0.033118445
v  0.019273371 0.0094366781 -0.02273302
v  -0.018819392 -0.024023298 0.01743691
v  -0.024358243 -0.023878515 0.025745545
v  -0.017434508 -0.024023298 0.018821809
v  -0.025743127 -0.023878515 0.024360646
v  -0.025041252 0.009899985 -0.022735434
v  -0.026425987 0.0099289417 -0.021350699
v  -0.038197637 0.0099289417 -0.03312232
v  -0.036812872 0.009899985 -0.034507055
v  -0.026170045 0.034408063 -0.021606643
v  -0.01786083 0.034379102 -0.016066883
v  -0.019245565 0.034408063 -0.014682148
v  -0.02478531 0.034379102 -0.022991378
v  0.02066049 0.0098999888 0.022966338
v  0.031047374 0.0099289455 0.036122676
v  0.032432109 0.0098999888 0.034737941
v  0.019275755 0.0099289455 0.024351073
v  -0.031029105 0.00012280792 -0.027134161
v  -0.029990792 0.00010833517 -0.027480196
v  -0.030682981 0.00012280792 -0.026788007
v  -0.035876513 0.00010833517 -0.033365916
v  -0.036568701 0.00012280792 -0.032673728
v  -0.024360836 -0.024370778 -0.021338355
v  -0.018821061 -0.024341822 -0.013029124
v  -0.017436326 -0.024370776 -0.014413859
v  -0.025745571 -0.024341822 -0.01995362
v  0.014416277 -0.024370775 0.017438758
v  0.019956023 -0.024341818 0.025747959
v  0.021340758 -0.024370775 0.024363223
v  0.013031542 -0.024341818 0.018823493
v  -0.14620537 0.010059241 -0.12866732
v  -0.13246024 -2.1975487e-05 -0.14241239
v  -0.1323579 0.0097696744 -0.14251477
v  -0.14630771 0.0002675876 -0.12856495
v  0.012605578 0.034060583 -0.016065244
v  0.020914197 0.033915795 -0.021604065
v  0.013990492 0.034060583 -0.014680345
v  0.019529313 0.033915795 -0.022988964
v  0.012607217 0.034408063 0.017170634
v  0.020916432 0.03437911 0.022710394
v  0.019531697 0.034408063 0.024095129
v  0.013991952 0.03437911 0.015785899
v  0.019953609 -0.024834085 -0.02133612
v  0.014414787 -0.024689302 -0.013027499
v  0.021338522 -0.024834085 -0.019951221
v  0.013029903 -0.024689302 -0.014412398
v  -0.077062726 0.00026759133 -0.059319939
v  -0.063112915 0.0097696781 -0.073269755
v  -0.063215256 -2.1971762e-05 -0.073167376
v  -0.076960385 0.010059245 -0.059422318
v  -0.029578 0.039868563 0.028888116
v  -0.030962884 0.039868563 0.027503217
v  -0.017807662 0.039622433 0.017117778
v  -0.019192576 0.039622433 0.015732877
v  -0.020937286 -0.027867556 0.02232476
v  -0.020916812 -0.025909226 0.022304283
v  0.016600449 0.037997488 -0.018357769
v  0.010765906 0.03805849 -0.018358085
v  0.016579973 0.036039159 -0.018337293
v  0.010745432 0.03610016 -0.018337611
v  -0.0010278188 0.035793025 -0.059485801
v  -0.012798175 0.036039159 -0.047715448
v  0.010743815 0.035793029 -0.047714163
v  -0.012796581 0.03634629 -0.018338908
v  -0.02063033 0.036428191 -0.018339336
v  -0.020628385 0.036796749 0.016912511
v  -0.020628273 0.036817223 0.018870957
v  0.016581092 0.036253724 0.0021855114
v  -3.5885721e-05 0.036601931 0.018872086
v  0.024925284 0.036253724 0.010529704
v  0.0082735084 0.036601931 0.02718148
v  0.01076429 0.037751358 -0.047734637
v  -0.020609856 0.03838652 -0.018359812
v  -0.012776107 0.038304619 -0.018359384
v  -0.020607911 0.038755078 0.016892035
v  -0.020607799 0.038775552 0.018850481
v  0.016601568 0.038212053 0.0021650363
v  -1.5411526e-05 0.03856026 0.01885161
v  0.0082939826 0.03856026 0.027161006
v  0.02494576 0.038212053 0.010509228
v  -0.0010073446 0.037751358 -0.059506275
v  -0.012777701 0.037997488 -0.047735922
v  -0.088664249 0.024193615 -0.11899972
v  -0.089971766 0.024229975 -0.11682969
v  -0.12203441 0.023337815 -0.24574092
v  -0.11986423 0.023328798 -0.24443318
v  0.2435593 0.024195436 0.21339627
v  0.24225178 0.024231795 0.21556629
v  0.21018916 0.023339637 0.086655088
v  0.21235934 0.02333062 0.087962836
v  0.24369347 0.020718833 -0.11898144
v  0.24238595 0.020755192 -0.11681139
v  0.21032329 0.019863032 -0.24572262
v  0.21249346 0.019854015 -0.24441487
v  -0.088646002 0.027668417 0.21335804
v  -0.089953512 0.027704775 0.21552807
v  -0.12201619 0.026812613 0.086616881
v  -0.11984602 0.026803596 0.087924629
v  -0.038300157 0.00010833517 -0.035789561
v  -0.036915243 0.00010833517 -0.034404676
v  -0.023759425 -2.1971762e-05 -0.033711549
v  -0.038992345 0.00012280792 -0.035097372
v  -0.037607431 0.00012280792 -0.033712488
v  -0.038299978 0.00013729185 -0.033019941
v  -0.037261248 0.00013729185 -0.031981181
v  -0.031375527 0.00013729185 -0.026095461
v  -0.037606865 0.00026759505 -0.019864108
v  -0.025143623 0.00010833517 -0.022633057
v  -0.024104893 0.00010833517 -0.021594297
v  0.017785549 -0.00045632198 -0.033709269
v  -0.026528358 0.00013729185 -0.021248322
v  -0.025489628 0.00013729185 -0.020209562
v  -0.037604392 0.00070194528 0.021680702
v  0.020211965 0.00013729185 0.025492016
v  0.0215967 0.00010833889 0.024107281
v  -0.023755431 0.00070194528 0.035529662
v  0.03163451 -0.00045631826 -0.019860309
v  0.031636596 -2.1968037e-05 0.021684486
v  0.032329738 0.00010833889 0.034840319
v  0.033368498 0.00010833889 0.035879079
v  0.031983763 0.00013729557 0.037263814
v  0.15813297 -2.1960586e-05 0.14818084
v  0.158117 -0.0031012055 -0.14634275
v  0.16318572 -0.0031472221 -0.1456753
v  0.18210152 -0.0036027469 -0.17032731
v  0.182769 -0.0035567302 -0.16525859
v  0.18210211 -0.0034967586 -0.16018969
v  0.16825461 -0.0032071937 -0.14634219
v  0.18014583 -0.0034269206 -0.15546644
v  0.17297786 -0.0032770298 -0.14829844
v  0.17703372 -0.0033519752 -0.15141055
v  0.017789185 0.00026759878 0.035531927
v  0.030945003 0.00013729557 0.036225054
v  0.14428553 0.00026760623 0.16202828
v  0.16320181 -8.1934035e-05 0.14751372
v  0.14361858 0.00032757595 0.16709694
v  0.16827059 -0.00012794882 0.14818138
v  0.14428604 0.00037359446 0.1721659
v  0.17299423 -0.00015687943 0.15013796
v  0.14624283 0.00040252134 0.17688933
v  0.17705041 -0.00016674399 0.15325049
v  0.14935535 0.00041238964 0.18094558
v  0.180163 -0.00015687943 0.15730673
v  0.1534116 0.00040252134 0.1840581
v  0.18211955 -0.00012794882 0.16203037
v  0.15813503 0.00037359446 0.18601489
v  0.18278721 -8.193031e-05 0.16709915
v  0.16320398 0.00032757595 0.18668237
v  0.18212011 -2.1956861e-05 0.17216799
v  0.16827267 0.00026760623 0.18601543
v  0.18016401 4.7877431e-05 0.17689112
v  0.17299601 0.00019776821 0.18405914
v  0.17705199 0.00012282282 0.18094695
v  0.020209551 -0.00035497174 -0.021592062
v  -0.025487185 0.00060059503 0.024104703
v  0.031979889 -0.00060110167 -0.033362385
v  -0.025140882 0.00060059503 0.024451021
v  0.1493358 -0.0033519771 -0.1791085
v  0.14622352 -0.0032770317 -0.17505279
v  0.15339148 -0.0034269225 -0.18222076
v  0.15811494 -0.0034967605 -0.18417686
v  0.14426744 -0.0032071937 -0.17032936
v  0.16318363 -0.0035567321 -0.18484393
v  0.14360034 -0.003147224 -0.16526064
v  0.16825256 -0.0036027487 -0.18417627
v  0.14426804 -0.0031012055 -0.16019171
v  -0.16408682 0.0033468306 0.14816311
v  -0.18807155 0.0038483739 0.17214784
v  0.17297593 -0.0036316756 -0.18221965
v  -0.18611491 0.0038773008 0.17687115
v  0.030941308 -0.00060110167 -0.034400966
v  0.17703223 -0.003641542 -0.17910701
v  -0.0241023 0.00060059503 0.025489602
v  -0.035872638 0.00084672868 0.03725994
v  0.1801447 -0.0036316756 -0.17505088
v  -0.18300372 0.0035976022 0.15323102
v  -0.18611598 0.0036725476 0.15728667
v  -0.17894793 0.0035226569 0.15011868
v  -0.17422444 0.0034528151 0.14816254
v  -0.18807209 0.0037423857 0.16201019
v  -0.16915584 0.0033928454 0.14749557
v  -0.18873906 0.0038023517 0.16707879
v  0.019171 -0.00035497174 -0.022630643
v  -0.18300223 0.0038871691 0.18092746
v  -0.037257552 0.00084672868 0.035875041
v  -0.036911219 0.00084672868 0.036221359
v  -0.17894614 0.0038773008 0.18403992
v  -0.15023786 0.0033468306 0.16201207
v  -0.17422259 0.0038483739 0.1859968
v  -0.16915369 0.0038023554 0.18666413
v  -0.14957047 0.0033928491 0.16708091
v  -0.15023726 0.0034528188 0.17214972
v  -0.16408491 0.0037423894 0.18599737
v  -0.15219361 0.0035226569 0.17687303
v  -0.1593616 0.0036725476 0.18404102
v  -0.1553058 0.0035976022 0.18092898
v  0.024751961 -0.029237643 0.030646287
v  0.026136696 -0.0292666 0.029261552
v  0.012980342 -0.029237643 0.018874682
v  0.014365077 -0.0292666 0.017489947
v  -0.03064096 -0.028672993 0.029258437
v  -0.029256046 -0.028672993 0.030643336
v  -0.018870592 -0.028919123 0.0174881
v  -0.017485708 -0.028919123 0.018872999
v  0.020555884 -0.00035497174 -0.021245744
v  0.021594465 -0.00035497174 -0.020207163
v  0.014363587 -0.029585127 -0.012976311
v  0.026133925 -0.029831257 -0.024746634
v  0.033364773 -0.00060110167 -0.031977486
v  0.024749041 -0.029831257 -0.026131533
v  0.012978703 -0.029585127 -0.01436121
v  0.032326221 -0.00060110167 -0.033016067
v  0.1606679 5.043298e-05 0.15763947
v  0.16320229 2.0444393e-05 0.1573059
v  0.16573676 -2.5629997e-06 0.15763965
v  0.15849057 0.017710332 0.15843326
v  0.1583063 8.5350126e-05 0.15861753
v  0.16828278 0.017607957 0.15843377
v  0.16809851 -1.7028302e-05 0.15861803
v  0.15646276 0.017747805 0.15998918
v  0.15627849 0.0001228191 0.16017345
v  0.17012653 -2.1960586e-05 0.1601744
v  0.1703108 0.017603025 0.15999013
v  0.15490666 0.017785277 0.16201714
v  0.15472239 0.00016029179 0.1622014
v  0.17186716 0.017607957 0.16201815
v  0.17168289 -1.7028302e-05 0.16220242
v  0.15392843 0.017820198 0.16437891
v  0.15374416 0.00019521266 0.16456318
v  0.17266127 -2.5629997e-06 0.16456416
v  0.17284554 0.017622419 0.16437989
v  0.15359503 0.017850179 0.16691315
v  0.15341076 0.00022519752 0.16709742
v  0.1731793 0.01764543 0.16691434
v  0.17299503 2.0444393e-05 0.16709864
v  0.15392879 0.01787319 0.16944766
v  0.15374452 0.00024820864 0.16963193
v  0.17284572 0.017675415 0.16944876
v  0.17266145 5.043298e-05 0.16963303
v  0.15490717 0.017887656 0.17180938
v  0.1547229 0.00026267022 0.17199364
v  0.17186767 0.017710336 0.17181036
v  0.1716834 8.5350126e-05 0.17199463
v  0.15646335 0.017892588 0.17383757
v  0.15627909 0.00026760623 0.17402184
v  0.17031175 0.017747805 0.17383817
v  0.17012748 0.0001228191 0.17402244
v  0.15723005 0.017890573 0.17442593
v  0.15729746 0.017890446 0.17449546
v  0.15740523 0.017890144 0.17456034
v  0.15849155 0.017887656 0.17539376
v  0.15830728 0.00026267022 0.17557803
v  0.16828379 0.017785277 0.17539424
v  0.16911128 0.017769735 0.1747593
v  0.16809952 0.00016029179 0.17557853
v  0.16921785 0.017767753 0.17470023
v  0.16933182 0.017765634 0.17459008
v  0.15946543 0.017881632 0.17579716
v  0.15948918 0.017881513 0.17581138
v  0.1595237 0.017881308 0.17582127
v  0.1608533 0.01787319 0.17637214
v  0.16066903 0.00024820864 0.17655644
v  0.16592202 0.017820198 0.1763725
v  0.16694048 0.01780504 0.17595065
v  0.16573775 0.00019521639 0.17655677
v  0.16698268 0.017804388 0.17594007
v  0.16703197 0.017803684 0.17591271
v  0.16194656 0.017863281 0.17651543
v  0.16338778 0.017850183 0.17670587
v  0.16320351 0.00022519752 0.17689016
v  0.16450247 0.017836995 0.1765593
v  -0.16206497 0.017603006 -0.17238563
v  -0.16409308 0.017607938 -0.17394206
v  -0.16214687 0.0097696744 -0.17230374
v  -0.16417497 0.0097746067 -0.17386016
v  -0.16645473 0.0176224 -0.17492035
v  -0.16653663 0.0097890683 -0.17483845
v  -0.16050881 0.017607938 -0.17035776
v  -0.16059071 0.0097746067 -0.17027587
v  -0.16907114 0.0098120794 -0.17517227
v  -0.15953028 0.0176224 -0.1679959
v  -0.15961218 0.0097890683 -0.167914
v  -0.17152375 0.017675396 -0.17492071
v  -0.17160565 0.0098420642 -0.17483881
v  -0.1591965 0.017645411 -0.16546139
v  -0.15927839 0.0098120794 -0.16537949
v  -0.17388535 0.017710313 -0.17394263
v  -0.17396724 0.0098769814 -0.17386073
v  -0.15953016 0.017675396 -0.16292709
v  -0.15961206 0.0098420642 -0.16284519
v  -0.17591321 0.017747786 -0.1723868
v  -0.17599511 0.0099144541 -0.1723049
v  -0.16059011 0.0098769814 -0.16048363
v  -0.17746919 0.017785259 -0.17035872
v  -0.17755109 0.0099519268 -0.17027682
v  -0.17659926 0.017762713 -0.17149249
v  -0.17649919 0.017758284 -0.17165902
v  -0.17639154 0.017757684 -0.17176312
v  -0.16206408 0.017747786 -0.15853763
v  -0.16214597 0.0099144541 -0.15845573
v  -0.17844748 0.017820179 -0.16799697
v  -0.17852938 0.0099868476 -0.16791508
v  -0.17781478 0.017795447 -0.16946754
v  -0.16409212 0.017785259 -0.15698162
v  -0.16417402 0.0099519268 -0.15689972
v  -0.17878079 0.017850161 -0.16546264
v  -0.17886269 0.010016829 -0.16538075
v  -0.1664539 0.017820179 -0.15600336
v  -0.16653579 0.0099868476 -0.15592146
v  -0.17844701 0.017873172 -0.1629281
v  -0.1785289 0.01003984 -0.16284621
v  -0.16898805 0.017850164 -0.15566987
v  -0.16772085 0.01783517 -0.15583673
v  -0.16906995 0.010016833 -0.15558797
v  -0.17746872 0.017887637 -0.16056645
v  -0.17755061 0.010054305 -0.16048455
v  -0.17152256 0.017873172 -0.15600365
v  -0.17160445 0.01003984 -0.15592176
v  -0.17591244 0.017892569 -0.15853819
v  -0.17599434 0.010059237 -0.1584563
v  -0.17388439 0.017887637 -0.15698215
v  -0.17396629 0.010054305 -0.15690026
v  -0.17648101 0.021233082 0.16069865
v  -0.17637336 0.021232486 0.16059455
v  -0.17658108 0.021237511 0.16086519
v  -0.17779678 0.021270245 0.16288996
v  -0.17150557 0.021150194 0.157437
v  -0.17850029 0.021303847 0.1653474
v  -0.17854393 0.021331575 0.16790333
v  -0.16643655 0.021097198 0.15743726
v  -0.17792457 0.021351553 0.17038369
v  -0.1640749 0.021082737 0.15841562
v  -0.17668432 0.021362402 0.17261893
v  -0.16204661 0.021077801 0.15997183
v  -0.17490798 0.021363422 0.17445725
v  -0.16049057 0.021082737 0.16199994
v  -0.17271614 0.021354489 0.17577323
v  -0.1595121 0.021097198 0.16436175
v  -0.17025882 0.021336257 0.17647716
v  -0.15917832 0.021120209 0.16689628
v  -0.16770285 0.021309972 0.17652115
v  -0.15951198 0.021150194 0.16943058
v  -0.17842931 0.021294978 0.16436073
v  -0.17876273 0.021324962 0.16689521
v  -0.17842883 0.02134797 0.16942951
v  -0.17745054 0.021362435 0.17179123
v  -0.17589432 0.021367371 0.17381948
v  -0.17386621 0.021362435 0.17537555
v  -0.17150432 0.02134797 0.17635399
v  -0.16896999 0.021324962 0.17668796
v  -0.16204602 0.021222588 0.1738202
v  -0.16223025 0.0035976022 0.1740045
v  -0.16067427 0.0035601296 0.17197645
v  -0.16407394 0.021260057 0.17537606
v  -0.16425818 0.0036350712 0.17556036
v  -0.15969622 0.0035252124 0.16961485
v  -0.16643572 0.021294978 0.17635432
v  -0.16661996 0.0036699958 0.17653859
v  -0.15936255 0.0034952275 0.16708058
v  -0.16915423 0.0036999807 0.17687225
v  -0.15969634 0.0034722164 0.16454604
v  -0.17168856 0.0037229881 0.17653829
v  -0.16067481 0.0034577549 0.16218421
v  -0.17405045 0.0037374496 0.17555982
v  -0.16223085 0.0034528151 0.1601561
v  -0.17607856 0.0037423857 0.17400375
v  -0.16425914 0.0034577549 0.15859991
v  -0.17763478 0.0037374496 0.17197552
v  -0.16662079 0.0034722164 0.15762156
v  -0.17861307 0.0037229881 0.16961381
v  -0.16915536 0.0034952275 0.15728781
v  -0.17894697 0.0036999807 0.16707948
v  -0.17168981 0.0035252124 0.15762129
v  -0.17861354 0.0036699958 0.16454503
v  -0.17386717 0.021185115 0.15841508
v  -0.1740514 0.0035601296 0.15859935
v  -0.17763531 0.0036350712 0.16218325
v  -0.17745107 0.021260057 0.16199899
v  -0.17589498 0.021222588 0.15997124
v  -0.17607921 0.0035976022 0.16015553
v  0.012656748 0.038956434 -0.016116431
v  0.024427056 0.038710296 -0.027886754
v  0.014041662 0.038956434 -0.014731532
v  0.02581197 0.038710296 -0.026501855
v  -0.18798757 0.010165229 -0.16031244
v  -0.18603069 0.010194156 -0.1555889
v  -0.18291807 0.010204021 -0.15153256
v  -0.17886192 0.010194156 -0.14842013
v  -0.17413843 0.010165229 -0.14646327
v  -0.15015388 0.0096636862 -0.1704478
v  -0.16906959 0.010119207 -0.14579594
v  -0.14948636 0.0097097009 -0.16537917
v  -0.16400075 0.010059237 -0.14646271
v  -0.15015334 0.0097696744 -0.16031015
v  -0.18291956 0.0099144503 -0.17922935
v  -0.17886358 0.0098395087 -0.18234119
v  -0.18603158 0.0099893995 -0.17517319
v  -0.18798798 0.010059237 -0.17044991
v  -0.17414051 0.0097696744 -0.18429735
v  -0.1886549 0.010119207 -0.16538128
v  -0.16907167 0.0097097009 -0.18496451
v  -0.16400307 0.0096636862 -0.18429697
v  -0.15927929 0.0096347556 -0.18234029
v  -0.15522301 0.0096248873 -0.17922765
v  -0.15211052 0.0096347556 -0.17517152
v  -0.16410309 0.0002675876 -0.14636034
v  -0.15025568 -2.1979213e-05 -0.16020778
v  -0.1495887 -8.1948936e-05 -0.16527677
v  -0.15025622 -0.00012796745 -0.17034543
v  -0.15221286 -0.00015689805 -0.17506912
v  -0.15532535 -0.00016676262 -0.17912525
v  -0.15938163 -0.00015689805 -0.18223789
v  -0.16410542 -0.00012796745 -0.18419459
v  -0.16917402 -8.1948936e-05 -0.18486211
v  -0.17424285 -2.1979213e-05 -0.18419498
v  -0.17896593 4.7855079e-05 -0.18223882
v  -0.1830219 0.00012280047 -0.17912695
v  -0.18613392 0.00019774586 -0.17507079
v  -0.18809032 0.0002675876 -0.17034754
v  -0.18875724 0.00032755733 -0.16527888
v  -0.18808991 0.00037357584 -0.16021004
v  -0.18613303 0.00040250272 -0.15548652
v  -0.18302041 0.00041237101 -0.15143019
v  -0.17896426 0.00040250272 -0.14831775
v  -0.17424077 0.00037357584 -0.14636087
v  -0.16917193 0.00032755733 -0.14569354
v  -0.030966043 0.039303914 -0.026504969
v  -0.029581308 0.039274953 -0.027889704
v  -0.019194394 0.039303914 -0.014733335
v  -0.017809659 0.039274953 -0.01611807
v  -0.03064388 -0.029237647 -0.02474957
v  -0.018872261 -0.029237645 -0.012977935
v  -0.017487526 -0.029266601 -0.01436267
v  -0.029259145 -0.029266601 -0.026134305
v  0.014043123 0.039274961 0.01573471
v  0.025814742 0.039274961 0.027506331
v  0.012658387 0.039303914 0.017119447
v  0.024430007 0.039303914 0.028891066
v  0.020558119 0.00010833889 0.023068715
v  0.019173384 0.00013729185 0.02445345
v  0.01986593 0.00012281165 0.023760904
v  0.15339258 -0.0032496005 -0.16526011
v  0.15372601 -0.0032795854 -0.16779453
v  0.15357685 0.014375385 -0.16544437
v  0.15391028 0.0143454 -0.16797879
v  0.15454268 0.014320668 -0.16944948
v  0.15470415 -0.0033145044 -0.17015618
v  0.15488842 0.014310479 -0.17034045
v  0.15391067 0.014398392 -0.16290992
v  0.1537264 -0.0032265913 -0.16272566
v  0.15575844 0.014287934 -0.17147431
v  0.15585852 0.014283501 -0.17164087
v  0.15626031 -0.0033519771 -0.17218399
v  0.15488896 0.014412858 -0.16054821
v  0.15470469 -0.0032121278 -0.16036394
v  0.15847239 0.014235534 -0.17392442
v  0.15828812 -0.0033894498 -0.17374015
v  0.15644529 0.01441779 -0.15852007
v  0.15626103 -0.0032071937 -0.1583358
v  0.16083401 0.014200617 -0.17490253
v  0.16064975 -0.0034243688 -0.17471826
v  0.15847328 0.014412858 -0.15696391
v  0.15828902 -0.0032121278 -0.15677965
v  0.1631842 -0.0034543537 -0.17505172
v  0.16083515 0.014398392 -0.15598544
v  0.16065088 -0.0032265913 -0.15580118
v  0.16590291 0.014147621 -0.1749022
v  0.16571864 -0.0034773629 -0.1747179
v  0.1633696 0.014375385 -0.1556516
v  0.16318533 -0.0032496005 -0.15546733
v  0.1682646 0.014133155 -0.17392388
v  0.16808033 -0.0034918264 -0.17373958
v  0.16463676 0.014360391 -0.15581843
v  0.16571957 -0.0032795854 -0.15580094
v  0.16590384 0.0143454 -0.15598524
v  0.17029276 0.014128223 -0.17236754
v  0.1701085 -0.0034967605 -0.17218328
v  0.16808122 -0.0033145044 -0.15677908
v  0.16826549 0.014310479 -0.15696335
v  0.17184892 0.014133159 -0.17033955
v  0.17166466 -0.0034918264 -0.17015529
v  0.17029354 0.014273006 -0.15851933
v  0.17010927 -0.0033519771 -0.15833503
v  0.17282739 0.014147621 -0.16797772
v  0.17264313 -0.0034773629 -0.16779342
v  0.17166522 -0.0033894479 -0.16036308
v  0.17316124 0.014170632 -0.16544324
v  0.17297697 -0.0034543537 -0.16525897
v  0.17264333 -0.0034243669 -0.1627247
v  0.1728276 0.014200617 -0.16290897
v  0.15383911 0.01435427 -0.16699201
v  0.15379548 0.014381997 -0.1644361
v  0.15441504 0.014401972 -0.16195583
v  0.15565512 0.014412828 -0.15972051
v  0.15743154 0.014413845 -0.15788221
v  0.1596233 0.014404912 -0.15656617
v  0.16208073 0.01438668 -0.15586236
v  -0.17851847 0.017829046 -0.16701028
v  -0.1785621 0.017856777 -0.16445434
v  -0.17794269 0.017876755 -0.16197395
v  -0.17670256 0.017887603 -0.15973878
v  -0.1749261 0.017888624 -0.15790045
v  -0.17273432 0.017879691 -0.15658447
v  -0.170277 0.017861459 -0.15588045
v  -0.025833338 0.00060059503 0.023758564
v  -0.038296103 0.00084672868 0.03483646
v  -0.026525795 0.00060059503 0.023066122
v  -0.088666037 0.024022678 -0.11899793
v  -0.089973554 0.024059037 -0.1168279
v  -0.16553196 0.024523392 -0.1643263
v  -0.16507234 0.024510587 -0.16509137
v  -0.16600689 0.024536625 -0.16353571
v  -0.16642557 0.024548288 -0.16283874
v  -0.16667026 0.024550259 -0.16289501
v  -0.16667205 0.02437932 -0.16289322
v  -0.16527784 0.024511466 -0.16521287
v  -0.16527963 0.024340527 -0.16521108
v  -0.1220362 0.023166878 -0.24573913
v  -0.11986602 0.023157861 -0.24443139
v  -0.16735253 0.024615282 -0.16887817
v  -0.16811764 0.024618477 -0.16933788
v  -0.16656189 0.024611983 -0.16840316
v  -0.16586488 0.024609074 -0.16798441
v  -0.16592112 0.02461222 -0.16773972
v  -0.16592291 0.024441283 -0.16773793
v  -0.16823912 0.024621895 -0.1691324
v  -0.1682409 0.024450958 -0.16913061
v  -0.1663447 0.025720619 -0.16659677
v  -0.16626267 0.025245909 -0.16748857
v  -0.16587025 0.025249206 -0.16678074
v  -0.1666719 0.025717869 -0.16718698
v  -0.16688389 0.026103187 -0.16638675
v  -0.16713721 0.02610106 -0.16684368
v  -0.16721182 0.025761317 -0.16357152
v  -0.16637897 0.025741659 -0.16461869
v  -0.16672644 0.025751341 -0.16404028
v  -0.16780198 0.025770906 -0.16324437
v  -0.16619307 0.025732934 -0.16526735
v  -0.16845667 0.02577946 -0.16308111
v  -0.16618136 0.025725756 -0.16594204
v  -0.16913138 0.025786391 -0.16309288
v  -0.16978005 0.025791228 -0.16327889
v  -0.17035849 0.025793642 -0.16362643
v  -0.16714069 0.025717696 -0.16767237
v  -0.17082733 0.025793469 -0.16411182
v  -0.16771916 0.02572011 -0.16801991
v  -0.17115453 0.025790719 -0.16470201
v  -0.16836783 0.025724947 -0.16820589
v  -0.17131785 0.02578558 -0.16535676
v  -0.16904253 0.02573188 -0.16821766
v  -0.17130616 0.025778405 -0.16603146
v  -0.16969725 0.025740432 -0.16805442
v  -0.17112023 0.025769679 -0.16668011
v  -0.17028742 0.025750022 -0.16772728
v  -0.17077275 0.025759999 -0.16725852
v  -0.16682489 0.0252457 -0.1680707
v  -0.16592032 0.024697693 -0.16774042
v  -0.16547307 0.02470145 -0.16693379
v  -0.16691017 0.025298014 -0.16315253
v  -0.16591135 0.025274441 -0.16440842
v  -0.16632807 0.025286051 -0.16371471
v  -0.16761795 0.025309518 -0.16276018
v  -0.1656884 0.025263976 -0.16518633
v  -0.16840315 0.025319774 -0.16256438
v  -0.16567436 0.025255369 -0.16599549
v  -0.16921231 0.025328087 -0.16257851
v  -0.16999027 0.025333889 -0.16280155
v  -0.17068404 0.025336783 -0.16321836
v  -0.17124626 0.025336575 -0.16380051
v  -0.16751865 0.025248596 -0.1684875
v  -0.1716387 0.025333278 -0.16450833
v  -0.16829661 0.025254399 -0.16871057
v  -0.17183459 0.025327116 -0.16529356
v  -0.16910577 0.02526271 -0.1687247
v  -0.17182054 0.025318509 -0.16610274
v  -0.169891 0.025272969 -0.1685289
v  -0.17159757 0.025308043 -0.16688068
v  -0.17059878 0.025284469 -0.16813654
v  -0.17118083 0.025296435 -0.16757436
v  -0.16747348 0.026386762 -0.16615623
v  -0.16764618 0.026385311 -0.16646773
v  -0.16755518 0.026134694 -0.16404468
v  -0.16691044 0.026119476 -0.16485539
v  -0.16717944 0.026126971 -0.16440758
v  -0.16801205 0.026142118 -0.16379142
v  -0.16676652 0.02611272 -0.16535755
v  -0.16851893 0.02614874 -0.16366503
v  -0.16675745 0.026107166 -0.16587988
v  -0.16904126 0.026154106 -0.16367415
v  -0.16954345 0.026157852 -0.16381812
v  -0.16999125 0.02615972 -0.16408721
v  -0.16750014 0.026100926 -0.16721945
v  -0.17035422 0.026159586 -0.16446295
v  -0.16794796 0.026102794 -0.16748849
v  -0.17060751 0.026157457 -0.16491987
v  -0.16845016 0.02610654 -0.16763249
v  -0.17073397 0.026153479 -0.16542676
v  -0.16897249 0.026111905 -0.1676416
v  -0.1707249 0.026147924 -0.16594908
v  -0.16947934 0.026118526 -0.16751522
v  -0.17058095 0.026141169 -0.16645126
v  -0.16993622 0.026125951 -0.16726193
v  -0.17031196 0.026133675 -0.16689904
v  -0.1665611 0.024697457 -0.16840388
v  -0.16551995 0.024730209 -0.16423009
v  -0.16665825 0.024757076 -0.16279884
v  -0.1659949 0.024743441 -0.16343953
v  -0.16746487 0.024770185 -0.16235168
v  -0.16526581 0.024718283 -0.16511668
v  -0.16835976 0.024781873 -0.16212854
v  -0.16524984 0.024708472 -0.16603887
v  -0.16928193 0.024791349 -0.16214463
v  -0.17016855 0.024797959 -0.16239886
v  -0.17056385 0.02479961 -0.16263637
v  -0.17095919 0.02480126 -0.16287388
v  -0.17159994 0.024801023 -0.16353732
v  -0.16735172 0.024700755 -0.1688789
v  -0.17204717 0.024797264 -0.16434398
v  -0.16823833 0.024707368 -0.16913313
v  -0.17227042 0.024790242 -0.16523889
v  -0.16916052 0.024716841 -0.16914921
v  -0.17225444 0.024780434 -0.16616106
v  -0.17005539 0.024728531 -0.16892606
v  -0.17200032 0.024768505 -0.16704765
v  -0.17086199 0.024741638 -0.16847891
v  -0.17152537 0.024755273 -0.16783823
v  -0.16793115 0.026408242 -0.16455947
v  -0.16749157 0.026397867 -0.16511218
v  -0.167675 0.026402976 -0.16480687
v  -0.16824265 0.026413305 -0.16438678
v  -0.16739346 0.026393263 -0.16545452
v  -0.16858824 0.026417818 -0.16430062
v  -0.16738729 0.026389474 -0.16581063
v  -0.16894434 0.026421476 -0.16430683
v  -0.16928668 0.02642403 -0.164405
v  -0.16959204 0.026425306 -0.16458844
v  -0.16789363 0.02638522 -0.16672394
v  -0.16983946 0.026425213 -0.16484463
v  -0.16819896 0.026386494 -0.16690737
v  -0.17001218 0.026423762 -0.16515614
v  -0.16854133 0.026389048 -0.16700554
v  -0.17009838 0.02642105 -0.16550174
v  -0.16889744 0.026392706 -0.16701174
v  -0.1700922 0.026417263 -0.16585782
v  -0.16924302 0.026397219 -0.16692559
v  -0.16999406 0.026412657 -0.16620019
v  -0.16955449 0.026402282 -0.16675292
v  -0.16981067 0.026407547 -0.1665055
v  -0.16809787 0.026563823 -0.16591132
v  -0.16818537 0.026563087 -0.16606918
v  -0.16848762 0.026577272 -0.16501471
v  -0.16866274 0.026579559 -0.16497105
v  -0.16884319 0.026581414 -0.1649742
v  -0.16901667 0.026582707 -0.16502394
v  -0.16917135 0.026583353 -0.16511689
v  -0.16929679 0.026583306 -0.16524671
v  -0.16938429 0.026582573 -0.16540456
v  -0.16942796 0.026581198 -0.16557968
v  -0.16942485 0.026579278 -0.16576013
v  -0.16937511 0.026576944 -0.16593361
v  -0.16928218 0.026574355 -0.16608831
v  -0.16915235 0.026571687 -0.16621366
v  -0.16899453 0.026569121 -0.16630118
v  -0.16881941 0.026566833 -0.16634484
v  -0.16863896 0.026564982 -0.16634169
v  -0.16846548 0.026563687 -0.16629195
v  -0.16831076 0.026563041 -0.16619898
v  -0.16805419 0.026565198 -0.1657362
v  -0.16805731 0.026567116 -0.16555576
v  -0.16810705 0.02656945 -0.16538228
v  -0.16819997 0.026572039 -0.16522759
v  -0.16832979 0.026574709 -0.1651022
v  0.24355751 0.0240245 0.21339805
v  0.24225 0.024060858 0.21556808
v  0.16669156 0.024525214 0.16806972
v  0.16715118 0.02451241 0.16730464
v  0.16621663 0.024538446 0.1688603
v  0.16579795 0.02455011 0.16955727
v  0.16555326 0.024552081 0.16950101
v  0.16555147 0.024381144 0.16950279
v  0.16694568 0.024513287 0.16718315
v  0.16694389 0.024342351 0.16718493
v  0.21018738 0.0231687 0.086656876
v  0.21235755 0.023159683 0.087964624
v  0.16487104 0.024617106 0.16351788
v  0.16410592 0.024620298 0.16305816
v  0.16566166 0.024613805 0.1639929
v  0.16635868 0.024610896 0.16441163
v  0.16630244 0.024614042 0.16465634
v  0.16630065 0.024443105 0.16465813
v  0.16398443 0.024623716 0.16326365
v  0.16398264 0.024452779 0.16326544
v  0.16587886 0.02572244 0.1657992
v  0.16596089 0.02524773 0.1649074
v  0.16635332 0.025251027 0.16561523
v  0.16555166 0.025719691 0.165209
v  0.16533968 0.026105009 0.16600922
v  0.16508636 0.026102882 0.16555229
v  0.16501175 0.025763139 0.16882445
v  0.16584459 0.025743481 0.16777728
v  0.16549712 0.025753163 0.16835569
v  0.16442159 0.025772728 0.1691516
v  0.1660305 0.025734756 0.16712862
v  0.16376689 0.025781281 0.16931486
v  0.16604221 0.025727578 0.16645393
v  0.16309218 0.025788212 0.16930309
v  0.16244352 0.025793049 0.16911708
v  0.16186507 0.025795463 0.16876954
v  0.16508287 0.025719518 0.1647236
v  0.16139624 0.02579529 0.16828415
v  0.16450441 0.025721932 0.16437607
v  0.16106904 0.025792541 0.16769396
v  0.16385573 0.025726769 0.16419008
v  0.16090572 0.025787402 0.16703922
v  0.16318104 0.025733702 0.16417831
v  0.1609174 0.025780227 0.16636451
v  0.16252631 0.025742253 0.16434155
v  0.16110334 0.025771501 0.16571586
v  0.16193615 0.025751844 0.16466869
v  0.16145082 0.02576182 0.16513745
v  0.16539867 0.025247522 0.16432527
v  0.16630325 0.024699515 0.16465555
v  0.16675049 0.024703272 0.16546218
v  0.16531339 0.025299836 0.16924344
v  0.16631222 0.025276262 0.16798756
v  0.16589549 0.025287872 0.16868126
v  0.16460562 0.02531134 0.16963579
v  0.16653517 0.025265798 0.16720964
v  0.16382042 0.025321595 0.16983159
v  0.16654921 0.025257191 0.16640048
v  0.16301125 0.025329908 0.16981746
v  0.16223329 0.02533571 0.16959442
v  0.16153952 0.025338605 0.16917761
v  0.1609773 0.025338396 0.16859546
v  0.16470492 0.025250418 0.16390847
v  0.16058487 0.0253351 0.16788764
v  0.16392696 0.02525622 0.1636854
v  0.16038898 0.025328938 0.16710241
v  0.1631178 0.025264531 0.16367127
v  0.16040303 0.025320331 0.16629323
v  0.16233256 0.025274791 0.16386707
v  0.16062599 0.025309864 0.16551529
v  0.16162479 0.025286291 0.16425943
v  0.16104273 0.025298256 0.16482161
v  0.16475008 0.026388584 0.16623974
v  0.16457738 0.026387133 0.16592824
v  0.16466838 0.026136516 0.16835129
v  0.16531312 0.026121298 0.16754058
v  0.16504413 0.026128793 0.16798839
v  0.16421151 0.02614394 0.16860455
v  0.16545704 0.026114542 0.16703843
v  0.16370463 0.026150562 0.16873094
v  0.16546611 0.026108988 0.1665161
v  0.1631823 0.026155928 0.16872182
v  0.16268012 0.026159674 0.16857785
v  0.16223231 0.026161542 0.16830876
v  0.16472343 0.026102748 0.16517653
v  0.16186935 0.026161408 0.16793302
v  0.1642756 0.026104616 0.16490749
v  0.16161606 0.026159279 0.1674761
v  0.1637734 0.026108362 0.16476348
v  0.16148959 0.0261553 0.16696921
v  0.16325107 0.026113726 0.16475438
v  0.16149867 0.026149746 0.16644689
v  0.16274422 0.026120348 0.16488075
v  0.16164261 0.02614299 0.16594471
v  0.16228734 0.026127772 0.16513404
v  0.16191161 0.026135497 0.16549693
v  0.16566247 0.024699278 0.16399209
v  0.16670361 0.024732031 0.16816588
v  0.16556531 0.024758898 0.16959713
v  0.16622867 0.024745263 0.16895644
v  0.1647587 0.024772007 0.17004429
v  0.16695775 0.024720104 0.16727929
v  0.16386381 0.024783695 0.17026743
v  0.16697372 0.024710294 0.1663571
v  0.16294163 0.02479317 0.17025134
v  0.16205502 0.024799781 0.16999711
v  0.16165972 0.024801431 0.1697596
v  0.16126437 0.024803082 0.16952209
v  0.16062362 0.024802845 0.16885865
v  0.16487184 0.024702577 0.16351707
v  0.1601764 0.024799086 0.16805199
v  0.16398524 0.024709189 0.16326284
v  0.15995315 0.024792064 0.16715708
v  0.16306305 0.024718663 0.16324677
v  0.15996912 0.024782255 0.16623491
v  0.16216817 0.024730353 0.16346991
v  0.16022325 0.024770327 0.16534832
v  0.16136158 0.02474346 0.16391706
v  0.16069819 0.024757095 0.16455774
v  0.16429241 0.026410064 0.1678365
v  0.16473199 0.026399689 0.16728379
v  0.16454856 0.026404798 0.1675891
v  0.16398092 0.026415126 0.16800919
v  0.1648301 0.026395084 0.16694145
v  0.16363533 0.02641964 0.16809535
v  0.16483627 0.026391296 0.16658534
v  0.16327922 0.026423298 0.16808914
v  0.16293688 0.026425852 0.16799097
v  0.16263153 0.026427127 0.16780753
v  0.16432993 0.026387041 0.16567203
v  0.16238411 0.026427034 0.16755134
v  0.16402461 0.026388315 0.1654886
v  0.16221139 0.026425583 0.16723983
v  0.16368224 0.026390869 0.16539043
v  0.16212519 0.026422871 0.16689423
v  0.16332613 0.026394527 0.16538423
v  0.16213137 0.026419085 0.16653815
v  0.16298054 0.026399041 0.16547038
v  0.16222951 0.026414478 0.16619578
v  0.16266908 0.026404103 0.16564305
v  0.1624129 0.026409369 0.16589047
v  0.1641257 0.026565645 0.16648465
v  0.1640382 0.026564909 0.16632679
v  0.16373594 0.026579093 0.16738126
v  0.16356082 0.026581381 0.16742492
v  0.16338037 0.026583236 0.16742177
v  0.16320689 0.026584528 0.16737203
v  0.16305222 0.026585175 0.16727908
v  0.16292678 0.026585128 0.16714926
v  0.16283928 0.026584394 0.16699141
v  0.1627956 0.02658302 0.16681629
v  0.16279872 0.026581099 0.16663584
v  0.16284846 0.026578765 0.16646236
v  0.16294138 0.026576176 0.16630766
v  0.16307122 0.026573509 0.16618231
v  0.16322903 0.026570942 0.16609479
v  0.16340415 0.026568655 0.16605113
v  0.1635846 0.026566803 0.16605428
v  0.16375808 0.026565509 0.16610402
v  0.1639128 0.026564863 0.16619699
v  0.16416937 0.02656702 0.16665977
v  0.16416626 0.026568938 0.16684021
v  0.16411652 0.026571272 0.16701369
v  0.16402359 0.026573861 0.16716838
v  0.16389377 0.02657653 0.16729377
v  0.24369168 0.020547897 -0.11897965
v  0.24238417 0.020584255 -0.11680961
v  0.16682573 0.021048611 -0.16430798
v  0.16728535 0.021035805 -0.16507305
v  0.1663508 0.021061843 -0.16351739
v  0.16593212 0.021073507 -0.16282043
v  0.16568743 0.021075478 -0.1628767
v  0.16568564 0.020904539 -0.16287491
v  0.16707985 0.021036685 -0.16519454
v  0.16707806 0.020865748 -0.16519275
v  0.2103215 0.019692095 -0.24572083
v  0.21249168 0.019683078 -0.24441308
v  0.16500516 0.021140501 -0.16885984
v  0.16424003 0.021143693 -0.16931954
v  0.1657958 0.0211372 -0.16838482
v  0.1664928 0.021134291 -0.16796607
v  0.16643657 0.021137439 -0.16772138
v  0.16643478 0.0209665 -0.16771959
v  0.16411856 0.021147113 -0.16911405
v  0.16411677 0.020976175 -0.16911227
v  0.16601297 0.022245839 -0.1665785
v  0.166095 0.021771129 -0.16747031
v  0.16648743 0.021774426 -0.16676247
v  0.16568577 0.02224309 -0.16716871
v  0.16547379 0.022628408 -0.16636848
v  0.16522047 0.022626281 -0.16682541
v  0.16514586 0.022286538 -0.16355325
v  0.1659787 0.02226688 -0.16460042
v  0.16563123 0.022276562 -0.16402201
v  0.1645557 0.022296127 -0.1632261
v  0.16616461 0.022258155 -0.16524908
v  0.163901 0.02230468 -0.16306284
v  0.16617632 0.022250976 -0.16592377
v  0.16322629 0.022311611 -0.16307461
v  0.16257763 0.022316448 -0.16326062
v  0.16199918 0.022318862 -0.16360816
v  0.16521698 0.022242917 -0.1676541
v  0.16153035 0.022318689 -0.16409355
v  0.16463852 0.022245331 -0.16800164
v  0.16120315 0.02231594 -0.16468374
v  0.16398984 0.022250168 -0.16818762
v  0.16103983 0.022310801 -0.16533849
v  0.16331515 0.022257101 -0.16819939
v  0.16105151 0.022303626 -0.1660132
v  0.16266042 0.022265652 -0.16803615
v  0.16123745 0.022294899 -0.16666184
v  0.16207026 0.022275243 -0.16770901
v  0.16158493 0.022285219 -0.16724025
v  0.16553278 0.021770921 -0.16805243
v  0.16643736 0.021222914 -0.16772215
v  0.1668846 0.021226671 -0.16691552
v  0.1654475 0.021823235 -0.16313426
v  0.16644633 0.021799661 -0.16439015
v  0.1660296 0.021811271 -0.16369644
v  0.16473973 0.021834739 -0.16274191
v  0.16666928 0.021789197 -0.16516806
v  0.16395453 0.021844994 -0.16254611
v  0.16668332 0.02178059 -0.16597722
v  0.16314536 0.021853307 -0.16256024
v  0.1623674 0.021859109 -0.16278328
v  0.16167364 0.021862004 -0.1632001
v  0.16111141 0.021861795 -0.16378224
v  0.16483903 0.021773817 -0.16846924
v  0.16071898 0.021858498 -0.16449006
v  0.16406107 0.021779619 -0.16869231
v  0.16052309 0.021852337 -0.16527529
v  0.16325191 0.02178793 -0.16870643
v  0.16053714 0.02184373 -0.16608447
v  0.16246668 0.02179819 -0.16851063
v  0.1607601 0.021833263 -0.16686241
v  0.1617589 0.02180969 -0.16811827
v  0.16117685 0.021821655 -0.16755609
v  0.16488419 0.022911983 -0.16613796
v  0.16471149 0.022910532 -0.16644946
v  0.16480249 0.022659915 -0.16402641
v  0.16544724 0.022644697 -0.16483712
v  0.16517824 0.022652192 -0.16438931
v  0.16434562 0.022667339 -0.16377315
v  0.16559115 0.022637941 -0.16533928
v  0.16383874 0.022673961 -0.16364676
v  0.16560023 0.022632387 -0.16586161
v  0.16331641 0.022679327 -0.16365588
v  0.16281423 0.022683073 -0.16379985
v  0.16236642 0.022684941 -0.16406894
v  0.16485754 0.022626147 -0.16720118
v  0.16200346 0.022684807 -0.16444468
v  0.16440971 0.022628015 -0.16747022
v  0.16175017 0.022682678 -0.1649016
v  0.16390751 0.022631761 -0.16761422
v  0.1616237 0.022678699 -0.16540849
v  0.16338518 0.022637125 -0.16762333
v  0.16163278 0.022673145 -0.16593081
v  0.16287833 0.022643747 -0.16749695
v  0.16177672 0.022666389 -0.16643299
v  0.16242145 0.022651171 -0.16724366
v  0.16204572 0.022658896 -0.16688077
v  0.16579658 0.021222677 -0.16838561
v  0.16683772 0.02125543 -0.16421182
v  0.16569942 0.021282297 -0.16278057
v  0.16636278 0.021268662 -0.16342126
v  0.16489281 0.021295406 -0.16233341
v  0.16709186 0.021243503 -0.16509841
v  0.16399792 0.021307094 -0.16211027
v  0.16710784 0.021233693 -0.1660206
v  0.16307575 0.021316569 -0.16212636
v  0.16218913 0.02132318 -0.16238059
v  0.16179383 0.02132483 -0.1626181
v  0.16139849 0.02132648 -0.16285561
v  0.16075774 0.021326244 -0.16351905
v  0.16500595 0.021225976 -0.16886063
v  0.16031051 0.021322485 -0.16432571
v  0.16411935 0.021232588 -0.16911486
v  0.16008726 0.021315463 -0.16522062
v  0.16319716 0.021242062 -0.16913094
v  0.16010323 0.021305654 -0.16614279
v  0.16230229 0.021253752 -0.16890779
v  0.16035736 0.021293726 -0.16702938
v  0.16149569 0.021266859 -0.16846064
v  0.1608323 0.021280494 -0.16781996
v  0.16442652 0.022933463 -0.1645412
v  0.1648661 0.022923088 -0.16509391
v  0.16468267 0.022928197 -0.1647886
v  0.16411503 0.022938525 -0.16436851
v  0.16496421 0.022918483 -0.16543625
v  0.16376944 0.022943038 -0.16428235
v  0.16497038 0.022914695 -0.16579236
v  0.16341333 0.022946697 -0.16428857
v  0.16307099 0.02294925 -0.16438673
v  0.16276564 0.022950526 -0.16457017
v  0.16446404 0.02291044 -0.16670567
v  0.16251822 0.022950433 -0.16482636
v  0.16415872 0.022911714 -0.1668891
v  0.1623455 0.022948982 -0.16513787
v  0.16381635 0.022914268 -0.16698727
v  0.1622593 0.02294627 -0.16548347
v  0.16346024 0.022917926 -0.16699347
v  0.16226548 0.022942483 -0.16583955
v  0.16311465 0.02292244 -0.16690733
v  0.16236362 0.022937877 -0.16618192
v  0.16280319 0.022927502 -0.16673465
v  0.16254701 0.022932768 -0.16648723
v  0.16425981 0.023089044 -0.16589305
v  0.16417231 0.023088308 -0.16605091
v  0.16387005 0.023102492 -0.16499645
v  0.16369493 0.023104779 -0.16495278
v  0.16351448 0.023106635 -0.16495593
v  0.163341 0.023107927 -0.16500567
v  0.16318633 0.023108574 -0.16509862
v  0.16306089 0.023108527 -0.16522844
v  0.16297339 0.023107793 -0.16538629
v  0.16292971 0.023106419 -0.16556141
v  0.16293283 0.023104498 -0.16574186
v  0.16298257 0.023102164 -0.16591534
v  0.16307549 0.023099575 -0.16607004
v  0.16320533 0.023096908 -0.16619539
v  0.16336314 0.023094341 -0.16628291
v  0.16353826 0.023092054 -0.16632657
v  0.16371872 0.023090202 -0.16632342
v  0.16389219 0.023088908 -0.16627368
v  0.16404691 0.023088261 -0.16618071
v  0.16430348 0.023090418 -0.16571793
v  0.16430037 0.023092337 -0.16553749
v  0.16425063 0.023094671 -0.16536401
v  0.1641577 0.02309726 -0.16520932
v  0.16402788 0.023099929 -0.16508393
v  -0.08864779 0.027497478 0.21335983
v  -0.0899553 0.027533839 0.21552986
v  -0.16551375 0.027998194 0.16803151
v  -0.16505413 0.027985388 0.16726643
v  -0.16598868 0.028011424 0.16882209
v  -0.16640735 0.02802309 0.16951907
v  -0.16665205 0.028025061 0.1694628
v  -0.16665384 0.027854122 0.16946459
v  -0.16525963 0.027986268 0.16714494
v  -0.16526142 0.027815329 0.16714673
v  -0.12201798 0.026641676 0.086618669
v  -0.1198478 0.026632659 0.087926418
v  -0.16733432 0.028090084 0.16347967
v  -0.16809943 0.028093278 0.16301996
v  -0.16654368 0.028086785 0.16395469
v  -0.16584666 0.028083876 0.16437343
v  -0.1659029 0.028087022 0.16461813
v  -0.16590469 0.027916083 0.16461992
v  -0.16822091 0.028096696 0.16322544
v  -0.1682227 0.027925758 0.16322723
v  -0.16632646 0.029195417 0.16576099
v  -0.16624443 0.028720707 0.16486919
v  -0.16585201 0.028724004 0.16557702
v  -0.16665366 0.029192667 0.16517079
v  -0.16686565 0.029577985 0.16597101
v  -0.16711897 0.029575858 0.16551408
v  -0.16719358 0.029236116 0.16878624
v  -0.16636074 0.029216457 0.16773908
v  -0.1667082 0.029226139 0.16831748
v  -0.16778374 0.029245704 0.1691134
v  -0.16617483 0.029207733 0.16709042
v  -0.16843843 0.029254258 0.16927665
v  -0.16616312 0.029200554 0.16641572
v  -0.16911314 0.029261189 0.16926488
v  -0.16976181 0.029266026 0.16907887
v  -0.17034025 0.02926844 0.16873133
v  -0.16712245 0.029192494 0.1646854
v  -0.17080909 0.029268267 0.16824594
v  -0.16770092 0.029194908 0.16433786
v  -0.17113629 0.029265517 0.16765575
v  -0.16834959 0.029199746 0.16415188
v  -0.17129961 0.029260378 0.16700101
v  -0.16902429 0.029206678 0.16414011
v  -0.17128792 0.029253203 0.1663263
v  -0.16967902 0.02921523 0.16430335
v  -0.17110199 0.029244477 0.16567765
v  -0.17026918 0.02922482 0.16463049
v  -0.17075451 0.029234797 0.16509925
v  -0.16680665 0.028720498 0.16428706
v  -0.16590208 0.028172491 0.16461734
v  -0.16545483 0.028176248 0.16542397
v  -0.16689193 0.028772812 0.16920523
v  -0.16589311 0.028749239 0.16794935
v  -0.16630983 0.028760849 0.16864306
v  -0.16759971 0.028784316 0.16959758
v  -0.16567016 0.028738774 0.16717143
v  -0.16838491 0.028794572 0.16979338
v  -0.16565612 0.028730167 0.16636227
v  -0.16919407 0.028802885 0.16977926
v  -0.16997203 0.028808687 0.16955622
v  -0.1706658 0.028811581 0.1691394
v  -0.17122802 0.028811373 0.16855726
v  -0.16750041 0.028723394 0.16387026
v  -0.17162046 0.028808076 0.16784944
v  -0.16827837 0.028729197 0.16364719
v  -0.17181635 0.028801914 0.1670642
v  -0.16908753 0.028737508 0.16363306
v  -0.1718023 0.028793307 0.16625503
v  -0.16987276 0.028747767 0.16382886
v  -0.17157933 0.028782841 0.16547708
v  -0.17058054 0.028759267 0.16422123
v  -0.17116259 0.028771233 0.1647834
v  -0.16745524 0.02986156 0.16620153
v  -0.16762795 0.029860109 0.16589004
v  -0.16753694 0.029609492 0.16831309
v  -0.1668922 0.029594274 0.16750237
v  -0.1671612 0.02960177 0.16795018
v  -0.16799381 0.029616917 0.16856635
v  -0.16674829 0.029587518 0.16700022
v  -0.16850069 0.029623538 0.16869274
v  -0.16673921 0.029581964 0.16647789
v  -0.16902302 0.029628905 0.16868362
v  -0.16952521 0.02963265 0.16853964
v  -0.16997302 0.029634519 0.16827056
v  -0.1674819 0.029575724 0.16513832
v  -0.17033598 0.029634384 0.16789481
v  -0.16792972 0.029577592 0.16486928
v  -0.17058927 0.029632255 0.1674379
v  -0.16843192 0.029581338 0.16472527
v  -0.17071573 0.029628277 0.166931
v  -0.16895425 0.029586703 0.16471617
v  -0.17070666 0.029622722 0.16640869
v  -0.1694611 0.029593324 0.16484255
v  -0.17056271 0.029615967 0.1659065
v  -0.16991799 0.029600749 0.16509584
v  -0.17029372 0.029608473 0.16545872
v  -0.16654286 0.028172255 0.16395389
v  -0.16550171 0.028205007 0.16812767
v  -0.16664001 0.028231874 0.16955893
v  -0.16597666 0.02821824 0.16891824
v  -0.16744663 0.028244983 0.17000608
v  -0.16524757 0.028193081 0.16724108
v  -0.16834152 0.028256672 0.17022923
v  -0.1652316 0.02818327 0.16631889
v  -0.16926369 0.028266147 0.17021313
v  -0.17015031 0.028272757 0.1699589
v  -0.17054561 0.028274408 0.16972139
v  -0.17094095 0.028276058 0.16948389
v  -0.1715817 0.028275821 0.16882044
v  -0.16733348 0.028175553 0.16347887
v  -0.17202893 0.028272063 0.16801378
v  -0.16822009 0.028182166 0.16322464
v  -0.17225218 0.02826504 0.16711888
v  -0.16914228 0.028191639 0.16320856
v  -0.1722362 0.028255232 0.1661967
v  -0.17003715 0.028203329 0.1634317
v  -0.17198208 0.028243303 0.16531011
v  -0.17084375 0.028216437 0.16387886
v  -0.17150714 0.028230071 0.16451953
v  -0.16791292 0.02988304 0.1677983
v  -0.16747333 0.029872665 0.16724558
v  -0.16765676 0.029877774 0.16755089
v  -0.16822441 0.029888103 0.16797099
v  -0.16737522 0.029868061 0.16690324
v  -0.16857 0.029892616 0.16805714
v  -0.16736905 0.029864272 0.16654713
v  -0.1689261 0.029896274 0.16805093
v  -0.16926844 0.029898828 0.16795276
v  -0.1695738 0.029900104 0.16776933
v  -0.16787539 0.029860018 0.16563383
v  -0.16982122 0.029900011 0.16751313
v  -0.16818072 0.029861292 0.16545039
v  -0.16999394 0.02989856 0.16720162
v  -0.16852309 0.029863846 0.16535223
v  -0.17008014 0.029895848 0.16685602
v  -0.1688792 0.029867504 0.16534603
v  -0.17007396 0.029892061 0.16649994
v  -0.16922478 0.029872017 0.16543217
v  -0.16997582 0.029887455 0.16615757
v  -0.16953625 0.02987708 0.16560484
v  -0.16979243 0.029882345 0.16585226
v  -0.16807963 0.030038621 0.16644645
v  -0.16816713 0.030037886 0.16628858
v  -0.16846938 0.03005207 0.16734305
v  -0.1686445 0.030054357 0.16738671
v  -0.16882496 0.030056212 0.16738357
v  -0.16899844 0.030057505 0.16733383
v  -0.16915311 0.030058151 0.16724087
v  -0.16927855 0.030058105 0.16711105
v  -0.16936605 0.030057371 0.16695321
v  -0.16940972 0.030055996 0.16677809
v  -0.16940661 0.030054076 0.16659763
v  -0.16935687 0.030051742 0.16642416
v  -0.16926394 0.030049153 0.16626945
v  -0.16913411 0.030046485 0.1661441
v  -0.16897629 0.030043919 0.16605659
v  -0.16880117 0.030041631 0.16601293
v  -0.16862072 0.03003978 0.16601607
v  -0.16844724 0.030038485 0.16606581
v  -0.16829252 0.030037839 0.16615878
v  -0.16803595 0.030039996 0.16662157
v  -0.16803907 0.030041914 0.166802
v  -0.16808881 0.030044248 0.16697548
v  -0.16818173 0.030046837 0.16713017
v  -0.16831155 0.030049507 0.16725557
v  -0.16881904 0.019122701 -0.16421232
v  -0.16911939 0.024254058 -0.16431256
v  -0.169173 0.019125916 -0.16425894
v  -0.16876543 0.024250843 -0.16426593
v  -0.16841146 0.024246655 -0.16431251
v  -0.16846508 0.019118514 -0.1642589
v  -0.16944924 0.024256077 -0.16444919
v  -0.16950285 0.019127935 -0.16439557
v  -0.16808164 0.024241779 -0.16444911
v  -0.16813526 0.019113638 -0.1643955
v  -0.16973247 0.024256766 -0.16466655
v  -0.16978608 0.019128624 -0.16461293
v  -0.16779841 0.024236545 -0.16466643
v  -0.16785203 0.019108403 -0.16461281
v  -0.17000341 0.019127935 -0.16489615
v  -0.1699498 0.024256077 -0.16494976
v  -0.1675811 0.024231311 -0.16494966
v  -0.16763471 0.019103171 -0.16489604
v  -0.17014007 0.019125916 -0.16522601
v  -0.17008646 0.024254056 -0.16527963
v  -0.1674445 0.024226435 -0.16527948
v  -0.16749811 0.019098293 -0.16522586
v  -0.17018668 0.019122701 -0.16557996
v  -0.17013307 0.024250843 -0.16563357
v  -0.16739792 0.024222247 -0.16563344
v  -0.16745153 0.019094106 -0.16557983
v  -0.1700865 0.024246655 -0.16598754
v  -0.17014012 0.019118514 -0.16593392
v  -0.16749816 0.019090893 -0.16593379
v  -0.16744454 0.024219032 -0.1659874
v  -0.16994989 0.024241779 -0.16631736
v  -0.1700035 0.019113638 -0.16626374
v  -0.16763479 0.019088872 -0.16626363
v  -0.16758117 0.024217013 -0.16631724
v  -0.16973257 0.024236545 -0.16660058
v  -0.16978619 0.019108403 -0.16654697
v  -0.16785213 0.019088183 -0.16654688
v  -0.16779852 0.024216324 -0.1666005
v  -0.16944936 0.024231311 -0.1668179
v  -0.16950297 0.019103169 -0.16676429
v  -0.16808176 0.024217013 -0.16681781
v  -0.16813537 0.019088872 -0.1667642
v  -0.16911954 0.024226435 -0.1669545
v  -0.16917315 0.019098293 -0.16690089
v  -0.16841161 0.024219032 -0.16695447
v  -0.16846523 0.019090893 -0.16690086
v  -0.16876556 0.024222247 -0.16700108
v  -0.16881917 0.019094106 -0.16694747
v  -0.16656199 0.024611987 -0.16840298
v  -0.16735262 0.024615288 -0.168878
v  -0.16592121 0.024612226 -0.16773953
v  -0.16823922 0.0246219 -0.16913223
v  -0.16592568 0.024184879 -0.16773506
v  -0.16547844 0.024188638 -0.16692843
v  -0.165923 0.024441285 -0.16773774
v  -0.16824369 0.024194553 -0.16912776
v  -0.16916588 0.024204029 -0.16914384
v  -0.16824101 0.02445096 -0.16913044
v  -0.16836512 0.024269061 -0.16212317
v  -0.16829291 0.024261422 -0.16278166
v  -0.1682221 0.024260113 -0.162836
v  -0.16928729 0.024278535 -0.16213927
v  -0.16837534 0.024262641 -0.16274752
v  -0.16846384 0.024263687 -0.16273588
v  -0.16855231 0.02426449 -0.16274752
v  -0.16863477 0.024264995 -0.1627817
v  -0.16870561 0.024265168 -0.16283603
v  -0.17017391 0.024285147 -0.1623935
v  -0.16875991 0.024264995 -0.16290684
v  -0.16879407 0.02426449 -0.16298929
v  -0.16880575 0.024263687 -0.16307779
v  -0.1687941 0.024262641 -0.16316627
v  -0.16875996 0.024261422 -0.1632487
v  -0.16870563 0.024260113 -0.16331954
v  -0.17056921 0.024286795 -0.16263101
v  -0.17096455 0.024288446 -0.16286851
v  -0.1716053 0.024288209 -0.16353196
v  -0.17205253 0.024284452 -0.16433862
v  -0.17227578 0.02427743 -0.16523352
v  -0.16883093 0.024212541 -0.16799477
v  -0.16890174 0.024213849 -0.16794044
v  -0.1689842 0.024215069 -0.16790627
v  -0.16907269 0.024216115 -0.16789463
v  -0.16916117 0.024216918 -0.16790628
v  -0.16924365 0.024217423 -0.16794047
v  -0.16931444 0.024217596 -0.16799477
v  -0.16936879 0.024217423 -0.16806561
v  -0.16940294 0.024216918 -0.16814806
v  -0.17225981 0.024267619 -0.1661557
v  -0.16941459 0.024216115 -0.16823655
v  -0.16940297 0.024215069 -0.16832504
v  -0.1693688 0.024213849 -0.1684075
v  -0.16931447 0.024212541 -0.1684783
v  -0.17006075 0.024215717 -0.1689207
v  -0.17200568 0.024255693 -0.16704229
v  -0.17086735 0.024228826 -0.16847354
v  -0.17153074 0.024242461 -0.16783287
v  -0.16656646 0.024184644 -0.16839851
v  -0.16735709 0.024187943 -0.16887353
v  -0.16877663 0.024211232 -0.16806556
v  -0.16874248 0.024210013 -0.16814801
v  -0.16873083 0.024208967 -0.16823649
v  -0.16874246 0.024208162 -0.16832499
v  -0.16877665 0.024207659 -0.16840747
v  -0.16883096 0.024207486 -0.16847827
v  -0.16890179 0.024207659 -0.16853261
v  -0.16898423 0.024208162 -0.16856676
v  -0.16907273 0.024208967 -0.16857842
v  -0.16916123 0.024210013 -0.16856678
v  -0.16924368 0.024211232 -0.16853262
v  -0.16666362 0.024244264 -0.16279347
v  -0.16552532 0.024217397 -0.16422473
v  -0.16600026 0.024230629 -0.16343416
v  -0.16747023 0.024257371 -0.16234632
v  -0.16527118 0.024205469 -0.16511132
v  -0.1652552 0.02419566 -0.16603351
v  -0.16816776 0.024258804 -0.16290681
v  -0.1681336 0.024257585 -0.16298926
v  -0.16812196 0.024256539 -0.16307776
v  -0.16813359 0.024255734 -0.16316622
v  -0.16816777 0.024255231 -0.1632487
v  -0.16822213 0.024255058 -0.16331951
v  -0.16829291 0.024255231 -0.16337384
v  -0.16837537 0.024255734 -0.163408
v  -0.16846389 0.024256539 -0.16341966
v  -0.16855235 0.024257585 -0.16340801
v  -0.1686348 0.024258804 -0.16337386
v  -0.16656378 0.024441049 -0.1684012
v  -0.1673544 0.024444347 -0.16887622
v  -0.16928461 0.024534941 -0.16214195
v  -0.17017123 0.024541551 -0.16239618
v  -0.17096187 0.024544852 -0.1628712
v  -0.17160262 0.024544615 -0.16353464
v  -0.16888455 0.0190844 -0.16794115
v  -0.16883025 0.019083092 -0.16801195
v  -0.16879609 0.019081872 -0.1680944
v  -0.16895536 0.019085709 -0.16788682
v  -0.16878444 0.019080825 -0.16818288
v  -0.16903782 0.019086927 -0.16785266
v  -0.16879608 0.019080022 -0.16827138
v  -0.1691263 0.019087974 -0.16784102
v  -0.16883026 0.019079518 -0.16835386
v  -0.16921479 0.019088779 -0.16785267
v  -0.16888458 0.019079344 -0.16842465
v  -0.16929726 0.019089283 -0.16788685
v  -0.1689554 0.019079518 -0.168479
v  -0.16936806 0.019089455 -0.16794115
v  -0.16903785 0.019080022 -0.16851315
v  -0.1694224 0.019089283 -0.16801199
v  -0.16912635 0.019080825 -0.1685248
v  -0.16945656 0.019088779 -0.16809444
v  -0.16921484 0.019081872 -0.16851316
v  -0.16946821 0.019087974 -0.16818294
v  -0.16929729 0.019083092 -0.16847901
v  -0.16945659 0.019086927 -0.16827142
v  -0.16936809 0.0190844 -0.16842468
v  -0.16942242 0.019085709 -0.16835389
v  -0.17031913 0.017792556 -0.16211082
v  -0.17114839 0.019163627 -0.16262747
v  -0.17116269 0.017796125 -0.16261318
v  -0.17030482 0.01916006 -0.16212513
v  -0.16935997 0.019152971 -0.16185822
v  -0.16536418 0.019087818 -0.16409381
v  -0.16656989 0.019116404 -0.16256553
v  -0.16586643 0.01910189 -0.16325028
v  -0.16742665 0.019130373 -0.16208619
v  -0.16509736 0.01907515 -0.16503863
v  -0.16837828 0.019142846 -0.16184494
v  -0.16508418 0.019064749 -0.1660203
v  -0.16827571 0.019131972 -0.16278239
v  -0.16822137 0.019130664 -0.1628532
v  -0.16818722 0.019129444 -0.16293564
v  -0.16532555 0.019057322 -0.16697198
v  -0.16817558 0.019128397 -0.16302414
v  -0.1681872 0.019127594 -0.16311261
v  -0.16822138 0.01912709 -0.16319509
v  -0.16827574 0.019126916 -0.1632659
v  -0.16834652 0.01912709 -0.16332023
v  -0.16842899 0.019127594 -0.16335438
v  -0.1685175 0.019128397 -0.16336605
v  -0.16860597 0.019129444 -0.1633544
v  -0.16868842 0.019130664 -0.16332024
v  -0.16875924 0.019131972 -0.16326593
v  -0.17183325 0.019163432 -0.163331
v  -0.17231268 0.019159487 -0.16418782
v  -0.16733342 0.019056749 -0.16903467
v  -0.16827823 0.019063836 -0.16930158
v  -0.16925991 0.019073961 -0.16931485
v  -0.17255402 0.019152058 -0.16513948
v  -0.17254084 0.019141657 -0.16612116
v  -0.17021158 0.019086434 -0.16907361
v  -0.17227402 0.019128989 -0.16706596
v  -0.17106834 0.019100403 -0.16859427
v  -0.17177179 0.019114919 -0.16790949
v  -0.16834652 0.019133281 -0.16272804
v  -0.16842896 0.019134499 -0.1626939
v  -0.16851746 0.019135546 -0.16268227
v  -0.16860592 0.019136351 -0.1626939
v  -0.16868839 0.019136854 -0.16272809
v  -0.16875923 0.019137027 -0.16278242
v  -0.16881353 0.019136854 -0.16285323
v  -0.16884768 0.019136351 -0.16293567
v  -0.16885936 0.019135546 -0.16302417
v  -0.16884771 0.019134499 -0.16311266
v  -0.16881357 0.019133281 -0.16319509
v  -0.16580498 0.019053377 -0.16782878
v  -0.16648982 0.01905318 -0.16853234
v  -0.17184755 0.01779593 -0.1633167
v  -0.16839258 0.017775344 -0.16183063
v  -0.16744095 0.017762871 -0.16207188
v  -0.16658419 0.017748902 -0.16255122
v  -0.16588074 0.017734388 -0.16323598
v  -0.16537848 0.017720316 -0.16407952
v  -0.16509849 0.017697247 -0.166006
v  -0.16533986 0.01768982 -0.16695768
v  -0.16581929 0.017685873 -0.16781449
v  -0.16650413 0.017685678 -0.16851804
v  -0.16734773 0.017689247 -0.16902037
v  -0.16927421 0.017706459 -0.16930056
v  -0.17022589 0.017718932 -0.16905931
v  -0.17108265 0.017732901 -0.16857997
v  -0.1717861 0.017747417 -0.1678952
v  -0.17228833 0.017761488 -0.16705167
v  -0.17255515 0.017774155 -0.16610685
v  -0.17256832 0.017784556 -0.16512519
v  -0.17232698 0.017791985 -0.16417351
v  0.16340452 0.019124523 0.16818365
v  0.16310418 0.024255879 0.16808341
v  0.16305056 0.019127738 0.16813703
v  0.16345814 0.024252664 0.16813004
v  0.1638121 0.024248477 0.16808346
v  0.16375849 0.019120336 0.16813707
v  0.16277432 0.024257898 0.16794679
v  0.16272071 0.019129757 0.1680004
v  0.16414192 0.024243601 0.16794686
v  0.16408831 0.019115459 0.16800047
v  0.1624911 0.024258588 0.16772942
v  0.16243748 0.019130446 0.16778304
v  0.16442515 0.024238367 0.16772954
v  0.16437154 0.019110225 0.16778316
v  0.16222015 0.019129757 0.16749983
v  0.16227376 0.024257898 0.16744621
v  0.16464247 0.024233133 0.16744632
v  0.16458885 0.019104993 0.16749993
v  0.16208349 0.019127738 0.16716996
v  0.16213711 0.024255877 0.16711634
v  0.16477907 0.024228256 0.16711649
v  0.16472545 0.019100115 0.16717011
v  0.16203688 0.019124523 0.16681601
v  0.1620905 0.024252664 0.1667624
v  0.16482565 0.024224069 0.16676253
v  0.16477203 0.019095927 0.16681615
v  0.16213706 0.024248477 0.16640843
v  0.16208345 0.019120336 0.16646205
v  0.16472541 0.019092714 0.16646218
v  0.16477902 0.024220854 0.16640857
v  0.16227368 0.024243601 0.16607861
v  0.16222006 0.019115459 0.16613223
v  0.16458878 0.019090693 0.16613235
v  0.16464239 0.024218835 0.16607873
v  0.16249099 0.024238367 0.16579539
v  0.16243738 0.019110225 0.165849
v  0.16437143 0.019090004 0.16584909
v  0.16442505 0.024218146 0.16579548
v  0.16277421 0.024233133 0.16557807
v  0.16272059 0.019104991 0.16563168
v  0.1641418 0.024218835 0.16557816
v  0.16408819 0.019090693 0.16563177
v  0.16310403 0.024228256 0.16544147
v  0.16305041 0.019100115 0.16549508
v  0.16381195 0.024220854 0.1654415
v  0.16375834 0.019092714 0.16549511
v  0.163458 0.024224069 0.16539489
v  0.16340439 0.019095927 0.1654485
v  0.16566157 0.024613809 0.16399299
v  0.16487095 0.024617109 0.16351797
v  0.16630235 0.024614047 0.16465645
v  0.16398434 0.024623722 0.16326374
v  0.16629788 0.024186701 0.16466092
v  0.16674513 0.024190459 0.16546755
v  0.16630057 0.024443107 0.16465823
v  0.16397987 0.024196375 0.16326821
v  0.16305768 0.02420585 0.16325213
v  0.16398256 0.024452781 0.16326553
v  0.16385844 0.024270883 0.1702728
v  0.16393065 0.024263244 0.16961432
v  0.16400146 0.024261935 0.16955997
v  0.16293627 0.024280356 0.1702567
v  0.16384822 0.024264462 0.16964845
v  0.16375972 0.024265509 0.16966009
v  0.16367126 0.024266312 0.16964845
v  0.16358879 0.024266817 0.16961427
v  0.16351795 0.02426699 0.16955994
v  0.16204965 0.024286969 0.17000248
v  0.16346365 0.024266817 0.16948913
v  0.1634295 0.024266312 0.16940668
v  0.16341782 0.024265509 0.16931818
v  0.16342947 0.024264462 0.1692297
v  0.16346361 0.024263244 0.16914727
v  0.16351794 0.024261935 0.16907643
v  0.16165435 0.024288617 0.16976497
v  0.16125901 0.024290267 0.16952746
v  0.16061826 0.024290031 0.16886401
v  0.16017103 0.024286274 0.16805735
v  0.15994778 0.024279252 0.16716245
v  0.16339263 0.024214363 0.1644012
v  0.16332182 0.02421567 0.16445553
v  0.16323936 0.02421689 0.1644897
v  0.16315088 0.024217937 0.16450134
v  0.16306239 0.02421874 0.16448969
v  0.16297992 0.024219245 0.1644555
v  0.16290912 0.024219418 0.1644012
v  0.16285478 0.024219245 0.16433036
v  0.16282062 0.02421874 0.16424792
v  0.15996376 0.024269441 0.16624027
v  0.16280897 0.024217937 0.16415942
v  0.16282059 0.02421689 0.16407093
v  0.16285476 0.02421567 0.16398847
v  0.16290909 0.024214363 0.16391768
v  0.16216281 0.024217539 0.16347528
v  0.16021788 0.024257515 0.16535369
v  0.16135621 0.024230648 0.16392243
v  0.16069283 0.024244282 0.1645631
v  0.1656571 0.024186466 0.16399746
v  0.16486648 0.024189765 0.16352244
v  0.16344693 0.024213053 0.16433041
v  0.16348109 0.024211835 0.16424796
v  0.16349274 0.024210788 0.16415948
v  0.1634811 0.024209984 0.16407098
v  0.16344692 0.024209481 0.1639885
v  0.1633926 0.024209308 0.16391771
v  0.16332178 0.024209481 0.16386336
v  0.16323933 0.024209984 0.16382921
v  0.16315083 0.024210788 0.16381755
v  0.16306233 0.024211835 0.16382919
v  0.16297989 0.024213053 0.16386335
v  0.16555995 0.024246085 0.1696025
v  0.16669825 0.024219219 0.16817124
v  0.1662233 0.024232451 0.16896181
v  0.16475333 0.024259193 0.17004965
v  0.16695239 0.02420729 0.16728465
v  0.16696836 0.024197482 0.16636246
v  0.16405581 0.024260625 0.16948916
v  0.16408996 0.024259407 0.16940671
v  0.1641016 0.02425836 0.16931821
v  0.16408998 0.024257556 0.16922975
v  0.16405579 0.024257053 0.16914727
v  0.16400144 0.024256879 0.16907646
v  0.16393065 0.024257053 0.16902213
v  0.16384819 0.024257556 0.16898797
v  0.16375968 0.02425836 0.16897631
v  0.16367121 0.024259407 0.16898796
v  0.16358876 0.024260625 0.16902211
v  0.16565979 0.02444287 0.16399477
v  0.16486916 0.024446169 0.16351976
v  0.16293895 0.024536762 0.17025402
v  0.16205233 0.024543373 0.16999979
v  0.16126169 0.024546674 0.16952477
v  0.16062094 0.024546437 0.16886133
v  0.16333902 0.019086221 0.16445482
v  0.16339332 0.019084914 0.16438402
v  0.16342747 0.019083694 0.16430157
v  0.16326821 0.019087531 0.16450915
v  0.16343912 0.019082647 0.16421309
v  0.16318575 0.019088749 0.16454332
v  0.16342749 0.019081844 0.16412459
v  0.16309726 0.019089796 0.16455495
v  0.1633933 0.019081339 0.16404212
v  0.16300878 0.0190906 0.1645433
v  0.16333899 0.019081166 0.16397132
v  0.1629263 0.019091105 0.16450912
v  0.16326816 0.019081339 0.16391698
v  0.16285551 0.019091276 0.16445482
v  0.16318572 0.019081844 0.16388282
v  0.16280116 0.019091105 0.16438398
v  0.16309722 0.019082647 0.16387117
v  0.16276701 0.0190906 0.16430153
v  0.16300872 0.019083694 0.16388281
v  0.16275536 0.019089796 0.16421303
v  0.16292627 0.019084914 0.16391696
v  0.16276698 0.019088749 0.16412455
v  0.16285548 0.019086221 0.16397129
v  0.16280115 0.019087531 0.16404209
v  0.16190444 0.017794378 0.17028515
v  0.16107517 0.019165449 0.1697685
v  0.16106087 0.017797947 0.16978279
v  0.16191874 0.019161882 0.17027085
v  0.1628636 0.019154793 0.17053775
v  0.16685939 0.019089639 0.16830216
v  0.16565368 0.019118225 0.16983044
v  0.16635713 0.019103711 0.16914569
v  0.16479692 0.019132195 0.17030978
v  0.16712621 0.019076971 0.16735734
v  0.16384529 0.019144667 0.17055103
v  0.16713938 0.01906657 0.16637567
v  0.16394785 0.019133793 0.16961358
v  0.1640022 0.019132486 0.16954277
v  0.16403635 0.019131266 0.16946033
v  0.16689801 0.019059144 0.16542399
v  0.16404799 0.019130219 0.16937183
v  0.16403636 0.019129416 0.16928336
v  0.16400218 0.019128911 0.16920088
v  0.16394782 0.019128738 0.16913007
v  0.16387704 0.019128911 0.16907574
v  0.16379458 0.019129416 0.16904159
v  0.16370606 0.019130219 0.16902992
v  0.1636176 0.019131266 0.16904157
v  0.16353515 0.019132486 0.16907573
v  0.16346432 0.019133793 0.16913004
v  0.16039032 0.019165253 0.16906497
v  0.15991089 0.019161308 0.16820815
v  0.16489014 0.01905857 0.1633613
v  0.16394533 0.019065658 0.16309439
v  0.16296366 0.019075783 0.16308112
v  0.15966955 0.01915388 0.16725649
v  0.15968272 0.019143479 0.16627482
v  0.16201198 0.019088255 0.16332236
v  0.15994954 0.019130811 0.16533001
v  0.16115522 0.019102225 0.1638017
v  0.16045177 0.019116741 0.16448648
v  0.16387704 0.019135103 0.16966793
v  0.16379461 0.019136321 0.16970207
v  0.16370611 0.019137368 0.16971371
v  0.16361764 0.019138172 0.16970207
v  0.16353518 0.019138675 0.16966788
v  0.16346434 0.019138848 0.16961356
v  0.16341004 0.019138675 0.16954274
v  0.16337588 0.019138172 0.1694603
v  0.1633642 0.019137368 0.1693718
v  0.16337585 0.019136321 0.16928332
v  0.16340999 0.019135103 0.16920088
v  0.16641858 0.019055199 0.16456719
v  0.16573374 0.019055001 0.16386363
v  0.16037601 0.017797751 0.16907927
v  0.16383098 0.017777165 0.17056534
v  0.16478261 0.017764693 0.17032409
v  0.16563937 0.017750723 0.16984475
v  0.16634282 0.01773621 0.16915999
v  0.16684508 0.017722137 0.16831645
v  0.16712508 0.017699068 0.16638997
v  0.16688371 0.017691642 0.16543829
v  0.16640428 0.017687695 0.16458148
v  0.16571943 0.0176875 0.16387793
v  0.16487584 0.017691068 0.1633756
v  0.16294935 0.017708281 0.16309541
v  0.16199768 0.017720753 0.16333666
v  0.16114092 0.017734723 0.163816
v  0.16043746 0.017749239 0.16450077
v  0.15993524 0.017763309 0.1653443
v  0.15966842 0.017775977 0.16628912
v  0.15965524 0.017786378 0.16727078
v  0.15989658 0.017793806 0.16822246
v  0.16353863 0.015647922 -0.16419405
v  0.16323829 0.020779278 -0.16429429
v  0.16318467 0.015651137 -0.16424067
v  0.16359225 0.020776063 -0.16424766
v  0.16394621 0.020771876 -0.16429424
v  0.1638926 0.015643734 -0.16424063
v  0.16290843 0.020781297 -0.16443092
v  0.16285482 0.015653156 -0.1643773
v  0.16427603 0.020767 -0.16443084
v  0.16422242 0.015638858 -0.16437723
v  0.16262521 0.020781986 -0.16464828
v  0.16257159 0.015653845 -0.16459467
v  0.16455926 0.020761766 -0.16464816
v  0.16450565 0.015633624 -0.16459455
v  0.16235426 0.015653156 -0.16487788
v  0.16240788 0.020781297 -0.16493149
v  0.16477658 0.020756532 -0.16493139
v  0.16472296 0.015628392 -0.16487777
v  0.1622176 0.015651137 -0.16520774
v  0.16227122 0.020779276 -0.16526136
v  0.16491318 0.020751655 -0.16526121
v  0.16485956 0.015623515 -0.16520759
v  0.16217099 0.015647922 -0.16556169
v  0.16222461 0.020776063 -0.16561531
v  0.16495976 0.020747468 -0.16561517
v  0.16490614 0.015619326 -0.16556156
v  0.16227117 0.020771876 -0.16596927
v  0.16221756 0.015643734 -0.16591565
v  0.16485952 0.015616113 -0.16591552
v  0.16491313 0.020744253 -0.16596913
v  0.16240779 0.020767 -0.16629909
v  0.16235417 0.015638858 -0.16624548
v  0.16472289 0.015614093 -0.16624536
v  0.1647765 0.020742234 -0.16629897
v  0.1626251 0.020761766 -0.16658232
v  0.16257149 0.015633624 -0.1665287
v  0.16450554 0.015613404 -0.16652861
v  0.16455916 0.020741545 -0.16658223
v  0.16290832 0.020756532 -0.16679963
v  0.1628547 0.01562839 -0.16674602
v  0.16427591 0.020742234 -0.16679955
v  0.1642223 0.015614093 -0.16674593
v  0.16323814 0.020751655 -0.16693623
v  0.16318452 0.015623515 -0.16688262
v  0.16394606 0.020744253 -0.1669362
v  0.16389245 0.015616113 -0.16688259
v  0.16359212 0.020747468 -0.16698281
v  0.1635385 0.015619326 -0.1669292
v  0.16579568 0.021137208 -0.16838472
v  0.16500506 0.021140508 -0.16885974
v  0.16643646 0.021137446 -0.16772126
v  0.16411845 0.021147121 -0.16911396
v  0.16643199 0.020710099 -0.16771679
v  0.16687924 0.020713858 -0.16691016
v  0.16643468 0.020966506 -0.16771947
v  0.16411398 0.020719774 -0.16910949
v  0.1631918 0.020729249 -0.16912557
v  0.16411667 0.02097618 -0.16911218
v  0.16399255 0.020794282 -0.1621049
v  0.16406476 0.020786643 -0.16276339
v  0.16413558 0.020785334 -0.16281773
v  0.16307038 0.020803755 -0.162121
v  0.16398233 0.020787861 -0.16272925
v  0.16389383 0.020788908 -0.16271761
v  0.16380537 0.020789711 -0.16272925
v  0.1637229 0.020790216 -0.16276343
v  0.16365206 0.020790389 -0.16281776
v  0.16218376 0.020810368 -0.16237523
v  0.16359776 0.020790216 -0.16288857
v  0.16356361 0.020789711 -0.16297102
v  0.16355193 0.020788908 -0.16305952
v  0.16356358 0.020787861 -0.163148
v  0.16359772 0.020786643 -0.16323043
v  0.16365205 0.020785334 -0.16330127
v  0.16178846 0.020812016 -0.16261274
v  0.16139312 0.020813666 -0.16285025
v  0.16075237 0.02081343 -0.16351369
v  0.16030514 0.020809673 -0.16432035
v  0.16008189 0.020802651 -0.16521525
v  0.16352674 0.020737762 -0.1679765
v  0.16345593 0.020739069 -0.16792217
v  0.16337347 0.020740289 -0.167888
v  0.16328499 0.020741336 -0.16787636
v  0.1631965 0.020742139 -0.16788802
v  0.16311403 0.020742644 -0.1679222
v  0.16304323 0.020742817 -0.1679765
v  0.16298889 0.020742644 -0.16804734
v  0.16295473 0.020742139 -0.16812979
v  0.16009787 0.02079284 -0.16613743
v  0.16294308 0.020741336 -0.16821828
v  0.1629547 0.020740289 -0.16830677
v  0.16298887 0.020739069 -0.16838923
v  0.1630432 0.020737762 -0.16846003
v  0.16229692 0.020740937 -0.16890243
v  0.16035199 0.020780914 -0.16702402
v  0.16149032 0.020754047 -0.16845527
v  0.16082694 0.020767681 -0.1678146
v  0.16579121 0.020709865 -0.16838025
v  0.16500059 0.020713164 -0.16885526
v  0.16358104 0.020736452 -0.16804729
v  0.1636152 0.020735234 -0.16812974
v  0.16362685 0.020734187 -0.16821823
v  0.16361521 0.020733383 -0.16830672
v  0.16358103 0.02073288 -0.1683892
v  0.16352671 0.020732706 -0.16846
v  0.16345589 0.02073288 -0.16851434
v  0.16337344 0.020733383 -0.16854849
v  0.16328494 0.020734187 -0.16856015
v  0.16319644 0.020735234 -0.16854851
v  0.163114 0.020736452 -0.16851436
v  0.16569406 0.020769484 -0.1627752
v  0.16683236 0.020742618 -0.16420646
v  0.16635741 0.02075585 -0.16341589
v  0.16488744 0.020782592 -0.16232805
v  0.1670865 0.020730689 -0.16509305
v  0.16710247 0.02072088 -0.16601524
v  0.16418992 0.020784024 -0.16288854
v  0.16422407 0.020782806 -0.16297099
v  0.16423571 0.020781759 -0.16305949
v  0.16422409 0.020780955 -0.16314796
v  0.1641899 0.020780452 -0.16323043
v  0.16413555 0.020780278 -0.16330124
v  0.16406476 0.020780452 -0.16335557
v  0.1639823 0.020780955 -0.16338973
v  0.16389379 0.020781759 -0.1634014
v  0.16380532 0.020782806 -0.16338974
v  0.16372287 0.020784024 -0.16335559
v  0.1657939 0.020966269 -0.16838293
v  0.16500327 0.020969568 -0.16885795
v  0.16307306 0.021060161 -0.16212368
v  0.16218644 0.021066772 -0.16237791
v  0.1613958 0.021070072 -0.16285293
v  0.16075505 0.021069836 -0.16351637
v  0.16347313 0.01560962 -0.16792288
v  0.16352743 0.015608313 -0.16799368
v  0.16356158 0.015607093 -0.16807613
v  0.16340232 0.015610929 -0.16786855
v  0.16357324 0.015606046 -0.16816461
v  0.16331986 0.015612149 -0.16783439
v  0.1635616 0.015605243 -0.16825311
v  0.16323137 0.015613195 -0.16782275
v  0.16352741 0.015604738 -0.16833559
v  0.16314289 0.015613998 -0.1678344
v  0.1634731 0.015604565 -0.16840638
v  0.16306041 0.015614504 -0.16786858
v  0.16340227 0.015604738 -0.16846073
v  0.16298962 0.015614675 -0.16792288
v  0.16331983 0.015605243 -0.16849488
v  0.16293527 0.015614504 -0.16799372
v  0.16323133 0.015606046 -0.16850653
v  0.16290112 0.015613998 -0.16807617
v  0.16314283 0.015607093 -0.1684949
v  0.16288947 0.015613195 -0.16816467
v  0.16306038 0.015608313 -0.16846074
v  0.16290109 0.015612149 -0.16825315
v  0.16298959 0.01560962 -0.16840641
v  0.16293526 0.015610929 -0.16833562
v  0.16203855 0.014317778 -0.16209255
v  0.16120929 0.015688848 -0.1626092
v  0.16119498 0.014321346 -0.16259491
v  0.16205285 0.015685281 -0.16210686
v  0.16299771 0.015678192 -0.16183995
v  0.1669935 0.015613039 -0.16407554
v  0.16578779 0.015641624 -0.16254726
v  0.16649124 0.01562711 -0.16323201
v  0.16493103 0.015655594 -0.16206792
v  0.16726032 0.015600371 -0.16502036
v  0.1639794 0.015668066 -0.16182667
v  0.16727349 0.015589969 -0.16600204
v  0.16408196 0.015657192 -0.16276412
v  0.16413631 0.015655885 -0.16283493
v  0.16417046 0.015654664 -0.16291738
v  0.16703212 0.015582543 -0.16695371
v  0.1641821 0.015653618 -0.16300587
v  0.16417047 0.015652815 -0.16309434
v  0.16413629 0.01565231 -0.16317682
v  0.16408193 0.015652137 -0.16324763
v  0.16401115 0.01565231 -0.16330196
v  0.16392869 0.015652815 -0.16333611
v  0.16384017 0.015653618 -0.16334778
v  0.16375171 0.015654664 -0.16333613
v  0.16366926 0.015655885 -0.16330197
v  0.16359843 0.015657192 -0.16324766
v  0.16052443 0.015688652 -0.16331273
v  0.160045 0.015684707 -0.16416955
v  0.16502425 0.015581969 -0.16901641
v  0.16407944 0.015589057 -0.16928332
v  0.16309777 0.015599182 -0.16929658
v  0.15980366 0.015677279 -0.16512121
v  0.15981683 0.015666878 -0.16610289
v  0.16214609 0.015611654 -0.16905534
v  0.16008365 0.01565421 -0.16704769
v  0.16128933 0.015625624 -0.168576
v  0.16058588 0.01564014 -0.16789122
v  0.16401115 0.015658502 -0.16270977
v  0.16392872 0.01565972 -0.16267563
v  0.16384022 0.015660767 -0.162664
v  0.16375175 0.015661571 -0.16267563
v  0.16366929 0.015662074 -0.16270982
v  0.16359845 0.015662247 -0.16276415
v  0.16354415 0.015662074 -0.16283496
v  0.16350999 0.015661571 -0.16291741
v  0.16349831 0.015660767 -0.1630059
v  0.16350996 0.01565972 -0.16309439
v  0.1635441 0.015658502 -0.16317682
v  0.16655269 0.015578597 -0.16781051
v  0.16586785 0.015578401 -0.16851407
v  0.16051012 0.01432115 -0.16329843
v  0.16396509 0.014300564 -0.16181237
v  0.16491672 0.014288092 -0.16205361
v  0.16577348 0.014274122 -0.16253296
v  0.16647694 0.014259608 -0.16321771
v  0.16697919 0.014245537 -0.16406125
v  0.16725919 0.014222467 -0.16598773
v  0.16701782 0.01421504 -0.16693941
v  0.16653839 0.014211095 -0.16779622
v  0.16585355 0.014210899 -0.16849977
v  0.16500995 0.014214467 -0.1690021
v  0.16308346 0.01423168 -0.16928229
v  0.16213179 0.014244152 -0.16904104
v  0.16127503 0.014258122 -0.1685617
v  0.16057158 0.014272637 -0.16787693
v  0.16006935 0.014286708 -0.1670334
v  0.15980253 0.014299376 -0.16608858
v  0.15978935 0.014309777 -0.16510692
v  0.16003069 0.014317204 -0.16415524
v  -0.1688008 0.022597499 0.16814545
v  -0.16910115 0.027728856 0.16804521
v  -0.16915476 0.022600714 0.16809882
v  -0.16874719 0.027725641 0.16809183
v  -0.16839322 0.027721453 0.16804525
v  -0.16844684 0.022593312 0.16809887
v  -0.169431 0.027730875 0.16790858
v  -0.16948462 0.022602733 0.16796219
v  -0.1680634 0.027716577 0.16790865
v  -0.16811702 0.022588436 0.16796227
v  -0.16971423 0.027731564 0.16769122
v  -0.16976784 0.022603422 0.16774483
v  -0.16778018 0.027711343 0.16769134
v  -0.16783379 0.022583202 0.16774495
v  -0.16998518 0.022602733 0.16746162
v  -0.16993156 0.027730875 0.167408
v  -0.16756286 0.027706109 0.16740811
v  -0.16761647 0.022577969 0.16746172
v  -0.17012183 0.022600714 0.16713175
v  -0.17006822 0.027728854 0.16707814
v  -0.16742626 0.027701233 0.16707829
v  -0.16747987 0.022573091 0.1671319
v  -0.17016844 0.022597499 0.1667778
v  -0.17011483 0.027725641 0.16672419
v  -0.16737968 0.027697045 0.16672432
v  -0.16743329 0.022568904 0.16677794
v  -0.17006826 0.027721453 0.16637023
v  -0.17012188 0.022593312 0.16642384
v  -0.16747992 0.022565691 0.16642398
v  -0.1674263 0.02769383 0.16637036
v  -0.16993165 0.027716577 0.16604041
v  -0.16998526 0.022588436 0.16609402
v  -0.16761655 0.02256367 0.16609414
v  -0.16756293 0.027691811 0.16604052
v  -0.16971433 0.027711343 0.16575718
v  -0.16976795 0.022583202 0.16581079
v  -0.16783389 0.022562981 0.16581088
v  -0.16778028 0.027691122 0.16575727
v  -0.16943112 0.027706109 0.16553986
v  -0.16948473 0.022577967 0.16559348
v  -0.16806352 0.027691811 0.16553995
v  -0.16811714 0.02256367 0.16559356
v  -0.1691013 0.027701233 0.16540326
v  -0.16915491 0.022573091 0.16545688
v  -0.16839337 0.02769383 0.16540329
v  -0.16844699 0.022565691 0.16545691
v  -0.16874732 0.027697045 0.16535668
v  -0.16880094 0.022568904 0.1654103
v  -0.16654375 0.028086785 0.16395478
v  -0.16733438 0.028090086 0.16347976
v  -0.16590297 0.028087024 0.16461824
v  -0.16822098 0.028096698 0.16322553
v  -0.16590744 0.027659677 0.16462271
v  -0.1654602 0.027663436 0.16542934
v  -0.16590476 0.027916083 0.16462003
v  -0.16822545 0.027669352 0.16323
v  -0.16914764 0.027678827 0.16321392
v  -0.16822277 0.027925758 0.16322732
v  -0.16834688 0.027743859 0.17023459
v  -0.16827467 0.027736221 0.16957611
v  -0.16820386 0.027734911 0.16952176
v  -0.16926906 0.027753333 0.1702185
v  -0.1683571 0.027737439 0.16961025
v  -0.1684456 0.027738485 0.16962188
v  -0.16853407 0.027739288 0.16961025
v  -0.16861653 0.027739793 0.16957606
v  -0.16868737 0.027739966 0.16952173
v  -0.17015567 0.027759945 0.16996427
v  -0.16874167 0.027739793 0.16945092
v  -0.16877583 0.027739288 0.16936848
v  -0.16878751 0.027738485 0.16927998
v  -0.16877586 0.027737439 0.16919149
v  -0.16874172 0.027736221 0.16910906
v  -0.16868739 0.027734911 0.16903822
v  -0.17055097 0.027761593 0.16972676
v  -0.17094631 0.027763244 0.16948925
v  -0.17158706 0.027763007 0.16882581
v  -0.17203429 0.02775925 0.16801915
v  -0.17225754 0.027752228 0.16712424
v  -0.16881269 0.027687339 0.164363
v  -0.1688835 0.027688647 0.16441733
v  -0.16896597 0.027689867 0.16445149
v  -0.16905445 0.027690914 0.16446313
v  -0.16914293 0.027691716 0.16445148
v  -0.16922541 0.027692221 0.1644173
v  -0.16929621 0.027692394 0.164363
v  -0.16935055 0.027692221 0.16429216
v  -0.1693847 0.027691716 0.16420971
v  -0.17224157 0.027742418 0.16620207
v  -0.16939636 0.027690914 0.16412121
v  -0.16938473 0.027689867 0.16403273
v  -0.16935056 0.027688647 0.16395026
v  -0.16929623 0.027687339 0.16387947
v  -0.17004251 0.027690515 0.16343707
v  -0.17198744 0.027730491 0.16531548
v  -0.17084911 0.027703624 0.16388422
v  -0.1715125 0.027717259 0.1645249
v  -0.16654822 0.027659442 0.16395925
v  -0.16733885 0.027662741 0.16348423
v  -0.16875839 0.02768603 0.1642922
v  -0.16872424 0.027684812 0.16420975
v  -0.16871259 0.027683765 0.16412127
v  -0.16872422 0.02768296 0.16403277
v  -0.16875841 0.027682457 0.16395029
v  -0.16881272 0.027682284 0.1638795
v  -0.16888355 0.027682457 0.16382515
v  -0.168966 0.02768296 0.163791
v  -0.16905449 0.027683765 0.16377935
v  -0.16914299 0.027684812 0.16379099
v  -0.16922544 0.02768603 0.16382514
v  -0.16664538 0.027719062 0.16956429
v  -0.16550708 0.027692195 0.16813304
v  -0.16598202 0.027705427 0.1689236
v  -0.16745199 0.027732169 0.17001145
v  -0.16525294 0.027680267 0.16724645
v  -0.16523696 0.027670458 0.16632426
v  -0.16814952 0.027733602 0.16945095
v  -0.16811536 0.027732383 0.16936851
v  -0.16810372 0.027731337 0.16928001
v  -0.16811535 0.027730532 0.16919154
v  -0.16814953 0.027730029 0.16910906
v  -0.16820389 0.027729856 0.16903825
v  -0.16827467 0.027730029 0.16898392
v  -0.16835713 0.027730532 0.16894977
v  -0.16844565 0.027731337 0.1689381
v  -0.16853411 0.027732383 0.16894975
v  -0.16861656 0.027733602 0.16898391
v  -0.16654554 0.027915847 0.16395657
v  -0.16733617 0.027919145 0.16348155
v  -0.16926637 0.028009739 0.17021582
v  -0.17015299 0.028016349 0.16996159
v  -0.17094363 0.02801965 0.16948657
v  -0.17158438 0.028019413 0.16882312
v  -0.16886631 0.022559198 0.16441661
v  -0.16881201 0.02255789 0.16434582
v  -0.16877785 0.02255667 0.16426337
v  -0.16893712 0.022560507 0.16447094
v  -0.1687662 0.022555623 0.16417488
v  -0.16901958 0.022561725 0.16450511
v  -0.16877784 0.02255482 0.16408639
v  -0.16910806 0.022562772 0.16451675
v  -0.16881202 0.022554316 0.16400391
v  -0.16919655 0.022563577 0.16450509
v  -0.16886634 0.022554142 0.16393311
v  -0.16927902 0.022564081 0.16447091
v  -0.16893716 0.022554316 0.16387877
v  -0.16934982 0.022564253 0.16441661
v  -0.16901961 0.02255482 0.16384462
v  -0.16940416 0.022564081 0.16434577
v  -0.16910811 0.022555623 0.16383296
v  -0.16943832 0.022563577 0.16426332
v  -0.16919661 0.02255667 0.1638446
v  -0.16944997 0.022562772 0.16417482
v  -0.16927905 0.02255789 0.16387875
v  -0.16943835 0.022561725 0.16408634
v  -0.16934985 0.022559198 0.16393308
v  -0.16940418 0.022560507 0.16400388
v  -0.17030089 0.021267354 0.17024694
v  -0.17113015 0.022638425 0.16973029
v  -0.17114446 0.021270923 0.16974458
v  -0.17028658 0.022634858 0.17023264
v  -0.16934173 0.022627769 0.17049955
v  -0.16534594 0.022562616 0.16826396
v  -0.16655165 0.022591202 0.16979223
v  -0.1658482 0.022576688 0.16910748
v  -0.16740841 0.022605171 0.17027158
v  -0.16507912 0.022549948 0.16731913
v  -0.16836004 0.022617644 0.17051283
v  -0.16506594 0.022539547 0.16633746
v  -0.16825747 0.02260677 0.16957538
v  -0.16820313 0.022605462 0.16950457
v  -0.16816898 0.022604242 0.16942212
v  -0.16530731 0.02253212 0.16538578
v  -0.16815734 0.022603195 0.16933362
v  -0.16816896 0.022602392 0.16924515
v  -0.16820315 0.022601888 0.16916268
v  -0.1682575 0.022601714 0.16909187
v  -0.16832829 0.022601888 0.16903754
v  -0.16841075 0.022602392 0.16900338
v  -0.16849926 0.022603195 0.16899171
v  -0.16858773 0.022604242 0.16900337
v  -0.16867018 0.022605462 0.16903752
v  -0.168741 0.02260677 0.16909184
v  -0.17181501 0.02263823 0.16902676
v  -0.17229444 0.022634285 0.16816995
v  -0.16731519 0.022531547 0.16332309
v  -0.16825999 0.022538634 0.16305618
v  -0.16924167 0.022548759 0.16304292
v  -0.17253578 0.022626856 0.16721828
v  -0.1725226 0.022616455 0.16623661
v  -0.17019334 0.022561232 0.16328415
v  -0.17225578 0.022603787 0.1652918
v  -0.1710501 0.022575201 0.16376349
v  -0.17175356 0.022589717 0.16444828
v  -0.16832829 0.022608079 0.16962972
v  -0.16841072 0.022609297 0.16966386
v  -0.16849922 0.022610344 0.1696755
v  -0.16858768 0.022611149 0.16966386
v  -0.16867015 0.022611652 0.16962968
v  -0.16874099 0.022611825 0.16957535
v  -0.16879529 0.022611652 0.16950454
v  -0.16882944 0.022611149 0.16942209
v  -0.16884112 0.022610344 0.16933359
v  -0.16882947 0.022609297 0.16924511
v  -0.16879533 0.022608079 0.16916268
v  -0.16578674 0.022528175 0.16452898
v  -0.16647159 0.022527978 0.16382542
v  -0.17182931 0.021270728 0.16904107
v  -0.16837434 0.021250142 0.17052713
v  -0.16742271 0.02123767 0.17028588
v  -0.16656595 0.0212237 0.16980654
v  -0.1658625 0.021209186 0.16912179
v  -0.16536024 0.021195114 0.16827825
v  -0.16508025 0.021172045 0.16635177
v  -0.16532162 0.021164618 0.16540009
v  -0.16580105 0.021160671 0.16454327
v  -0.16648589 0.021160476 0.16383973
v  -0.16732949 0.021164045 0.16333739
v  -0.16925597 0.021181257 0.16305721
v  -0.17020765 0.02119373 0.16329846
v  -0.17106441 0.0212077 0.1637778
v  -0.17176786 0.021222215 0.16446257
v  -0.17227009 0.021236286 0.16530609
v  -0.17253691 0.021248953 0.16625091
v  -0.17255008 0.021259354 0.16723257
v  -0.17230874 0.021266783 0.16818425
v  -0.25588715 0.025450055 -0.14259955
v  -0.25212431 0.02550615 -0.13142148
v  -0.25631154 0.025565494 -0.12976778
v  -0.25075129 0.025601957 -0.11876677
v  -0.26028669 0.025506718 -0.14143544
v  -0.2469195 0.025542052 -0.12083754
v  -0.25814223 0.025374744 -0.15417625
v  -0.24371414 0.025615405 -0.10864653
v  -0.26259944 0.025426777 -0.15354268
v  -0.24036372 0.025557129 -0.11103281
v  -0.25885013 0.025281537 -0.1659492
v  -0.23533715 0.025605567 -0.099604063
v  -0.26320469 0.025327224 -0.16585378
v  -0.23257163 0.025551122 -0.10217874
v  -0.25799841 0.025172062 -0.17771244
v  -0.22578336 0.025572643 -0.09181539
v  -0.26209074 0.025210001 -0.1781292
v  -0.22367945 0.025524132 -0.094430164
v  -0.25560197 0.025048235 -0.1892603
v  -0.21523868 0.025517264 -0.085432082
v  -0.25927919 0.025077386 -0.19012994
v  -0.21384275 0.025476631 -0.087922588
v  -0.25170279 0.024912219 -0.20039085
v  -0.25482482 0.024931964 -0.20162241
v  -0.24644777 0.024768699 -0.21075408
v  -0.246491 0.024769045 -0.21077807
v  -0.24894299 0.024780098 -0.21215256
v  -0.2463941 0.024766594 -0.21092458
v  -0.24878074 0.024776559 -0.21236277
v  -0.24887498 0.024778303 -0.21227433
v  -0.24881428 0.024776557 -0.21238297
v  -0.23998447 0.024610866 -0.22061433
v  -0.24898165 0.02478049 -0.21217424
v  -0.24259949 0.024615383 -0.22271849
v  -0.23223689 0.024451928 -0.22950596
v  -0.23481186 0.024448544 -0.23227176
v  -0.22338368 0.024295012 -0.23729746
v  -0.22577031 0.024283227 -0.24064809
v  -0.21357965 0.02414286 -0.24385256
v  -0.21565086 0.024122644 -0.24768451
v  -0.2029963 0.023998134 -0.24905667
v  -0.20465043 0.023969922 -0.25324398
v  -0.19181864 0.023863366 -0.25281873
v  -0.19298322 0.023828035 -0.25721836
v  -0.18024215 0.02374091 -0.25507301
v  -0.18087626 0.023699744 -0.25953022
v  -0.16846931 0.02363291 -0.25578007
v  -0.16856518 0.023587545 -0.26013461
v  -0.15670598 0.023541257 -0.25492752
v  -0.15628968 0.023493623 -0.25901979
v  -0.14515784 0.023467546 -0.25253031
v  -0.14428863 0.023419805 -0.25620741
v  -0.13402686 0.023413071 -0.24863032
v  -0.13279566 0.023367532 -0.2517522
v  -0.12203445 0.023337817 -0.24574092
v  -0.081594057 0.023260018 -0.18878044
v  -0.077194557 0.023200341 -0.18994451
v  -0.079338506 0.023379624 -0.17720418
v  -0.081170194 0.023098268 -0.20161173
v  -0.07488136 0.023325203 -0.17783776
v  -0.078630179 0.023517791 -0.16543174
v  -0.085357353 0.023161063 -0.19995804
v  -0.074275605 0.023470424 -0.16552711
v  -0.086730883 0.02302097 -0.21261232
v  -0.079481408 0.023672098 -0.15366895
v  -0.090562627 0.02308449 -0.21054158
v  -0.075389117 0.023633176 -0.15325218
v  -0.093768388 0.02296995 -0.22273216
v  -0.081877366 0.023839852 -0.14212155
v  -0.097118787 0.023031633 -0.2203459
v  -0.078200191 0.023810294 -0.14125191
v  -0.10214572 0.022946203 -0.23177427
v  -0.085776135 0.024018116 -0.13099143
v  -0.10491125 0.023003425 -0.22919963
v  -0.082654111 0.023998328 -0.12975988
v  -0.11169985 0.022950193 -0.23956265
v  -0.090869039 0.024192274 -0.12094755
v  -0.090731233 0.024188489 -0.12087099
v  -0.11380371 0.023000356 -0.23694788
v  -0.088361099 0.024180681 -0.11954245
v  -0.12224477 0.022981839 -0.24594572
v  -0.088573113 0.024187453 -0.11916287
v  -0.088240556 0.024177045 -0.11947481
v  -0.097237445 0.024372047 -0.11103502
v  -0.12364067 0.023022473 -0.24345519
v  -0.09462247 0.024365883 -0.10893084
v  -0.10498474 0.024561048 -0.10214371
v  -0.10240979 0.024561655 -0.099377885
v  -0.1138376 0.024752183 -0.094352588
v  -0.11145098 0.024760555 -0.091001891
v  -0.12364123 0.024942107 -0.087797865
v  -0.12157005 0.024958713 -0.083965883
v  -0.13422418 0.025127508 -0.082594194
v  -0.13257003 0.025152268 -0.078406826
v  -0.14540136 0.025305137 -0.078832574
v  -0.1442368 0.025337454 -0.074432917
v  -0.15697739 0.025471888 -0.076578729
v  -0.15634331 0.025510667 -0.072121494
v  -0.16874976 0.025624845 -0.075872168
v  -0.16865389 0.025668534 -0.071517587
v  -0.18051264 0.025761336 -0.07672514
v  -0.18092893 0.025807982 -0.072632909
v  -0.19206028 0.025878973 -0.079122834
v  -0.19292951 0.025926303 -0.075445764
v  -0.20319082 0.025975693 -0.083023272
v  -0.20442204 0.026021183 -0.07990139
v  -0.21370958 0.026049815 -0.088358223
v  -0.21518286 0.026090786 -0.085913092
v  0.076336399 0.025451876 0.18979642
v  0.08009924 0.025507972 0.20097449
v  0.075912043 0.025567316 0.2026282
v  0.081472278 0.025603779 0.2136292
v  0.071936861 0.02550854 0.19096053
v  0.085304067 0.025543874 0.21155843
v  0.074081317 0.025376566 0.17821972
v  0.088509426 0.025617227 0.22374944
v  0.069624126 0.025428599 0.17885329
v  0.091859847 0.02555895 0.22136316
v  0.073373437 0.025283359 0.16644678
v  0.096886411 0.025607388 0.2327919
v  0.069018856 0.025329046 0.16654219
v  0.099651933 0.025552943 0.23021723
v  0.074225157 0.025173884 0.15468353
v  0.1064402 0.025574464 0.24058059
v  0.070132822 0.025211822 0.15426677
v  0.10854411 0.025525954 0.23796581
v  0.076621592 0.025050057 0.14313567
v  0.11698489 0.025519086 0.24696389
v  0.072944373 0.025079207 0.14226604
v  0.11838081 0.025478452 0.24447338
v  0.080520779 0.024914041 0.13200513
v  0.077398747 0.024933785 0.13077356
v  0.085775793 0.024770521 0.12164189
v  0.085732564 0.024770867 0.1216179
v  0.083280578 0.02478192 0.12024342
v  0.085829467 0.024768416 0.12147139
v  0.083442822 0.024778381 0.12003321
v  0.083348587 0.024780124 0.12012164
v  0.08340928 0.024778379 0.120013
v  0.092239097 0.024612688 0.11178164
v  0.08324191 0.024782311 0.12022173
v  0.089624077 0.024617204 0.10967748
v  0.099986672 0.02445375 0.10289002
v  0.097411707 0.024450365 0.10012422
v  0.10883988 0.024296833 0.09509851
v  0.10645325 0.024285048 0.091747887
v  0.11864391 0.024144681 0.088543415
v  0.11657271 0.024124466 0.084711462
v  0.12922727 0.023999956 0.083339304
v  0.12757313 0.023971744 0.079151995
v  0.14040492 0.023865188 0.079577245
v  0.13924034 0.023829857 0.075177617
v  0.15198141 0.023742732 0.077322975
v  0.15134731 0.023701565 0.072865747
v  0.16375425 0.023634732 0.076615907
v  0.16365838 0.023589367 0.072261356
v  0.17551759 0.023543078 0.077468462
v  0.17593388 0.023495445 0.073376186
v  0.18706572 0.023469368 0.079865664
v  0.18793494 0.023421627 0.076188579
v  0.19819671 0.023414893 0.083765663
v  0.1994279 0.023369353 0.080643781
v  0.21018912 0.023339638 0.086655051
v  0.25062951 0.02326184 0.14361553
v  0.25502902 0.023202162 0.14245147
v  0.25288504 0.023381446 0.15519179
v  0.25105336 0.023100089 0.13078424
v  0.25734222 0.023327025 0.15455821
v  0.25359339 0.023519613 0.16696423
v  0.24686621 0.023162885 0.13243793
v  0.25794795 0.023472246 0.16686887
v  0.24549268 0.023022791 0.11978365
v  0.25274214 0.02367392 0.17872702
v  0.24166094 0.023086311 0.12185439
v  0.25683445 0.023634998 0.17914379
v  0.23845518 0.022971772 0.10966382
v  0.25034618 0.023841674 0.19027442
v  0.23510477 0.023033455 0.11205007
v  0.25402337 0.023812115 0.19114406
v  0.23007783 0.022948025 0.10062171
v  0.24644743 0.024019938 0.20140454
v  0.22731231 0.023005247 0.10319634
v  0.24956945 0.024000149 0.20263609
v  0.22052372 0.022952015 0.092833325
v  0.24135453 0.024194095 0.21144842
v  0.24149233 0.02419031 0.21152498
v  0.21841985 0.023002177 0.095448092
v  0.24386247 0.024182502 0.21285352
v  0.20997879 0.022983661 0.086450256
v  0.24365045 0.024189275 0.2132331
v  0.243983 0.024178866 0.21292116
v  0.23498613 0.024373868 0.22136095
v  0.20858289 0.023024295 0.088940784
v  0.2376011 0.024367705 0.22346513
v  0.22723883 0.024562869 0.23025227
v  0.22981377 0.024563476 0.23301809
v  0.21838596 0.024754005 0.23804338
v  0.22077259 0.024762377 0.24139407
v  0.20858234 0.024943929 0.24459811
v  0.21065351 0.024960535 0.24843009
v  0.19799939 0.025129329 0.24980178
v  0.19965354 0.02515409 0.25398916
v  0.18682221 0.025306959 0.2535634
v  0.18798676 0.025339276 0.25796306
v  0.17524618 0.02547371 0.25581723
v  0.17588025 0.025512489 0.26027447
v  0.1634738 0.025626667 0.25652379
v  0.16356967 0.025670355 0.26087838
v  0.15171093 0.025763158 0.25567085
v  0.15129463 0.025809804 0.25976306
v  0.14016329 0.025880795 0.25327313
v  0.13929406 0.025928125 0.2569502
v  0.12903275 0.025977515 0.24937269
v  0.12780152 0.026023004 0.25249457
v  0.11851399 0.026051637 0.24403775
v  0.11704071 0.026092608 0.24648288
v  0.076470509 0.021975275 -0.14258128
v  0.08023335 0.022031371 -0.13140321
v  0.076046154 0.022090714 -0.12974951
v  0.081606388 0.022127178 -0.1187485
v  0.072070971 0.022031939 -0.14141718
v  0.085438177 0.022067273 -0.12081927
v  0.074215427 0.021899965 -0.15415798
v  0.088643536 0.022140626 -0.10862826
v  0.069758236 0.021951998 -0.15352441
v  0.091993958 0.022082349 -0.11101454
v  0.073507547 0.021806758 -0.16593093
v  0.097020522 0.022130787 -0.099585794
v  0.069152966 0.021852445 -0.16583551
v  0.099786043 0.022076342 -0.10216047
v  0.074359268 0.021697283 -0.17769417
v  0.10657431 0.022097863 -0.091797121
v  0.070266932 0.021735221 -0.17811093
v  0.10867822 0.022049353 -0.094411895
v  0.076755702 0.021573456 -0.18924204
v  0.117119 0.022042485 -0.085413814
v  0.073078483 0.021602606 -0.19011167
v  0.11851493 0.022001851 -0.087904319
v  0.080654889 0.02143744 -0.20037258
v  0.077532858 0.021457184 -0.20160414
v  0.085909903 0.02129392 -0.21073581
v  0.085866675 0.021294266 -0.2107598
v  0.083414689 0.021305319 -0.21213429
v  0.085963577 0.021291815 -0.21090631
v  0.083576933 0.02130178 -0.2123445
v  0.083482698 0.021303523 -0.21225606
v  0.08354339 0.021301778 -0.2123647
v  0.092373207 0.021136086 -0.22059606
v  0.08337602 0.02130571 -0.21215597
v  0.089758188 0.021140603 -0.22270022
v  0.10012078 0.020977149 -0.22948769
v  0.097545817 0.020973764 -0.23225349
v  0.10897399 0.020820232 -0.23727919
v  0.10658737 0.020808447 -0.24062982
v  0.11877802 0.02066808 -0.24383429
v  0.11670682 0.020647865 -0.24766624
v  0.12936138 0.020523354 -0.2490384
v  0.12770724 0.020495143 -0.25322571
v  0.14053904 0.020388586 -0.25280046
v  0.13937445 0.020353256 -0.25720009
v  0.15211552 0.020266131 -0.25505471
v  0.15148142 0.020224964 -0.25951195
v  0.16388837 0.020158131 -0.2557618
v  0.16379249 0.020112766 -0.26011634
v  0.1756517 0.020066477 -0.25490925
v  0.17606799 0.020018844 -0.25900152
v  0.18719983 0.019992767 -0.25251204
v  0.18806905 0.019945025 -0.25618911
v  0.19833082 0.019938292 -0.24861205
v  0.19956201 0.019892752 -0.25173393
v  0.21032323 0.019863037 -0.24572265
v  0.25076362 0.019785238 -0.18876217
v  0.25516313 0.019725561 -0.18992624
v  0.25301915 0.019904844 -0.17718591
v  0.25118747 0.019623488 -0.20159346
v  0.25747633 0.019850424 -0.17781949
v  0.2537275 0.020043012 -0.16541347
v  0.24700032 0.019686284 -0.19993977
v  0.25808206 0.019995645 -0.16550884
v  0.24562679 0.01954619 -0.21259405
v  0.25287625 0.020197319 -0.15365069
v  0.24179505 0.01960971 -0.21052331
v  0.25696856 0.020158397 -0.15323392
v  0.23858929 0.019495171 -0.22271389
v  0.25048029 0.020365072 -0.14210328
v  0.23523888 0.019556854 -0.22032763
v  0.25415748 0.020335514 -0.14123364
v  0.23021194 0.019471424 -0.231756
v  0.24658154 0.020543337 -0.13097316
v  0.22744642 0.019528646 -0.22918136
v  0.24970356 0.020523548 -0.12974161
v  0.22065783 0.019475413 -0.23954438
v  0.24148864 0.020717494 -0.12092929
v  0.24162644 0.020713709 -0.12085272
v  0.21855396 0.019525576 -0.23692961
v  0.24399658 0.020705901 -0.11952418
v  0.2101129 0.01950706 -0.24592745
v  0.24378456 0.020712674 -0.1191446
v  0.24411711 0.020702265 -0.11945654
v  0.23512024 0.020897267 -0.11101675
v  0.208717 0.019547693 -0.24343692
v  0.23773521 0.020891104 -0.10891257
v  0.22737294 0.021086268 -0.10212544
v  0.22994788 0.021086875 -0.099359617
v  0.21852008 0.021277403 -0.094334319
v  0.2209067 0.021285776 -0.090983622
v  0.20871645 0.021467328 -0.087779596
v  0.21078762 0.021483934 -0.083947614
v  0.1981335 0.021652728 -0.082575925
v  0.19978765 0.021677488 -0.078388557
v  0.18695632 0.021830358 -0.078814305
v  0.18812087 0.021862675 -0.074414648
v  0.17538029 0.021997109 -0.07656046
v  0.17601436 0.022035887 -0.072103225
v  0.16360791 0.022150066 -0.075853899
v  0.16370378 0.022193754 -0.071499318
v  0.15184504 0.022286557 -0.076706871
v  0.15142874 0.022333203 -0.07261464
v  0.1402974 0.022404194 -0.079104565
v  0.13942817 0.022451524 -0.075427495
v  0.12916686 0.022500914 -0.083005004
v  0.12793563 0.022546403 -0.079883121
v  0.1186481 0.022575036 -0.088339955
v  0.11717482 0.022616006 -0.085894823
v  -0.25586891 0.028924853 0.18975821
v  -0.25210607 0.028980948 0.20093629
v  -0.2562933 0.029040292 0.20258999
v  -0.25073305 0.029076755 0.21359099
v  -0.26026845 0.028981516 0.19092232
v  -0.24690126 0.029016851 0.21152022
v  -0.25812399 0.028849542 0.17818151
v  -0.2436959 0.029090203 0.22371124
v  -0.2625812 0.028901575 0.17881508
v  -0.24034548 0.029031927 0.22132495
v  -0.25883189 0.028756335 0.16640857
v  -0.23531891 0.029080365 0.23275369
v  -0.26318645 0.028802022 0.16650398
v  -0.23255339 0.02902592 0.23017903
v  -0.25798017 0.02864686 0.15464532
v  -0.22576512 0.029047441 0.24054238
v  -0.2620725 0.028684799 0.15422857
v  -0.22366121 0.02899893 0.2379276
v  -0.25558373 0.028523033 0.14309746
v  -0.21522044 0.028992062 0.24692568
v  -0.25926095 0.028552184 0.14222783
v  -0.21382451 0.028951429 0.24443518
v  -0.25168455 0.028387018 0.13196692
v  -0.25480658 0.028406762 0.13073535
v  -0.24642953 0.028243497 0.12160368
v  -0.24647276 0.028243843 0.12157969
v  -0.24892475 0.028254896 0.12020521
v  -0.24637586 0.028241392 0.12143318
v  -0.2487625 0.028251357 0.11999501
v  -0.24885674 0.028253101 0.12008344
v  -0.24879605 0.028251356 0.11997479
v  -0.23996623 0.028085664 0.11174344
v  -0.24896342 0.028255288 0.12018353
v  -0.24258125 0.028090181 0.10963927
v  -0.23221865 0.027926726 0.10285182
v  -0.23479362 0.027923342 0.10008601
v  -0.22336544 0.02776981 0.095060304
v  -0.22575207 0.027758025 0.091709681
v  -0.21356142 0.027617658 0.088505208
v  -0.21563262 0.027597442 0.084673256
v  -0.20297806 0.027472932 0.083301097
v  -0.20463219 0.02744472 0.079113789
v  -0.1918004 0.027338164 0.079539038
v  -0.19296499 0.027302833 0.075139411
v  -0.18022391 0.027215708 0.077284768
v  -0.18085802 0.027174542 0.07282754
v  -0.16845107 0.027107708 0.076577701
v  -0.16854694 0.027062343 0.072223149
v  -0.15668774 0.027016055 0.077430256
v  -0.15627144 0.026968421 0.07333798
v  -0.1451396 0.026942344 0.079827458
v  -0.14427039 0.026894603 0.076150373
v  -0.13400862 0.026887869 0.083727457
v  -0.13277742 0.02684233 0.080605574
v  -0.12201621 0.026812615 0.086616844
v  -0.081575818 0.026734816 0.14357732
v  -0.077176318 0.026675139 0.14241326
v  -0.079320267 0.026854422 0.15515359
v  -0.081151955 0.026573066 0.13074604
v  -0.074863121 0.026800001 0.15452
v  -0.07861194 0.026992589 0.16692603
v  -0.085339114 0.026635861 0.13239972
v  -0.074257366 0.026945222 0.16683066
v  -0.086712644 0.026495768 0.11974545
v  -0.079463169 0.027146896 0.17868881
v  -0.090544388 0.026559288 0.12181619
v  -0.075370878 0.027107975 0.17910558
v  -0.093750149 0.026444748 0.10962562
v  -0.081859127 0.02731465 0.19023621
v  -0.097100548 0.026506431 0.11201186
v  -0.078181952 0.027285092 0.19110586
v  -0.10212748 0.026421001 0.1005835
v  -0.085757896 0.027492914 0.20136634
v  -0.10489301 0.026478224 0.10315813
v  -0.082635872 0.027473126 0.20259789
v  -0.11168161 0.026424991 0.092795119
v  -0.0908508 0.027667072 0.21141021
v  -0.090712994 0.027663287 0.21148677
v  -0.11378548 0.026475154 0.095409885
v  -0.08834286 0.027655479 0.21281531
v  -0.12222653 0.026456637 0.08641205
v  -0.088554874 0.027662251 0.21319489
v  -0.088222317 0.027651843 0.21288295
v  -0.097219206 0.027846845 0.22132275
v  -0.12362243 0.026497271 0.088902578
v  -0.094604231 0.027840681 0.22342692
v  -0.1049665 0.028035846 0.23021406
v  -0.10239156 0.028036453 0.23297988
v  -0.11381936 0.028226981 0.23800518
v  -0.11143274 0.028235354 0.24135587
v  -0.12362299 0.028416906 0.2445599
v  -0.12155181 0.028433511 0.24839188
v  -0.13420594 0.028602306 0.24976358
v  -0.13255179 0.028627066 0.25395095
v  -0.14538312 0.028779935 0.2535252
v  -0.14421856 0.028812252 0.25792485
v  -0.15695915 0.028946687 0.25577903
v  -0.15632507 0.028985465 0.26023626
v  -0.16873153 0.029099643 0.25648558
v  -0.16863565 0.029143332 0.26084018
v  -0.1804944 0.029236134 0.25563264
v  -0.18091069 0.02928278 0.25972486
v  -0.19204204 0.029353771 0.25323492
v  -0.19291127 0.029401101 0.25691199
v  -0.20317258 0.029450491 0.24933448
v  -0.2044038 0.029495981 0.25245637
v  -0.21369134 0.029524613 0.24399954
v  -0.21516462 0.029565584 0.24644467
v  -0.16884544 0.024545744 -0.16976592
v  -0.16464432 0.024422655 -0.16581747
v  -0.16556175 0.024257593 -0.1679319
v  -0.17283578 0.02439582 -0.16556366
v  -0.17077149 0.024430923 -0.16908436
v  -0.16470338 0.02434171 -0.16671713
v  -0.1669194 0.024600696 -0.16218357
v  -0.17277823 0.024332484 -0.16466245
v  -0.17003241 0.024466589 -0.16960585
v  -0.16944978 0.024502743 -0.16976801
v  -0.17192154 0.024255853 -0.16344602
v  -0.16747378 0.024648996 -0.16194396
v  -0.16511884 0.024281286 -0.16751912
v  -0.10392057 0.024254045 -0.12819314
v  -0.16495159 0.024510588 -0.16497052
v  -0.1662591 0.024546947 -0.16280049
v  -0.17096297 0.024424927 -0.16884874
v  -0.17252693 0.024459584 -0.16641219
v  -0.16914748 0.024523582 -0.16978779
v  -0.16480458 0.024318699 -0.16700251
v  -0.16718841 0.024623875 -0.16204463
v  -0.16974661 0.024483627 -0.16970697
v  -0.16470736 0.024451915 -0.16552188
v  -0.1680719 0.024703145 -0.1618641
v  -0.17215694 0.024266774 -0.16363752
v  -0.16494392 0.024298433 -0.16727154
v  -0.17054972 0.024439985 -0.16929157
v  -0.17277221 0.02441757 -0.16585976
v  -0.16866902 0.024759095 -0.16195011
v  -0.16837342 0.024731159 -0.1618865
v  -0.16854931 0.024568819 -0.16970286
v  -0.16645035 0.024561867 -0.16256508
v  -0.17283884 0.024352873 -0.16495933
v  -0.16667181 0.024579898 -0.16235815
v  -0.16464232 0.024367029 -0.16642077
v  -0.1703018 0.024451951 -0.1694665
v  -0.17236392 0.024280168 -0.16385931
v  -0.16462252 0.024394181 -0.16611901
v  -0.16777013 0.024675585 -0.16188338
v  -0.17253852 0.024295785 -0.16410725
v  -0.17267749 0.024313334 -0.16437665
v  -0.17285812 0.024374116 -0.1652616
v  -0.16532612 0.024267588 -0.16774063
v  -0.16799688 0.024615953 -0.16945858
v  0.16337812 0.024547566 0.16263005
v  0.16757925 0.024424477 0.1665785
v  0.16666181 0.024259415 0.16446407
v  0.15938778 0.024397641 0.16683231
v  0.16145207 0.024432745 0.16331162
v  0.16752018 0.024343532 0.16567884
v  0.16530417 0.024602517 0.1702124
v  0.15944533 0.024334306 0.16773352
v  0.16219115 0.024468411 0.16279012
v  0.16277379 0.024504565 0.16262797
v  0.16030203 0.024257675 0.16894995
v  0.16474979 0.024650818 0.17045201
v  0.16710472 0.024283107 0.16487685
v  0.22830299 0.024255866 0.20420283
v  0.16727197 0.02451241 0.16742545
v  0.16596447 0.024548769 0.16959548
v  0.16126059 0.024426749 0.16354723
v  0.15969664 0.024461405 0.16598378
v  0.16307609 0.024525404 0.16260818
v  0.16741899 0.02432052 0.16539346
v  0.16503516 0.024625696 0.17035134
v  0.16247696 0.024485448 0.162689
v  0.1675162 0.024453737 0.1668741
v  0.16415167 0.024704967 0.17053187
v  0.16006662 0.024268596 0.16875845
v  0.16727965 0.024300255 0.16512443
v  0.16167384 0.024441807 0.1631044
v  0.15945135 0.024419392 0.16653621
v  0.16355455 0.024760917 0.17044586
v  0.16385014 0.024732981 0.17050947
v  0.16367425 0.02457064 0.16269311
v  0.16577321 0.024563689 0.16983089
v  0.15938473 0.024354694 0.16743664
v  0.16555175 0.024581719 0.17003782
v  0.16758125 0.024368851 0.1659752
v  0.16192177 0.024453772 0.16292948
v  0.15985964 0.02428199 0.16853666
v  0.16760105 0.024396002 0.16627696
v  0.16445343 0.024677407 0.17051259
v  0.15968505 0.024297606 0.16828872
v  0.15954608 0.024315156 0.16801932
v  0.15936545 0.024375938 0.16713437
v  0.16689745 0.024269409 0.16465534
v  0.16422668 0.024617774 0.16293739
v  0.16351223 0.021070965 -0.16974765
v  0.16771336 0.020947875 -0.1657992
v  0.16679592 0.020782813 -0.16791363
v  0.15952189 0.02092104 -0.16554539
v  0.16158618 0.020956144 -0.16906609
v  0.16765429 0.02086693 -0.16669886
v  0.16543828 0.021125916 -0.1621653
v  0.15957944 0.020857705 -0.16464418
v  0.16232526 0.02099181 -0.16958758
v  0.1629079 0.021027964 -0.16974974
v  0.16043614 0.020781074 -0.16342776
v  0.1648839 0.021174217 -0.16192569
v  0.16723883 0.020806506 -0.16750085
v  0.2284371 0.020779265 -0.12817487
v  0.16740608 0.021035809 -0.16495225
v  0.16609858 0.021072168 -0.16278222
v  0.1613947 0.020950148 -0.16883047
v  0.15983075 0.020984804 -0.16639392
v  0.1632102 0.021048803 -0.16976953
v  0.1675531 0.020843919 -0.16698425
v  0.16516927 0.021149095 -0.16202636
v  0.16261107 0.021008847 -0.1696887
v  0.16765031 0.020977136 -0.16550361
v  0.16428578 0.021228366 -0.16184583
v  0.16020073 0.020791994 -0.16361925
v  0.16741376 0.020823654 -0.16725327
v  0.16180795 0.020965206 -0.1692733
v  0.15958546 0.02094279 -0.16584149
v  0.16368866 0.021284316 -0.16193184
v  0.16398425 0.02125638 -0.16186823
v  0.16380836 0.021094039 -0.16968459
v  0.16590732 0.021087088 -0.16254681
v  0.15951884 0.020878093 -0.16494106
v  0.16568586 0.021105118 -0.16233988
v  0.16771536 0.020892249 -0.1664025
v  0.16205588 0.020977171 -0.16944823
v  0.15999375 0.020805389 -0.16384104
v  0.16773516 0.020919401 -0.16610074
v  0.16458754 0.021200806 -0.16186512
v  0.15981916 0.020821005 -0.16408898
v  0.15968019 0.020838555 -0.16435838
v  0.15949956 0.020899337 -0.16524333
v  0.16703156 0.020792808 -0.16772236
v  0.16436079 0.021141173 -0.16944031
v  -0.16882721 0.028020542 0.16259184
v  -0.16462608 0.027897453 0.16654029
v  -0.16554351 0.027732391 0.16442586
v  -0.17281754 0.027870618 0.16679411
v  -0.17075326 0.027905721 0.16327341
v  -0.16468515 0.027816508 0.16564064
v  -0.16690116 0.028075494 0.1701742
v  -0.17275999 0.027807282 0.16769531
v  -0.17001417 0.027941387 0.16275191
v  -0.16943154 0.027977541 0.16258976
v  -0.1719033 0.027730651 0.16891174
v  -0.16745554 0.028123794 0.17041381
v  -0.1651006 0.027756084 0.16483864
v  -0.10390233 0.027728843 0.20416462
v  -0.16493335 0.027985387 0.16738725
v  -0.16624086 0.028021745 0.16955727
v  -0.17094474 0.027899725 0.16350903
v  -0.17250869 0.027934382 0.16594557
v  -0.16912924 0.02799838 0.16256997
v  -0.16478634 0.027793497 0.16535525
v  -0.16717017 0.028098673 0.17031313
v  -0.16972837 0.027958425 0.16265079
v  -0.16468912 0.027926713 0.16683589
v  -0.16805366 0.028177943 0.17049366
v  -0.17213871 0.027741572 0.16872025
v  -0.16492568 0.027773231 0.16508622
v  -0.17053148 0.027914783 0.16306619
v  -0.17275397 0.027892368 0.16649801
v  -0.16865078 0.028233893 0.17040765
v  -0.16835518 0.028205957 0.17047127
v  -0.16853108 0.028043617 0.16265491
v  -0.16643211 0.028036665 0.16979268
v  -0.1728206 0.027827671 0.16739844
v  -0.16665357 0.028054696 0.16999961
v  -0.16462408 0.027841827 0.16593699
v  -0.17028356 0.027926749 0.16289127
v  -0.17234568 0.027754966 0.16849846
v  -0.16460428 0.027868979 0.16623875
v  -0.16775189 0.028150383 0.17047438
v  -0.17252028 0.027770583 0.16825052
v  -0.17265925 0.027788132 0.16798112
v  -0.17283988 0.027848914 0.16709617
v  -0.16530788 0.027742386 0.16461714
v  -0.16797864 0.028090751 0.16289918

# 0 UV coordinates

# 2457 vertex normals
vn -5.4084368e-05 -0.010454425 -0.99994534
vn -5.4036926e-05 -0.010454426 -0.99994534
vn 0.99994534 -0.01045436 5.4701104e-05
vn 0.99981284 -0.019342588 -0.00031995928
vn 0.48887765 -0.014231183 -0.87223625
vn -0.48887834 0.014231187 0.87223595
vn 0.87229365 -0.004007855 0.48896614
vn 0.010454379 0.99989069 -0.01045442
vn -0.48887813 0.014231184 0.87223595
vn 0.48887807 -0.014231185 -0.87223601
vn 0.19323672 -0.012278082 -0.98107535
vn -0.010454379 -0.99989069 0.01045442
vn 0.19323158 -0.012278039 -0.98107642
vn 0.48153847 -0.014197042 -0.87630999
vn 0.48155326 -0.01419711 -0.87630177
vn -0.68447566 0.014777451 0.72888595
vn 0.87229228 -0.0040078186 0.48896828
vn 0.51603627 -0.014350049 -0.85644656
vn 0.51603621 -0.014350048 -0.8564465
vn -0.51603615 0.014350048 0.85644656
vn -0.8722899 0.0040077488 -0.48897263
vn 0.87228954 -0.0040077381 0.48897323
vn 0.48887092 -0.014231154 -0.87224007
vn 0.010454377 0.99989069 -0.01045442
vn 0.87228972 -0.0040077413 0.48897311
vn -0.87228966 0.0040077418 -0.48897305
vn -0.98109651 0.0082363468 -0.19334327
vn -0.010454377 -0.99989069 0.01045442
vn -0.98109758 0.008236412 -0.19333814
vn -0.87636286 0.0041270633 -0.48163387
vn -0.87635469 0.0041268235 -0.48164868
vn 0.72896087 -0.00046424606 0.68455511
vn 0.48887315 -0.014231162 -0.87223876
vn -0.85650319 0.0035587503 -0.51612949
vn -0.85650319 0.0035587503 -0.51612943
vn 0.85650325 -0.0035587517 0.51612937
vn 0.51603669 -0.014350052 -0.85644633
vn 0.51603663 -0.014350051 -0.85644627
vn 0.48887724 -0.014231176 -0.87223643
vn -0.48887786 0.014231181 0.87223613
vn 0.87229371 -0.0040078564 0.48896584
vn 0.01045438 0.99989069 -0.010454419
vn -0.48887765 0.01423118 0.87223619
vn 0.48887765 -0.014231179 -0.87223625
vn 0.19323611 -0.012278074 -0.98107553
vn -0.01045438 -0.99989069 0.010454419
vn 0.19323097 -0.012278031 -0.98107648
vn 0.48153806 -0.014197035 -0.87631017
vn 0.48155284 -0.014197105 -0.87630206
vn -0.6844753 0.014777446 0.72888625
vn 0.87229252 -0.00400782 0.48896804
vn 0.5160358 -0.014350044 -0.85644674
vn 0.5160358 -0.014350043 -0.8564468
vn -0.51603574 0.014350043 0.85644686
vn -0.87229002 0.0040077479 -0.48897231
vn 0.87228972 -0.0040077381 0.48897302
vn 0.48887071 -0.01423115 -0.87224019
vn 0.01045438 0.99989069 -0.010454418
vn 0.87228972 -0.0040077404 0.48897278
vn -0.87228984 0.0040077413 -0.48897278
vn -0.98109663 0.0082363458 -0.19334318
vn -0.01045438 -0.99989069 0.010454418
vn -0.98109758 0.0082364092 -0.19333801
vn -0.87636292 0.0041270633 -0.48163363
vn -0.87635481 0.0041268235 -0.48164842
vn 0.72896117 -0.00046424812 0.68455482
vn 0.48887289 -0.01423116 -0.87223899
vn -0.85650331 0.0035587498 -0.51612926
vn -0.85650331 0.0035587498 -0.5161292
vn 0.85650337 -0.0035587512 0.51612914
vn 0.48887724 -0.01423118 -0.87223643
vn -0.48887786 0.014231186 0.87223613
vn 0.87229371 -0.0040078573 0.48896584
vn 0.010454378 0.99989069 -0.010454422
vn -0.48887765 0.014231185 0.87223619
vn 0.19323611 -0.012278078 -0.98107553
vn -0.010454378 -0.99989069 0.010454422
vn 0.19323097 -0.012278034 -0.98107648
vn 0.48153806 -0.014197039 -0.87631017
vn 0.48155284 -0.014197109 -0.87630206
vn -0.6844753 0.014777452 0.72888625
vn 0.87229252 -0.0040078214 0.48896804
vn 0.5160358 -0.014350046 -0.85644674
vn 0.5160358 -0.014350048 -0.8564468
vn -0.51603574 0.014350048 0.85644686
vn -0.87229002 0.0040077497 -0.48897231
vn 0.87228972 -0.0040077395 0.48897302
vn 0.48887071 -0.014231152 -0.87224019
vn 0.01045438 0.99989069 -0.010454422
vn 0.87228972 -0.0040077423 0.48897278
vn -0.87228984 0.0040077427 -0.48897278
vn -0.98109663 0.0082363477 -0.19334318
vn -0.01045438 -0.99989069 0.010454422
vn -0.98109758 0.008236411 -0.19333801
vn -0.87636292 0.0041270647 -0.48163363
vn -0.87635481 0.0041268249 -0.48164842
vn 0.72896117 -0.00046424937 0.68455482
vn 0.48887289 -0.014231162 -0.87223899
vn -0.85650331 0.0035587514 -0.51612926
vn -0.85650331 0.0035587514 -0.5161292
vn 0.85650337 -0.0035587528 0.51612914
vn 0.48887703 -0.014231184 -0.87223655
vn -0.48887771 0.014231188 0.87223625
vn 0.87229371 -0.0040078587 0.48896581
vn 0.010454392 0.99989069 -0.010454449
vn -0.48887748 0.014231186 0.87223637
vn 0.48887751 -0.014231186 -0.87223637
vn 0.19323595 -0.01227808 -0.98107553
vn -0.010454392 -0.99989069 0.010454449
vn 0.19323078 -0.012278036 -0.98107648
vn 0.48153785 -0.014197042 -0.87631023
vn 0.48155263 -0.014197111 -0.87630212
vn -0.68447506 0.014777455 0.72888637
vn 0.87229252 -0.0040078228 0.48896804
vn 0.51603562 -0.014350051 -0.85644698
vn 0.51603556 -0.01435005 -0.85644692
vn -0.5160355 0.01435005 0.85644698
vn -0.87229002 0.0040077507 -0.48897243
vn 0.87228966 -0.0040077399 0.48897302
vn 0.4888705 -0.014231154 -0.8722403
vn 0.010454391 0.99989069 -0.01045445
vn 0.87228978 -0.0040077432 0.48897284
vn -0.87228984 0.0040077437 -0.48897281
vn -0.98109663 0.0082363496 -0.19334315
vn -0.010454391 -0.99989069 0.01045445
vn -0.98109758 0.0082364138 -0.19333801
vn -0.87636298 0.0041270657 -0.48163369
vn -0.87635475 0.0041268254 -0.48164842
vn 0.72896117 -0.00046424894 0.68455487
vn 0.48887268 -0.014231164 -0.87223905
vn -0.85650331 0.0035587521 -0.51612926
vn -0.85650331 0.0035587524 -0.5161292
vn 0.85650337 -0.0035587535 0.51612914
vn -0.010454372 -0.99989069 0.010454427
vn 0.010454372 0.99989069 -0.010454427
vn -0.70710683 -3.8955804e-08 -0.70710683
vn 0.010454571 0.99989069 -0.010454226
vn 0.70710683 3.8955804e-08 0.70710683
vn -0.70702952 0.014784742 0.70702952
vn 0.70702952 -0.014784742 -0.70702952
vn 0.6674397 -0.33022493 -0.6674397
vn 0.66744173 -0.33021697 -0.66744167
vn 0.70711017 -3.1018306e-08 0.70710343
vn 5.4036926e-05 0.010454426 0.99994534
vn 5.4084368e-05 0.010454425 0.99994534
vn -0.99981284 0.019342588 0.00031995928
vn -0.99994534 0.01045436 -5.4701104e-05
vn -5.5033215e-05 -0.010454415 -0.99994534
vn -0.0006149963 -0.019324584 -0.99981308
vn 0.010454373 0.99989074 -0.010454422
vn -0.010454373 -0.99989074 0.010454422
vn 5.4748562e-05 0.010454419 0.99994534
vn 5.5412751e-05 0.010454412 0.9999454
vn -0.99994534 0.010454365 -5.4274125e-05
vn -0.010454161 -0.99989074 0.010454633
vn -0.99994534 0.010454361 -5.4796004e-05
vn 5.5033215e-05 0.010454415 0.99994534
vn 0.9999454 -0.010454359 5.4938326e-05
vn 0.9999454 -0.010454357 5.5128097e-05
vn 0.70710677 4.1160856e-08 0.70710677
vn -0.70702958 0.014784741 0.70702946
vn -0.70710677 -4.1160856e-08 -0.70710677
vn 0.70702958 -0.014784741 -0.70702946
vn -5.4463904e-05 -0.010454421 -0.99994534
vn 0.9999454 -0.010454396 5.1427585e-05
vn 0.9999454 -0.01045436 5.484344e-05
vn 0.9999454 -0.010454366 5.4179247e-05
vn 0.99994534 -0.010454365 5.4274125e-05
vn -0.19323672 0.012278082 0.98107535
vn -0.19323158 0.012278039 0.98107642
vn -0.48155326 0.01419711 0.87630177
vn -0.48153847 0.014197042 0.87630999
vn 0.68447566 -0.014777451 -0.72888595
vn -0.87229228 0.0040078186 -0.48896828
vn 0.98109651 -0.0082363468 0.19334327
vn 0.98109758 -0.008236412 0.19333814
vn 0.87635469 -0.0041268235 0.48164868
vn 0.87636286 -0.0041270633 0.48163387
vn -0.72896087 0.00046424606 -0.68455511
vn -0.48887315 0.014231162 0.87223876
vn -0.51603663 0.014350051 0.85644627
vn -0.51603669 0.014350052 0.85644633
vn -0.19323611 0.012278074 0.98107553
vn -0.19323097 0.012278031 0.98107648
vn -0.48155284 0.014197105 0.87630206
vn -0.48153806 0.014197035 0.87631017
vn 0.6844753 -0.014777446 -0.72888625
vn -0.87229252 0.00400782 -0.48896804
vn 0.98109663 -0.0082363458 0.19334318
vn 0.98109758 -0.0082364092 0.19333801
vn 0.87635481 -0.0041268235 0.48164842
vn 0.87636292 -0.0041270633 0.48163363
vn -0.72896117 0.00046424812 -0.68455482
vn -0.48887289 0.01423116 0.87223899
vn -0.19323611 0.012278078 0.98107553
vn -0.19323097 0.012278034 0.98107648
vn -0.48155284 0.014197109 0.87630206
vn -0.48153806 0.014197039 0.87631017
vn 0.6844753 -0.014777452 -0.72888625
vn -0.87229252 0.0040078214 -0.48896804
vn 0.98109663 -0.0082363477 0.19334318
vn 0.98109758 -0.008236411 0.19333801
vn 0.87635481 -0.0041268249 0.48164842
vn 0.87636292 -0.0041270647 0.48163363
vn -0.72896117 0.00046424937 -0.68455482
vn -0.48887289 0.014231162 0.87223899
vn -0.19323595 0.01227808 0.98107553
vn -0.19323078 0.012278036 0.98107648
vn -0.48155263 0.014197111 0.87630212
vn -0.48153785 0.014197042 0.87631023
vn 0.68447506 -0.014777455 -0.72888637
vn -0.87229252 0.0040078228 -0.48896804
vn 0.98109663 -0.0082363496 0.19334315
vn 0.98109758 -0.0082364138 0.19333801
vn 0.87635475 -0.0041268254 0.48164842
vn 0.87636298 -0.0041270657 0.48163369
vn -0.72896117 0.00046424894 -0.68455487
vn -0.48887268 0.014231164 0.87223905
vn 0.010453766 0.99989069 -0.010455032
vn 0.01045495 0.99989069 -0.010453848
vn 0.010459431 0.99989069 -0.010449367
vn 0.010455227 0.99989069 -0.010453572
vn 0.010454955 0.99989069 -0.010453844
vn 0.010453788 0.99989069 -0.01045501
vn 0.010453516 0.99989069 -0.010455282
vn 0.010455732 0.99989069 -0.010453066
vn 0.010453057 0.99989069 -0.010455741
vn 0.010458225 0.99989069 -0.010450573
vn 0.01045266 0.99989069 -0.010456137
vn 0.01045367 0.99989069 -0.010455128
vn 0.010454773 0.99989069 -0.010454025
vn 0.010453571 0.99989069 -0.010455227
vn 0.010468066 0.99989069 -0.010440732
vn 0.010450516 0.99989069 -0.010458282
vn 0.010427997 0.99989069 -0.010480801
vn 0.010443957 0.99989069 -0.010464841
vn 0.010454618 0.99989069 -0.01045418
vn 0.010455022 0.99989069 -0.010453776
vn 0.010453613 0.99989069 -0.010455185
vn -0.66751122 0.31620622 -0.67412347
vn -0.66751331 0.31619748 -0.67412537
vn 0.70702946 -0.014785924 -0.70702946
vn 0.67405355 0.30216488 -0.67405361
vn 0.67405307 0.30216709 -0.67405307
vn 0.70710433 9.0936595e-08 0.70710927
vn -0.70710927 1.3024982e-08 -0.70710433
vn -0.66744363 0.33020905 0.66744357
vn -0.66744173 0.33021697 0.66744167
vn -0.66743499 0.33024424 0.66743493
vn 0.25882936 0.0073927804 0.96589476
vn 0.25886971 0.0073922463 0.96588397
vn 7.6239994e-05 0.010454193 0.99994534
vn -0.25869834 0.01280357 0.9658733
vn -0.25874931 0.01280396 0.96585959
vn 0.49992624 0.0038281577 0.8660596
vn 0.50003517 0.0038263614 0.86599666
vn 0.38271484 0.0056578848 0.92384917
vn -0.38319451 0.013723936 0.92356569
vn -0.50029802 0.014435203 0.86573297
vn -0.49996603 0.014281154 0.86592728
vn 0.70699894 2.2950037e-06 0.70721471
vn 0.60876822 0.0019298951 0.79334575
vn 0.60889149 0.0019276184 0.79325122
vn -0.60829008 0.014748848 0.79357779
vn -0.609267 0.014659674 0.79282963
vn -0.70737469 0.01478474 0.70668411
vn 0.86593378 -0.0038244892 0.500144
vn 0.86599666 -0.0038262857 0.50003517
vn 0.79330897 -0.0019289313 0.60881621
vn 0.7932905 -0.0019284873 0.60884023
vn -0.79307169 0.0146589 0.60895181
vn -0.79311097 0.014658777 0.60890073
vn -0.86580139 0.014282096 0.50018394
vn -0.86592728 0.014281133 0.49996603
vn 0.96588796 -0.0073923734 0.25885493
vn 0.92383385 -0.0056572668 0.38275179
vn -0.92376596 0.013659929 0.38271368
vn -0.96585959 0.012803921 0.25874931
vn -0.92378128 0.013659702 0.38267684
vn -0.96583802 0.012804537 0.25882986
vn 0.99994534 -0.010453686 0.00011946004
vn 0.99994534 -0.01045459 3.3067376e-05
vn 0.99140203 -0.0090007288 0.13054122
vn 0.99140757 -0.0090012299 0.13049881
vn -0.99138463 0.011729428 0.13045678
vn -0.99138778 0.01172921 0.13043281
vn -0.99994534 0.010453912 -9.7731405e-05
vn -0.99994534 0.010454138 -7.6239994e-05
vn 0.99139583 -0.011728657 -0.13037196
vn 0.99137896 -0.011729811 -0.13049921
vn 0.96585959 -0.012803921 -0.25874931
vn -0.96586633 0.0073913061 -0.25893545
vn -0.99139327 0.0089999437 -0.13060755
vn -0.96588397 0.0073921778 -0.25886971
vn -0.99139887 0.0090004457 -0.13056514
vn 0.92381817 -0.013659158 -0.38258791
vn 0.92379212 -0.013659543 -0.38265082
vn 0.86595678 -0.014280908 -0.49991491
vn -0.86601138 0.0038267071 -0.50000954
vn -0.92385995 0.0056581963 -0.38268885
vn -0.92384917 0.005657813 -0.38271484
vn 0.79326081 -0.014658303 -0.60870552
vn 0.79324245 -0.014658362 -0.60872948
vn 0.71168905 -0.019025994 -0.70223689
vn 0.70702982 -0.014754225 -0.70702982
vn -0.79332739 0.0019293745 -0.6087923
vn -0.79334575 0.001929818 -0.60876822
vn -0.0048653623 -0.99998415 0.0028368908
vn 0.60738343 -0.088773414 -0.78943312
vn -0.0045200554 -0.99998522 0.0030095675
vn 0.49773762 -0.017872155 -0.86714345
vn 0.49991491 -0.014280928 -0.86595678
vn -0.50003517 -0.0038263614 -0.86599666
vn -0.54614764 -0.0075651733 -0.83765471
vn -0.59938669 -0.0018581573 -0.80045748
vn -0.65075171 0.0028940649 -0.75928509
vn -0.0082750218 -0.99995565 0.0044770571
vn 0.38086537 -0.093873516 -0.91985279
vn -0.006375791 -0.99997878 -0.0013498398
vn 0.2575517 -0.013649299 -0.96616805
vn 0.25874931 -0.01280396 -0.96585959
vn -0.25886971 -0.0073922463 -0.96588397
vn -0.31129354 -0.011442053 -0.95024496
vn -0.25885493 -0.0073924419 -0.96588796
vn -0.37235832 -0.0061460314 -0.92806876
vn -0.43232366 -0.0012146537 -0.90171766
vn -0.0072328476 -0.99953747 -0.029539799
vn -1.1528511e-05 -0.01045487 -0.99994534
vn -5.4653679e-05 -0.010454419 -0.99994534
vn -0.13052267 -0.0090010101 -0.99140447
vn -0.49994045 0.014281042 0.865942
vn 3.3067376e-05 0.010454644 0.99994534
vn -0.96585572 0.012804035 0.25876412
vn 0.25846019 0.0073976745 0.96599364
vn 0.25885493 0.0073924419 0.96588796
vn 0.13037151 0.0090027982 0.99142432
vn 0.49995178 0.0038277365 0.86604482
vn 0.50000954 0.0038267828 0.86601138
vn 0.38265234 0.0056893285 0.92387486
vn -0.96587712 0.0073918407 -0.2588951
vn 0.6087442 0.0019303387 0.79336417
vn 0.60876787 0.0018993794 0.79334605
vn 0.87043464 -0.0069454089 0.492235
vn 0.86601174 -0.0037961919 0.50000924
vn 0.82982653 -0.014320262 0.55783761
vn 0.77218145 0.0084584188 0.63534576
vn 0.75356168 0.01321614 0.65724444
vn -0.70706362 -9.4137209e-07 -0.70714998
vn -0.793401 0.0019311489 -0.60869622
vn 0.96412557 -0.007306078 0.26534611
vn 0.96587455 -0.0076359669 0.25889772
vn 0.92641872 -0.0099325683 0.37636364
vn -0.49997726 -0.0038273151 -0.86603004
vn -0.60876822 -0.0019298951 -0.79334575
vn -0.60867226 -0.0019316692 -0.79341942
vn 0.99994534 -0.010454815 1.1528511e-05
vn -0.25882936 -0.0073927804 -0.96589476
vn -0.38275179 -0.0056573385 -0.92383385
vn -0.2588951 -0.0073919091 -0.96587712
vn -0.38271484 -0.0056578848 -0.92384917
vn 0.96585572 -0.012804035 -0.25876412
vn 0.96586645 -0.012803726 -0.25872377
vn -9.7731405e-05 -0.010453967 -0.99994534
vn -0.13056514 -0.0090005081 -0.99139887
vn -7.6239994e-05 -0.010454193 -0.99994534
vn 0.25876412 -0.012804073 -0.96585572
vn 0.49994045 -0.014281042 -0.865942
vn 0.048056152 -0.99730682 0.055404913
vn -0.010512514 -0.99988949 0.01051257
vn -0.010470644 -0.99988949 0.010553426
vn -0.010476409 -0.99988955 0.010542614
vn -0.011569642 -0.99989063 0.0092182402
vn -0.010664713 -0.99989235 0.010080301
vn 0.020573225 -0.99874204 0.045728877
vn -0.02442647 -0.99968266 -0.0061694705
vn -0.010055715 -0.99989122 0.010792781
vn -0.0094908969 -0.9998911 0.011302677
vn -0.010037258 -0.99989271 0.010671859
vn -0.010435456 -0.99989229 0.010319508
vn -0.010190864 -0.99989194 0.010602221
vn -0.010429688 -0.99989164 0.010389837
vn -0.010282259 -0.99989134 0.010560123
vn -0.010431731 -0.99989116 0.01042748
vn -0.010333878 -0.9998911 0.010540932
vn -0.010443445 -0.99989086 0.010443501
vn -0.010386996 -0.9998908 0.010508749
vn -0.010448986 -0.9998908 0.010453966
vn -0.010420134 -0.99989069 0.010487228
vn -0.010458929 -0.99989069 0.010452316
vn -0.01046331 -0.99989069 0.010446663
vn -0.010507648 -0.9998908 0.010393724
vn -0.010571038 -0.99989069 0.010337088
vn -0.010413107 -0.99989098 0.010469232
vn -0.01064017 -0.99989128 0.010213674
vn -0.011066412 -0.99989074 0.0098026246
vn -0.011638333 -0.99988878 0.0093217455
vn -0.021843497 -0.99973392 0.0074079256
vn -0.047549605 -0.99885315 0.0056143012
vn -0.018302497 -0.99977678 0.010546436
vn -0.029542884 -0.99947959 0.012958243
vn -0.015406432 -0.99981046 0.011904844
vn -0.020737393 -0.99967706 0.014681453
vn -0.013171744 -0.99983919 0.012170143
vn -0.015566818 -0.99977541 0.014377433
vn -0.011603778 -0.99986339 0.01177149
vn -0.012369024 -0.99983972 0.012943114
vn -0.010742135 -0.99988067 0.011107769
vn -0.010822287 -0.99987626 0.011418613
vn -0.010444296 -0.99988973 0.010557917
vn -0.010431072 -0.9998982 0.0097391186
vn -0.010471243 -0.99989134 0.010376665
vn -0.50000954 -0.0038267828 -0.86601138
vn -0.6087442 -0.0019303387 -0.79336417
vn -0.60864508 -0.0019321706 -0.79344028
vn -0.25893545 -0.0073913741 -0.96586633
vn -3.3067376e-05 -0.010454644 -0.99994534
vn -0.13063163 -0.0089997221 -0.99139017
vn 0.25878954 -0.012804268 -0.96584886
vn -0.86595678 0.014280908 0.49991491
vn -0.865942 0.014281021 0.49994045
vn -0.49991491 0.014280928 0.86595678
vn 0.96584886 -0.012804229 -0.25878954
vn 5.4653679e-05 0.010454419 0.99994534
vn 0.25876361 0.0073936521 0.9659124
vn 0.13067396 0.0089992192 0.99138457
vn 0.96414357 -0.007306953 0.26528049
vn 0.96577877 -0.0079670809 0.25924483
vn 0.50006068 0.0038259407 0.86598194
vn 0.38275179 0.0056573385 0.92383385
vn 0.92556143 -0.0057497425 0.37855381
vn 0.86617905 -0.0044114711 0.49971426
vn 0.87152821 -0.0039856015 0.49032924
vn 0.60881621 0.0019290084 0.79330897
vn 0.6087923 0.0019294516 0.79332739
vn 0.82800412 -0.0075870352 0.56067073
vn 0.7779215 0.0019463003 0.62835848
vn 0.74952579 0.0059823901 0.6619482
vn 0.70710182 1.4291767e-07 0.70711178
vn -0.67405224 -0.30217072 0.6740523
vn -0.67405325 -0.30216601 0.67405331
vn -0.01044516 -0.99989069 0.010463638
vn -0.010453387 -0.99989069 0.01045541
vn -0.010456473 -0.99989069 0.010452325
vn -0.010453321 -0.99989069 0.010455477
vn -0.010457871 -0.99989069 0.010450927
vn -0.010472793 -0.99989069 0.010436005
vn -0.010453613 -0.99989069 0.010455185
vn -0.01045266 -0.99989069 0.010456137
vn -0.010456082 -0.99989069 0.010452716
vn -0.01045513 -0.99989069 0.010453668
vn -0.010455887 -0.99989069 0.010452911
vn -0.010457871 -0.99989069 0.010450928
vn -0.010463582 -0.99989069 0.010445216
vn -0.99994534 0.010454364 -5.4653679e-05
vn -0.99994534 0.01045459 -3.3067376e-05
vn -0.96586645 0.012803726 0.25872377
vn -0.25872377 0.012803764 0.96586645
vn 0.86601138 -0.0038267071 0.50000954
vn 0.96588397 -0.0073921778 0.25886971
vn 0.99994534 -0.010454138 7.6239994e-05
vn 0.865942 -0.014281021 -0.49994045
vn 0.25872377 -0.012803764 -0.96586645
vn 0.010450519 0.99989069 -0.010458279
vn 0.010457001 0.99989069 -0.010451797
vn 0.01045301 0.99989069 -0.010455788
vn 0.66751343 -0.31619722 0.67412549
vn 0.66751558 -0.3161884 0.6741274
vn 0.7070294 -0.014790894 -0.7070294
vn 0.67412513 0.31619862 0.66751307
vn 0.67412561 0.31619641 0.66751361
vn 0.6741274 0.31618869 0.66751552
vn -0.67412549 -0.31619731 -0.66751343
vn -0.6741274 -0.31618848 -0.66751558
vn 0.70702952 -0.014784139 -0.70702952
vn -0.058775872 -0.99748892 -0.039513238
vn -0.010385923 -0.99988973 0.010617475
vn -0.010454479 -0.99988949 0.010576452
vn 0.13445054 -0.97832936 0.15746361
vn -0.047869798 -0.99845493 -0.028217863
vn -0.010512863 -0.99988949 0.010512919
vn -0.010466898 -0.99988949 0.010557423
vn -0.0091309948 -0.99989051 0.011641654
vn -0.010053033 -0.99989253 0.010676942
vn -0.01013467 -0.99989253 0.010598937
vn -0.010471501 -0.99989194 0.010323508
vn -0.010237224 -0.9998917 0.010574281
vn -0.010281682 -0.99989164 0.010533027
vn -0.010445928 -0.99989146 0.010394003
vn -0.010323983 -0.99989128 0.01052782
vn -0.010336052 -0.99989128 0.010517048
vn -0.011077948 -0.99988985 0.0098805996
vn 0.01301973 -0.99924445 0.036620125
vn -0.026987113 -0.99960327 -0.0080634169
vn -0.01046584 -0.99988949 0.010560996
vn -0.010477168 -0.99988949 0.01055125
vn -0.010460939 -0.99988949 0.010564393
vn -0.0021759367 -0.99980092 0.019834505
vn -0.016593561 -0.99985635 0.0034490221
vn -0.010456748 -0.99988949 0.010568962
vn -0.011611307 -0.99988747 0.0095040202
vn -0.0096016889 -0.99988955 0.011341061
vn -0.010471242 -0.99988949 0.010554655
vn -0.010441185 -0.99988949 0.010588543
vn -0.010466238 -0.99988949 0.010557964
vn -0.011166555 -0.99988848 0.009909438
vn -0.0092308689 -0.99988878 0.011709666
vn -0.010471733 -0.99988949 0.010554677
vn -0.010462912 -0.99988949 0.01056503
vn -0.010464022 -0.99988949 0.010563227
vn -0.010468445 -0.99988949 0.010559035
vn -0.010453513 -0.99988949 0.010575277
vn -0.010468074 -0.99988949 0.010557935
vn -0.01045739 -0.99988949 0.010568498
vn -0.010457872 -0.99988949 0.010568466
vn -0.010471548 -0.99988949 0.010551551
vn -0.013721051 -0.99987876 0.0073614833
vn -0.0059668166 -0.9998709 0.014924765
vn -0.010468444 -0.99988949 0.010556022
vn -0.010475275 -0.99988949 0.01055012
vn -0.0104758 -0.99988949 0.010551956
vn -0.015513011 -0.99986464 0.0054973732
vn 0.02604593 -0.99859297 0.046192486
vn -0.010434587 -0.99988949 0.010590055
vn -0.70702952 0.014785703 0.70702952
vn 0.9641546 -0.0073074875 0.26524037
vn 0.92557204 -0.0057501267 0.37852776
vn 0.8279705 -0.0075862259 0.56072038
vn 0.77788335 0.0019471931 0.62840575
vn 0.74950552 0.0059828409 0.66197091
vn 0.38292959 0.0056547089 0.92376018
vn 0.25893545 0.0073913741 0.96586633
vn 0.13060755 0.0090000061 0.99139327
vn 1.1528511e-05 0.01045487 0.99994534
vn -0.25876412 0.012804073 0.96585572
vn -0.13060755 -0.0090000061 -0.99139327
vn -0.60862106 -0.001932614 -0.79345864
vn 0.04788981 -0.99732476 0.055227235
vn -0.010512513 -0.99988949 0.010512569
vn -0.010429281 -0.99988949 0.010594789
vn -0.010542557 -0.99988955 0.010476464
vn -0.011561844 -0.99989063 0.0092260372
vn -0.010664712 -0.99989235 0.010080304
vn 0.020583063 -0.99874127 0.045740042
vn -0.024425836 -0.99968266 -0.00616867
vn -0.010060057 -0.99989116 0.010788441
vn -0.0094909398 -0.9998911 0.011302635
vn -0.010037265 -0.99989271 0.010671856
vn -0.010435456 -0.99989229 0.010319509
vn -0.010193718 -0.99989188 0.010599365
vn -0.010429687 -0.99989164 0.010389837
vn -0.010279981 -0.99989134 0.0105624
vn -0.010433885 -0.99989122 0.010425326
vn -0.010333877 -0.9998911 0.010540932
vn -0.0104413 -0.99989086 0.010445645
vn -0.010422927 -0.99989069 0.010484435
vn -0.010455594 -0.99989069 0.01045565
vn -0.010465398 -0.99989069 0.010444575
vn -0.010502898 -0.9998908 0.010398475
vn -0.010590536 -0.99989069 0.010317591
vn -0.010405098 -0.99989098 0.010477241
vn -0.010653502 -0.99989122 0.010200341
vn -0.011066421 -0.99989074 0.0098026162
vn -0.01158578 -0.9998889 0.0093743065
vn -0.020597938 -0.99978787 7.5429038e-05
vn -0.021842448 -0.99973398 0.0074127717
vn -0.047703579 -0.99884611 0.0055561168
vn -0.018308733 -0.99977672 0.010546519
vn -0.015411109 -0.9998104 0.011899826
vn -0.020701997 -0.9996779 0.014684746
vn -0.013175249 -0.99983919 0.012166551
vn -0.015575433 -0.99977541 0.014373202
vn -0.011604446 -0.99986333 0.011772253
vn -0.01236469 -0.99983972 0.012949133
vn -0.010747264 -0.99988067 0.011102802
vn -0.010804609 -0.9998762 0.011435759
vn -0.010449976 -0.99988973 0.010552192
vn -0.010399734 -0.9998982 0.0097720306
vn -0.010464488 -0.99989134 0.010383403
vn 0.047798596 -0.99733406 0.055137556
vn -0.010512624 -0.99988949 0.01051268
vn -0.0104706 -0.99988949 0.010553363
vn -0.010476427 -0.99988955 0.010542637
vn -0.011569327 -0.99989063 0.0092186853
vn -0.010664691 -0.99989235 0.010080356
vn 0.020591075 -0.99874091 0.045746025
vn -0.024423014 -0.99968266 -0.0061644129
vn -0.010055637 -0.99989116 0.010792858
vn -0.0094908914 -0.9998911 0.01130267
vn -0.010037255 -0.99989271 0.010671862
vn -0.010435458 -0.99989229 0.010319511
vn -0.010190863 -0.99989194 0.010602219
vn -0.010282257 -0.99989134 0.010560124
vn -0.010431731 -0.99989116 0.010427481
vn -0.010335987 -0.99989098 0.01053882
vn -0.0104413 -0.99989086 0.010445645
vn -0.010467486 -0.99989069 0.010442487
vn -0.010507649 -0.9998908 0.010393722
vn -0.010551534 -0.99989069 0.010356598
vn -0.010413106 -0.99989098 0.010469232
vn -0.010640179 -0.99989128 0.010213678
vn -0.011066424 -0.99989074 0.0098026125
vn -0.011637896 -0.99988884 0.0093220659
vn -0.021838652 -0.99973404 0.0074082245
vn -0.04764048 -0.99884903 0.0055659185
vn -0.018308651 -0.99977672 0.010546437
vn -0.029536149 -0.99947977 0.012957148
vn -0.015407065 -0.99981046 0.011905055
vn -0.020722687 -0.9996776 0.014675428
vn -0.013175081 -0.99983919 0.012166466
vn -0.01557274 -0.99977541 0.014371091
vn -0.011606408 -0.99986339 0.011769365
vn -0.012361728 -0.99983978 0.012949146
vn -0.010742106 -0.99988067 0.011107738
vn -0.010821901 -0.99987626 0.011417517
vn -0.010444289 -0.99988973 0.010557867
vn -0.010399601 -0.9998982 0.0097701084
vn -0.010464489 -0.99989134 0.010383367
vn 0.010455588 0.99989069 -0.01045321
vn 0.010455421 0.99989069 -0.010453376
vn 0.010453321 0.99989069 -0.010455477
vn 0.010457871 0.99989069 -0.010450928
vn 0.01045513 0.99989069 -0.010453668
vn 0.010457871 0.99989069 -0.010450927
vn 0.010445152 0.99989069 -0.010463646
vn 0.010453154 0.99989069 -0.010455643
vn 0.010463582 0.99989069 -0.010445216
vn 0.01045804 0.99989069 -0.010450758
vn 0.010452041 0.99989069 -0.010456757
vn 0.010456175 0.99989069 -0.010452623
vn 0.010450738 0.99989069 -0.010458059
vn 0.010455931 0.99989069 -0.010452867
vn 0.011035024 0.99989045 -0.0098737674
vn 0.010335442 0.99989069 -0.010573356
vn 0.010452812 0.99989069 -0.010455986
vn 0.010458004 0.99989069 -0.010450794
vn 0.010452568 0.99989069 -0.01045623
vn 0.010456722 0.99989069 -0.010452076
vn 0.010450665 0.99989069 -0.010458133
vn 0.010468344 0.99989069 -0.010440454
vn 0.0006149963 0.019324584 0.99981308
vn -5.5412751e-05 -0.010454412 -0.9999454
vn -5.4748562e-05 -0.010454419 -0.99994534
vn 0.010454161 0.99989074 -0.010454633
vn 0.99994534 -0.010454361 5.4796004e-05
vn -0.9999454 0.010454357 -5.5128097e-05
vn -0.9999454 0.010454359 -5.4938326e-05
vn 5.4463904e-05 0.010454421 0.99994534
vn -0.9999454 0.01045436 -5.484344e-05
vn -0.9999454 0.010454396 -5.1427585e-05
vn -0.01045495 -0.99989069 0.010453848
vn -0.010453162 -0.99989069 0.010455635
vn -0.010456298 -0.99989069 0.0104525
vn -0.010453057 -0.99989069 0.010455741
vn -0.010455013 -0.99989069 0.010453785
vn -0.010453898 -0.99989069 0.010454901
vn -0.010454779 -0.99989069 0.01045402
vn -0.010456346 -0.99989069 0.010452452
vn -0.010443957 -0.99989069 0.010464841
vn -0.010455066 -0.99989069 0.010453732
vn -0.010453744 -0.99989069 0.010455054
vn -0.010454271 -0.99989069 0.010454527
vn -0.010427997 -0.99989069 0.010480801
vn -0.010454522 -0.99989069 0.010454276
vn -0.010453516 -0.99989069 0.010455282
vn -0.010455686 -0.99989069 0.010453112
vn -0.010452443 -0.99989069 0.010456355
vn -0.010454945 -0.99989069 0.010453852
vn -0.010461219 -0.99989069 0.010447579
vn -0.010453571 -0.99989069 0.010455227
vn -0.01045367 -0.99989069 0.010455128
vn -0.010454655 -0.99989069 0.010454142
vn -0.010455051 -0.99989069 0.010453747
vn -0.010455732 -0.99989069 0.010453066
vn -0.010455581 -0.99989069 0.010453217
vn -0.010454603 -0.99989069 0.010454195
vn -0.010454494 -0.99989069 0.010454305
vn -0.010453788 -0.99989069 0.01045501
vn -0.010454846 -0.99989069 0.010453952
vn -0.010454182 -0.99989069 0.010454617
vn -0.010455227 -0.99989069 0.010453572
vn -0.010452 -0.99989069 0.010456798
vn -0.010459431 -0.99989069 0.010449367
vn 0.010465886 0.99989069 -0.010442913
vn 0.010454088 0.99989069 -0.010454711
vn 0.010453757 0.99989069 -0.010455041
vn 0.010435949 0.99989069 -0.010472849
vn 0.010455887 0.99989069 -0.010452911
vn 0.010454069 0.99989069 -0.010454729
vn 0.010456082 0.99989069 -0.010452716
vn 0.010453088 0.99989069 -0.01045571
vn 0.010452855 0.99989069 -0.010455943
vn 0.010452067 0.99989069 -0.010456731
vn 0.010456996 0.99989069 -0.010451802
vn 0.010454827 0.99989069 -0.010453971
vn 0.010454043 0.99989069 -0.010454755
vn 0.010454699 0.99989069 -0.010454099
vn 0.010456079 0.99989069 -0.010452719
vn 0.010454979 0.99989069 -0.010453819
vn 0.010455246 0.99989069 -0.010453552
vn 0.01044516 0.99989069 -0.010463638
vn 0.99139887 -0.0090004457 0.13056514
vn 0.99994534 -0.010454364 5.4653679e-05
vn 0.13052267 0.0090010101 0.99140447
vn -0.01045301 -0.99989069 0.010455788
vn -0.010452445 -0.99989069 0.010456353
vn -0.010456674 -0.99989069 0.010452124
vn -0.010452981 -0.99989069 0.010455817
vn -0.010450665 -0.99989069 0.010458133
vn -0.010454635 -0.99989069 0.010454163
vn -0.010456722 -0.99989069 0.010452076
vn -0.010452659 -0.99989069 0.010456139
vn -0.010458004 -0.99989069 0.010450794
vn -0.010452812 -0.99989069 0.010455986
vn -0.010454879 -0.99989069 0.010453919
vn -0.010455245 -0.99989069 0.010453553
vn -0.010394907 -0.99989069 0.010513891
vn -0.010453496 -0.99989069 0.010455301
vn -0.011035024 -0.99989045 0.0098737674
vn -0.010453863 -0.99989069 0.010454934
vn -0.010455931 -0.99989069 0.010452867
vn -0.010450738 -0.99989069 0.010458059
vn -0.010456083 -0.99989069 0.010452715
vn -0.010454105 -0.99989069 0.010454693
vn -0.010452041 -0.99989069 0.010456757
vn -0.010455776 -0.99989069 0.010453022
vn -0.01045804 -0.99989069 0.010450758
vn -0.01045227 -0.99989069 0.010456529
vn -0.010460128 -0.99989069 0.01044867
vn -0.010456675 -0.99989069 0.010452122
vn -0.010453763 -0.99989069 0.010455035
vn -0.010454827 -0.99989069 0.010453971
vn -0.010453911 -0.99989069 0.010454887
vn -0.010454831 -0.99989069 0.010453967
vn -0.010453978 -0.99989069 0.01045482
vn -0.010454979 -0.99989069 0.010453819
vn -0.010453154 -0.99989069 0.010455643
vn -0.010456996 -0.99989069 0.010451802
vn -0.010448609 -0.99989069 0.010460188
vn -0.010455523 -0.99989069 0.010453275
vn -0.01045475 -0.99989069 0.010454048
vn -0.010455523 -0.99989069 0.010453274
vn -0.010456122 -0.99989069 0.010452677
vn -0.010453583 -0.99989069 0.010455214
vn -0.010455159 -0.99989069 0.010453639
vn -0.010454897 -0.99989069 0.010453901
vn -0.010455588 -0.99989069 0.01045321
vn -0.010453934 -0.99989069 0.010454864
vn -0.01045322 -0.99989069 0.010455579
vn -0.010455421 -0.99989069 0.010453376
vn -0.48887765 0.014231183 0.87223625
vn 0.48887834 -0.014231187 -0.87223595
vn -0.87229365 0.004007855 -0.48896614
vn 0.51603806 -0.014350059 -0.85644549
vn 0.85650331 -0.0035587535 0.5161292
vn -0.51603681 0.014350052 0.85644621
vn -0.70702994 0.014784741 0.70702904
vn 0.2238602 -0.012529941 -0.97454065
vn 0.22386013 -0.012529941 -0.97454071
vn 0.22398362 -0.012530937 -0.9745124
vn 0.50883907 -0.014319717 -0.86074257
vn 0.50883543 -0.014319701 -0.86074466
vn 0.8722899 -0.0040077488 0.48897263
vn -0.87228954 0.0040077381 -0.48897323
vn -0.48887092 0.014231154 0.87224007
vn -0.85650212 0.0035587195 -0.51613128
vn 0.5160358 -0.014350047 -0.8564468
vn 0.85650277 -0.00355874 0.51613003
vn 0.70710647 4.6515705e-08 0.70710707
vn -0.97456533 0.00784788 -0.22396612
vn -0.97456539 0.0078478819 -0.22396611
vn -0.97453696 0.007846294 -0.22408946
vn -0.86079842 0.0036789044 -0.50893277
vn -0.86080056 0.0036789651 -0.50892913
vn -0.63069093 -0.73357642 0.25316906
vn -0.54592419 -0.73286921 0.40604129
vn -0.54593629 -0.73285532 0.40605015
vn 0.54593629 0.73285532 -0.40605015
vn 0.63069093 0.73357642 -0.25316906
vn 0.54592419 0.73286921 -0.40604129
vn -0.51131833 -0.83414382 0.20677926
vn -0.44294986 -0.83357 0.33008555
vn -0.51130456 -0.83415681 0.20676082
vn -0.44292936 -0.83357203 0.33010796
vn 0.44292936 0.83357203 -0.33010796
vn 0.51130456 0.83415681 -0.20676082
vn 0.44294986 0.83357 -0.33008555
vn -0.010461287 -0.99989074 0.010447509
vn -0.010452015 -0.99989074 0.01045678
vn -0.01045399 -0.99989074 0.010454806
vn -0.010453541 -0.99989074 0.010455254
vn -0.010454957 -0.99989074 0.010453837
vn -0.010453459 -0.99989074 0.010455336
vn -0.010455499 -0.99989074 0.010453296
vn -0.010454242 -0.99989074 0.010454553
vn -0.010454204 -0.99989074 0.010454591
vn -0.010456039 -0.99989074 0.010452756
vn -0.010453559 -0.99989074 0.010455236
vn -0.010453763 -0.99989074 0.010455032
vn 0.010456257 0.99989074 -0.010452537
vn 0.010449657 0.99989074 -0.010459137
vn 0.0104682 0.99989074 -0.010440595
vn -0.42450956 -0.73281687 0.53176212
vn -0.4245415 -0.73280472 0.53175348
vn 0.4245415 0.73280472 -0.53175348
vn 0.42450956 0.73281687 -0.53176212
vn -0.73334521 -0.61355305 0.29284379
vn -0.63446492 -0.61269742 0.4712283
vn -0.63447154 -0.61268258 0.47123861
vn 0.63447154 0.61268258 -0.47123861
vn 0.73335069 0.61353922 -0.29285884
vn 0.63446492 0.61269742 -0.4712283
vn -0.01045918 -0.99989074 0.010449615
vn -0.01045384 -0.99989074 0.010454956
vn -0.010455097 -0.99989074 0.010453698
vn -0.010453866 -0.99989074 0.010454929
vn -0.010453144 -0.99989074 0.01045565
vn -0.01045512 -0.99989074 0.010453674
vn -0.010454146 -0.99989074 0.010454649
vn -0.010453192 -0.99989074 0.010455603
vn -0.010454939 -0.99989074 0.010453856
vn 0.010452482 0.99989074 -0.010456312
vn 0.010455684 0.99989074 -0.010453111
vn 0.010453016 0.99989074 -0.010455778
vn 0.010455531 0.99989074 -0.010453263
vn 0.010456071 0.99989074 -0.010452724
vn -0.67298418 -0.73491955 0.083579667
vn -0.67301214 -0.73489636 0.083558634
vn 0.67298418 0.73491955 -0.083579667
vn 0.67301214 0.73489636 -0.083558634
vn 0.32816249 0.91219431 -0.24537922
vn 0.37835926 0.91261113 -0.15487149
vn 0.3281801 0.91218287 -0.24539787
vn -0.3281801 -0.91218287 0.24539787
vn -0.32816249 -0.91219431 0.24537922
vn -0.37835926 -0.91261113 0.15487149
vn -0.01045634 -0.99989074 0.010452454
vn -0.010455653 -0.99989074 0.010453141
vn -0.010455762 -0.99989074 0.010453032
vn -0.010452912 -0.99989074 0.010455882
vn -0.010454628 -0.99989074 0.010454168
vn -0.010454974 -0.99989074 0.010453821
vn -0.010456358 -0.99989074 0.010452436
vn -0.010451595 -0.99989074 0.0104572
vn -0.010455731 -0.99989074 0.010453063
vn -0.010451813 -0.99989074 0.010456982
vn -0.010457428 -0.99989074 0.010451366
vn -0.010450439 -0.99989074 0.010458357
vn -0.010460142 -0.99989074 0.010448653
vn 0.010458447 0.99989074 -0.010450348
vn 0.010449252 0.99989074 -0.010459543
vn 0.010456641 0.99989074 -0.010452153
vn 0.010452425 0.99989074 -0.010456369
vn 0.010457152 0.99989074 -0.010451643
vn 0.010456934 0.99989074 -0.010451861
vn -0.3449997 -0.83353966 0.43149361
vn -0.34497747 -0.83353817 0.43151432
vn 0.34497747 0.83353817 -0.43151432
vn 0.3449997 0.83353966 -0.43149361
vn -0.5454455 -0.83522254 0.069945529
vn -0.54542953 -0.83523118 0.069967754
vn 0.5454455 0.83522254 -0.069945529
vn 0.54542953 0.83523118 -0.069967754
vn 0.25915417 -0.7518661 -0.6062479
vn 0.091140993 -0.75060207 -0.65443856
vn 0.091118254 -0.75059289 -0.65445226
vn 0.25913757 -0.75187987 -0.60623777
vn -0.25913757 0.75187987 0.60623777
vn -0.25915417 0.7518661 0.6062479
vn -0.091140993 0.75060207 0.65443856
vn -0.091118254 0.75059289 0.65445226
vn 0.20653528 -0.84890658 -0.48651898
vn 0.070973456 -0.84790552 -0.52537513
vn -0.20653528 0.84890658 0.48651898
vn -0.070973456 0.84790552 0.52537513
vn 0.40896669 -0.75250363 -0.51622128
vn -0.40896669 0.75250363 0.51622128
vn -0.40898922 0.75250548 0.5162009
vn 0.3274036 -0.84940904 -0.41389742
vn -0.3274036 0.84940904 0.41389742
vn 0.53039443 -0.75245106 -0.39051142
vn 0.53041762 -0.75242281 -0.39053428
vn -0.53041762 0.75242281 0.39053428
vn -0.53039443 0.75245106 0.39051142
vn 0.42531872 -0.84938246 -0.31249535
vn 0.42533338 -0.84936917 -0.31251186
vn -0.42533338 0.84936917 0.31251186
vn 0.61517549 -0.75172067 -0.23764502
vn 0.61516124 -0.75173414 -0.23763929
vn -0.61516124 0.75173414 0.23763929
vn -0.61517549 0.75172067 0.23764502
vn 0.49370837 -0.84880435 -0.1891645
vn -0.49370837 0.84880435 0.1891645
vn 0.65746748 -0.75040573 -0.068027146
vn -0.65746748 0.75040573 0.068027146
vn 0.5278495 -0.84772307 -0.052349385
vn -0.5278495 0.84772307 0.052349385
vn 0.65443438 -0.7485466 0.10674067
vn 0.65444946 -0.74853313 0.10674281
vn -0.65444946 0.74853313 -0.10674281
vn -0.65443438 0.7485466 -0.10674067
vn 0.52539855 -0.84622556 0.088648669
vn -0.52539855 0.84622556 -0.088648669
vn 0.48654264 -0.84440339 0.22418562
vn -0.48654264 0.84440339 -0.22418562
vn 0.60627717 -0.74628407 0.27475098
vn -0.60627717 0.74628407 -0.27475098
vn 0.41393426 -0.84237862 0.34504589
vn -0.41393426 0.84237862 -0.34504589
vn 0.51627809 -0.74377412 0.42456686
vn -0.51627809 0.74377412 -0.42456686
vn 0.31254283 -0.84030473 0.44295013
vn -0.31254283 0.84030473 -0.44295013
vn 0.39057943 -0.74118406 0.5459798
vn -0.39057943 0.74118406 -0.5459798
vn 0.18921946 -0.83829671 0.51132619
vn -0.18921946 0.83829671 -0.51132619
vn 0.23770742 -0.7387085 0.63071775
vn -0.23770742 0.7387085 -0.63071775
vn 0.052408092 -0.83650178 0.54545218
vn -0.052408092 0.83650178 -0.54545218
vn 0.068099894 -0.73649579 0.67300546
vn -0.068099894 0.73649579 -0.67300546
vn -0.088590257 -0.83505565 0.54298592
vn -0.088569805 -0.83506721 0.54297155
vn 0.088590257 0.83505565 -0.54298592
vn 0.088569805 0.83506721 -0.54297155
vn -0.1066485 -0.73471278 0.66994274
vn -0.10666827 -0.73470026 0.66995323
vn 0.1066485 0.73471278 -0.66994274
vn 0.10666827 0.73470026 -0.66995323
vn -0.22413146 -0.83404613 0.50411522
vn 0.22413146 0.83404613 -0.50411522
vn -0.27468386 -0.73344481 0.62177765
vn -0.27468976 -0.73343086 0.62179148
vn 0.27468386 0.73344481 -0.62177765
vn 0.27468976 0.73343086 -0.62179148
vn -0.54298019 -0.83673584 -0.071031794
vn 0.54298019 0.83673584 0.071031794
vn -0.66997892 -0.73675531 -0.091213286
vn -0.66999239 -0.73674583 -0.091190584
vn 0.66997892 0.73675531 0.091213286
vn 0.66999239 0.73674583 0.091190584
vn -0.50414342 -0.83855671 -0.20654806
vn -0.50412488 -0.83856219 -0.206571
vn 0.50414342 0.83855671 0.20654806
vn 0.50412488 0.83856219 0.206571
vn -0.62182069 -0.73901308 -0.2592274
vn 0.62182069 0.73901308 0.2592274
vn -0.53178734 -0.74153376 -0.40905976
vn -0.53180772 -0.74153161 -0.40903714
vn 0.53179908 0.74152011 0.40906933
vn 0.53180772 0.74153161 0.40903714
vn -0.43153042 -0.84057015 -0.32744977
vn 0.43153042 0.84057015 0.32744977
vn -0.33013299 -0.84264845 -0.42538896
vn 0.33013299 0.84264845 0.42538896
vn -0.40610895 -0.74410897 -0.53045022
vn -0.40608615 -0.74410713 -0.53047019
vn 0.40608615 0.74410713 0.53047019
vn 0.40610012 0.74412251 0.53043789
vn -0.20681569 -0.84466445 -0.49372989
vn 0.20681569 0.84466445 0.49372989
vn -0.25323716 -0.74660212 -0.615188
vn 0.25324258 0.74658853 0.61520219
vn 0.25323716 0.74660212 0.615188
vn -0.070026353 -0.84645218 -0.5278399
vn -0.07000576 -0.84646314 -0.527825
vn 0.07000576 0.84646314 0.527825
vn 0.070026353 0.84645218 0.5278399
vn -0.083631307 -0.74880672 -0.65749091
vn -0.083651446 -0.74879473 -0.65750194
vn 0.083651446 0.74879473 0.65750194
vn 0.083631307 0.74880672 0.65749091
vn -0.49279994 -0.61263359 0.6179226
vn 0.49279994 0.61263359 -0.6179226
vn 0.010458074 0.99989074 -0.010450721
vn 0.022998108 0.99973536 -0.00047521753
vn 0.01271659 0.99985838 -0.011018036
vn -0.25530112 0.94133079 -0.22072075
vn 0.010455623 0.99989074 -0.010453172
vn 0.010454223 0.99989074 -0.010454571
vn 0.010453592 0.99989074 -0.010455203
vn 0.010455153 0.99989074 -0.010453641
vn 0.010453963 0.99989074 -0.010454833
vn 0.010450672 0.99989074 -0.010458122
vn -0.010453124 -0.99989074 0.010455672
vn -0.010455623 -0.99989074 0.010453172
vn 0.25530112 -0.94133079 0.22072075
vn -0.012716758 -0.99985838 0.011017867
vn -0.022997184 -0.99973536 0.00047614487
vn -0.78271472 -0.61509418 0.094956823
vn -0.78271937 -0.61508453 0.094981335
vn 0.78271472 0.61509418 -0.094956823
vn 0.78271937 0.61508453 -0.094981335
vn 0.10119594 -0.63556093 -0.76538992
vn -0.097392425 -0.63295138 -0.76804119
vn -0.099315614 -0.63128358 -0.76916677
vn 0.11179742 -0.63726723 -0.76249051
vn 0.19792034 -0.63161385 -0.74959427
vn -0.19792445 0.63159531 0.74960881
vn -0.10119812 0.63554257 0.76540482
vn -0.11179742 0.63726723 0.76249051
vn 0.097392425 0.63295138 0.76804119
vn 0.099315614 0.63128358 0.76916677
vn 0.3049072 -0.63485366 -0.70992428
vn 0.30493137 -0.63485914 -0.7099089
vn -0.30489239 0.63486725 0.7099185
vn -0.30493137 0.63485914 0.7099089
vn 0.47974917 -0.63558704 -0.60487175
vn 0.39715686 -0.63206494 -0.66540235
vn -0.47974917 0.63558704 0.60487175
vn -0.39715686 0.63206494 0.66540235
vn -0.47973976 0.63560545 0.60485989
vn 0.62142086 -0.63553131 -0.45818788
vn -0.62141389 0.63554573 0.45817718
vn -0.62142086 0.63553131 0.45818788
vn 0.72031355 -0.63470697 -0.27981326
vn -0.72029948 0.63472539 0.27980754
vn -0.72031355 0.63470697 0.27981326
vn 0.76965332 -0.63318372 -0.081928238
vn -0.76965332 0.63318372 0.081928238
vn 0.76612145 -0.63101125 0.12199488
vn -0.76612145 0.63101125 -0.12199488
vn 0.70992339 -0.62837815 0.31804028
vn -0.70992339 0.62837815 -0.31804028
vn 0.6049059 -0.6254518 0.49284777
vn -0.6049059 0.6254518 -0.49284777
vn 0.45824593 -0.62241507 0.63451576
vn 0.4582566 -0.6224004 0.63452232
vn -0.45824593 0.62241507 -0.63451576
vn -0.4582566 0.6224004 -0.63452232
vn 0.27989274 -0.6195085 0.7333957
vn -0.27989274 0.6195085 -0.7333957
vn 0.082015045 -0.61693501 0.78272903
vn 0.082035072 -0.61692351 0.782736
vn -0.082015045 0.61693501 -0.78272903
vn -0.082035072 0.61692351 -0.782736
vn -0.12191039 -0.61485541 0.7791602
vn 0.12191039 0.61485541 -0.7791602
vn -0.31796202 -0.61339766 0.7229408
vn 0.31796202 0.61339766 -0.7229408
vn -0.77917284 -0.61726898 -0.1089434
vn 0.77917284 0.61726898 0.1089434
vn -0.72298044 -0.61989695 -0.30500358
vn -0.72300911 -0.61987233 -0.30498543
vn 0.72300363 0.6198861 0.30497059
vn 0.7229749 0.61991066 0.30498874
vn -0.61797577 -0.62280226 -0.47981587
vn 0.61797577 0.62280226 0.47981587
vn -0.47129697 -0.62582815 -0.62146461
vn -0.47130731 -0.62581348 -0.62147152
vn 0.47130731 0.62581348 0.62147152
vn 0.47129697 0.62582815 0.62146461
vn -0.29293832 -0.62873745 -0.72033072
vn -0.29294756 -0.62875676 -0.72031009
vn 0.29296267 0.62874305 0.72031599
vn 0.29293832 0.62873745 0.72033072
vn -0.010441964 -0.99989074 0.010466831
vn -0.010458606 -0.99989074 0.010450189
vn -0.010450478 -0.99989074 0.010458317
vn -0.010456989 -0.99989074 0.010451806
vn -0.010449492 -0.99989074 0.010459302
vn -0.010455945 -0.99989074 0.01045285
vn -0.010453498 -0.99989074 0.010455297
vn -0.010455457 -0.99989074 0.010453338
vn -0.010457309 -0.99989074 0.010451486
vn -0.010452543 -0.99989074 0.010456252
vn -0.010456322 -0.99989074 0.010452474
vn -0.010448865 -0.99989074 0.01045993
vn -0.010458755 -0.99989074 0.01045004
vn -0.010445909 -0.99989074 0.010462887
vn -0.010466778 -0.99989074 0.010442017
vn 0.010445909 0.99989074 -0.010462887
vn 0.010463137 0.99989074 -0.010445658
vn 0.010448865 0.99989074 -0.01045993
vn 0.010458131 0.99989074 -0.010450664
vn 0.010451933 0.99989074 -0.010456862
vn 0.010457362 0.99989074 -0.010451432
vn 0.20473295 0.96660346 -0.15414958
vn 0.23537821 0.9668625 -0.098863222
vn -0.20473295 -0.96660346 0.15414958
vn -0.23537821 -0.9668625 0.098863222
vn 0.40341642 0.91339433 -0.0544613
vn -0.40341642 -0.91339433 0.0544613
vn 0.25631687 0.91215432 -0.31980613
vn -0.25631687 -0.91215432 0.31980613
vn -0.14840724 0.92343545 0.35389608
vn -0.23712102 0.92380029 0.30061021
vn -0.14842947 0.9234395 0.35387602
vn 0.23712102 -0.92380029 -0.30061021
vn 0.14840724 -0.92343545 -0.35389608
vn 0.14842947 -0.9234395 -0.35387602
vn -0.30898425 0.92377555 0.22620189
vn -0.3089664 0.92378622 0.22618303
vn 0.3089664 -0.92378622 -0.22618303
vn 0.30898425 -0.92377555 -0.22620189
vn -0.35916328 0.92336011 0.1356754
vn 0.35916328 -0.92336011 -0.1356754
vn -0.38422048 0.92256761 0.035265286
vn -0.38420179 0.92257452 0.035287123
vn 0.38420179 -0.92257452 -0.035287123
vn 0.38422048 -0.92256761 -0.035265286
vn -0.38241518 0.92147124 -0.068185806
vn 0.38241518 -0.92147124 0.068185806
vn -0.3539134 0.92013103 -0.16764294
vn 0.3539134 -0.92013103 0.16764294
vn -0.30063727 0.91864115 -0.25635085
vn 0.30063727 -0.91864115 0.25635085
vn -0.22623679 0.91711378 -0.32820591
vn 0.22623679 -0.91711378 0.32820591
vn -0.13573579 0.91563898 -0.37839264
vn -0.13571575 0.91564924 -0.37837517
vn 0.13573579 -0.91563898 0.37839264
vn 0.13571575 -0.91564924 0.37837517
vn -0.035308357 0.91433281 -0.40342134
vn 0.035308357 -0.91433281 0.40342134
vn 0.068142928 0.91327447 -0.40160483
vn -0.068142928 -0.91327447 0.40160483
vn 0.16760318 0.91253018 -0.37309209
vn -0.16760318 -0.91253018 0.37309209
vn 0.40161121 0.91449893 0.048989702
vn -0.40161121 -0.91449893 -0.048989702
vn 0.3731268 0.91582417 0.14846677
vn 0.37310943 0.91583455 0.14844689
vn -0.37310943 -0.91583455 -0.14844689
vn 0.319812 0.9173153 0.23717681
vn 0.31981537 0.9173246 0.23713617
vn -0.31979421 -0.91732639 -0.23715805
vn -0.31981537 -0.9173246 -0.23713617
vn 0.24541402 0.91885567 0.30899206
vn 0.24539205 0.91885453 0.3090131
vn -0.24539205 -0.91885453 -0.3090131
vn -0.24541402 -0.91885567 -0.30899206
vn -0.15491176 -0.92032206 -0.35917905
vn 0.15491176 0.92032206 0.35917905
vn -0.05450429 -0.92162907 -0.38422531
vn 0.05450429 0.92162907 0.38422531
vn -0.048946913 0.92269599 0.38240874
vn 0.048946913 -0.92269599 -0.38240874
vn 0.098887801 0.97157216 0.21510112
vn 0.037583921 0.97236902 0.23040374
vn 0.03760476 0.97237486 0.23037614
vn -0.03760476 -0.97237486 -0.23037614
vn -0.098887801 -0.97157216 -0.21510112
vn -0.037583921 -0.97236902 -0.23040374
vn -0.025622256 0.97301853 0.22929977
vn -0.025621183 0.9730202 0.22929265
vn 0.025621183 -0.9730202 -0.22929265
vn 0.025622256 -0.97301853 -0.22929977
vn -0.086366355 0.97347301 0.21187523
vn -0.086390994 0.97347403 0.21186076
vn 0.086390994 -0.97347403 -0.21186076
vn 0.086366355 -0.97347301 -0.21187523
vn -0.14055265 0.97370058 0.17931011
vn -0.14055711 0.97369885 0.17931578
vn 0.14055711 -0.97369885 -0.17931578
vn 0.14055265 -0.97370058 -0.17931011
vn -0.18444629 0.97368389 0.13386281
vn -0.18443063 0.9736833 0.13388872
vn 0.18443063 -0.9736833 -0.13388872
vn 0.18444629 -0.97368389 -0.13386281
vn -0.21509153 0.97342771 0.078576416
vn 0.21509153 -0.97342771 -0.078576416
vn -0.2303734 0.9729495 0.017248595
vn -0.23039365 0.9729442 0.017269989
vn 0.23040082 -0.97294253 -0.017270943
vn 0.2303734 -0.9729495 -0.017248595
vn -0.22929667 0.97227222 -0.045934077
vn -0.22930375 0.97227037 -0.045935117
vn 0.22930375 -0.97227037 0.045935117
vn 0.22929667 -0.97227222 0.045934077
vn -0.21189241 0.97145307 -0.10668014
vn 0.21189241 -0.97145307 0.10668014
vn -0.17932667 0.97054935 -0.16086011
vn 0.17932667 -0.97054935 0.16086011
vn 0.17933233 -0.97054756 0.16086453
vn -0.13388412 0.9696148 -0.20474871
vn -0.13388841 0.96961313 -0.20475452
vn 0.13388412 -0.9696148 0.20474871
vn 0.13388841 -0.96961313 0.20475452
vn -0.07860107 0.96871787 -0.23538794
vn -0.078622833 0.96872115 -0.23536704
vn 0.07860107 -0.96871787 0.23538794
vn 0.078622833 -0.96872115 0.23536704
vn -0.017296329 0.96791458 -0.25068337
vn 0.017296329 -0.96791458 0.25068337
vn 0.04590787 0.96726543 -0.24957941
vn -0.04590787 -0.96726543 0.24957941
vn 0.10665303 0.96681219 -0.23216198
vn 0.10665582 0.96681029 -0.2321685
vn -0.10665303 -0.96681219 0.23216198
vn -0.10665582 -0.96681029 0.2321685
vn 0.16083938 0.96658766 -0.19959694
vn -0.16083938 -0.96658766 0.19959694
vn 0.25068751 0.96733934 -0.037557691
vn 0.25068033 0.96734107 -0.037556764
vn -0.25068751 -0.96733934 0.037557691
vn -0.25068033 -0.96734107 0.037556764
vn 0.24959043 0.96801174 0.025648376
vn 0.2495833 0.96801364 0.025647288
vn -0.2495833 -0.96801364 -0.025647288
vn 0.23217903 0.96882874 0.086393394
vn 0.23217249 0.96883053 0.086390555
vn -0.23217903 -0.96882874 -0.086393394
vn -0.23217249 -0.96883053 -0.086390555
vn 0.19961898 0.96973711 0.14057775
vn 0.19961336 0.96973896 0.14057328
vn -0.19961898 -0.96973711 -0.14057775
vn -0.19961336 -0.96973896 -0.14057328
vn 0.15417083 0.97067255 0.18446195
vn 0.15417506 0.9706707 0.18446772
vn -0.15417506 -0.9706707 -0.18446772
vn -0.15417083 -0.97067255 -0.18446195
vn 0.086138248 0.99546945 -0.040259168
vn 0.075844057 0.99538213 -0.058839101
vn -0.075844057 -0.99538213 0.058839101
vn -0.086138248 -0.99546945 0.040259168
vn 0.010430212 0.99989074 -0.010478582
vn 0.010470852 0.99989074 -0.010437943
vn 0.010449633 0.99989074 -0.010459162
vn 0.010466015 0.99989074 -0.01044278
vn 0.010445463 0.99989074 -0.010463332
vn 0.010462535 0.99989074 -0.01044626
vn 0.010448199 0.99989074 -0.010460596
vn 0.010454875 0.99989074 -0.01045392
vn 0.010451817 0.99989074 -0.010456978
vn 0.010461692 0.99989074 -0.010447104
vn 0.010446722 0.99989074 -0.010462073
vn 0.010463878 0.99989074 -0.010444918
vn 0.010447824 0.99989074 -0.01046097
vn 0.010461958 0.99989074 -0.010446836
vn 0.01044901 0.99989074 -0.010459784
vn 0.010446128 0.99989074 -0.010462666
vn -0.010437884 -0.99989074 0.010470911
vn -0.010461958 -0.99989074 0.010446836
vn -0.010442732 -0.99989074 0.010466062
vn -0.010463878 -0.99989074 0.010444918
vn -0.010446211 -0.99989074 0.010462584
vn -0.010461692 -0.99989074 0.010447104
vn -0.010447055 -0.99989074 0.010461739
vn -0.010462535 -0.99989074 0.01044626
vn -0.010444868 -0.99989074 0.010463926
vn -0.010460194 -0.99989074 0.010448601
vn -0.010446789 -0.99989074 0.010462007
vn -0.010465099 -0.99989074 0.010443695
vn -0.010470852 -0.99989074 0.010437943
vn -0.01040605 -0.99989074 0.010502744
vn 0.019659813 0.99732089 0.070458189
vn 0.040267393 0.99705267 0.065302081
vn -0.040267393 -0.99705267 -0.065302081
vn -0.019659813 -0.99732089 -0.070458189
vn -0.0015953097 0.99753934 0.070090204
vn 0.0015953097 -0.99753934 -0.070090204
vn -0.022052376 0.99769211 0.064219654
vn 0.022052376 -0.99769211 -0.064219654
vn -0.040243953 0.9977684 0.053278226
vn 0.040243953 -0.9977684 -0.053278226
vn -0.054983113 0.99776304 0.038021225
vn 0.054983113 -0.99776304 -0.038021225
vn -0.065298863 0.99767673 0.019419692
vn 0.065298863 -0.99767673 -0.019419692
vn -0.070457235 0.99751401 -0.0011884174
vn 0.070457235 -0.99751401 0.0011884174
vn -0.070091575 0.99728799 -0.022443499
vn 0.070091575 -0.99728799 0.022443499
vn -0.064223252 0.99701297 -0.042899929
vn 0.064223252 -0.99701297 0.042899929
vn -0.053283826 0.99670905 -0.061090328
vn 0.053283826 -0.99670905 0.061090328
vn -0.03800685 0.99639463 -0.075849384
vn 0.03800685 -0.99639463 0.075849384
vn -0.019428022 0.99609339 -0.086141549
vn 0.019428022 -0.99609339 0.086141549
vn 0.0011795332 0.99582303 -0.091297649
vn -0.0011795332 -0.99582303 0.091297649
vn 0.022434661 0.99560463 -0.090929672
vn -0.022434661 -0.99560463 0.090929672
vn 0.042870142 0.99545127 -0.085080594
vn -0.042870142 -0.99545127 0.085080594
vn 0.061083324 0.99537706 -0.074117698
vn -0.061083324 -0.99537706 0.074117698
vn 0.091296598 0.99562991 -0.019651029
vn -0.091296598 -0.99562991 0.019651029
vn 0.090930939 0.99585593 0.0016040563
vn -0.090930939 -0.99585593 -0.0016040563
vn 0.085062608 0.9961313 0.022060482
vn -0.085062608 -0.9961313 -0.022060482
vn 0.074123181 0.99643636 0.04025086
vn -0.074123181 -0.99643636 -0.04025086
vn 0.058846209 0.99675024 0.055009928
vn -0.058846209 -0.99675024 -0.055009928
vn -0.48887724 0.014231176 0.87223643
vn 0.48887786 -0.014231181 -0.87223613
vn -0.87229371 0.0040078564 -0.48896584
vn 0.51603764 -0.014350051 -0.85644573
vn 0.85650355 -0.0035587561 0.51612896
vn -0.51603639 0.014350045 0.85644644
vn -0.70702964 0.014784737 0.70702934
vn 0.22385965 -0.012529935 -0.97454089
vn 0.22385959 -0.012529936 -0.97454089
vn 0.223983 -0.012530928 -0.97451246
vn 0.50883865 -0.01431971 -0.86074281
vn 0.50883496 -0.014319695 -0.86074495
vn 0.87229002 -0.0040077479 0.48897231
vn -0.87228972 0.0040077381 -0.48897302
vn -0.48887071 0.01423115 0.87224019
vn -0.85650223 0.0035587193 -0.51613104
vn 0.5160355 -0.014350044 -0.85644692
vn 0.85650301 -0.00355874 0.51612985
vn 0.70710677 4.4160462e-08 0.70710683
vn -0.97456539 0.0078478791 -0.223966
vn -0.97456539 0.0078478791 -0.2239659
vn -0.97453707 0.007846293 -0.22408938
vn -0.86079854 0.0036789044 -0.50893247
vn -0.86080068 0.0036789654 -0.50892884
vn -0.48887724 0.01423118 0.87223643
vn 0.48887786 -0.014231186 -0.87223613
vn -0.87229371 0.0040078573 -0.48896584
vn 0.51603764 -0.014350057 -0.85644573
vn 0.85650355 -0.0035587566 0.51612896
vn -0.51603639 0.01435005 0.85644644
vn -0.70702964 0.014784741 0.70702934
vn 0.22385965 -0.012529939 -0.97454089
vn 0.22385959 -0.01252994 -0.97454089
vn 0.223983 -0.012530932 -0.97451246
vn 0.50883865 -0.014319716 -0.86074281
vn 0.50883496 -0.014319699 -0.86074495
vn 0.87229002 -0.0040077497 0.48897231
vn -0.87228972 0.0040077395 -0.48897302
vn -0.48887071 0.014231152 0.87224019
vn -0.85650223 0.0035587209 -0.51613104
vn 0.5160355 -0.014350045 -0.85644692
vn 0.85650301 -0.0035587416 0.51612985
vn 0.70710677 4.2982851e-08 0.70710683
vn -0.97456539 0.0078478809 -0.223966
vn -0.97456539 0.0078478809 -0.2239659
vn -0.97453707 0.0078462949 -0.22408938
vn -0.86079854 0.0036789055 -0.50893247
vn -0.86080068 0.0036789665 -0.50892884
vn -0.48887703 0.014231184 0.87223655
vn 0.48887771 -0.014231188 -0.87223625
vn -0.87229371 0.0040078587 -0.48896581
vn 0.5160374 -0.014350059 -0.85644573
vn 0.85650349 -0.0035587577 0.5161289
vn -0.51603621 0.014350054 0.85644656
vn -0.70702946 0.014784745 0.70702946
vn 0.22385949 -0.012529941 -0.97454089
vn 0.22385941 -0.012529941 -0.97454089
vn 0.22398286 -0.012530935 -0.97451258
vn 0.50883842 -0.014319718 -0.86074293
vn 0.50883472 -0.014319702 -0.86074507
vn 0.87229002 -0.0040077507 0.48897243
vn -0.87228966 0.0040077399 -0.48897302
vn -0.4888705 0.014231154 0.8722403
vn -0.85650223 0.0035587219 -0.5161311
vn 0.51603538 -0.014350049 -0.8564471
vn 0.85650295 -0.0035587421 0.51612979
vn 0.70710665 4.3571649e-08 0.70710677
vn -0.97456539 0.0078478828 -0.223966
vn -0.97456539 0.0078478837 -0.22396593
vn -0.97453707 0.0078462968 -0.22408935
vn -0.86079854 0.0036789065 -0.50893253
vn -0.86080062 0.003678967 -0.50892884
vn 0.48887819 -0.014231185 -0.87223595
vn 0.48887813 -0.014231184 -0.87223595
vn -0.48887807 0.014231185 0.87223601
vn -0.51603806 0.014350059 0.85644549
vn -0.85650331 0.0035587535 -0.5161292
vn 0.51603681 -0.014350052 -0.85644621
vn -0.51603621 0.014350048 0.8564465
vn -0.51603627 0.014350049 0.85644656
vn 0.51603615 -0.014350048 -0.85644656
vn 0.70702994 -0.014784741 -0.70702904
vn -0.22386013 0.012529941 0.97454071
vn -0.2238602 0.012529941 0.97454065
vn -0.22398362 0.012530937 0.9745124
vn -0.50883543 0.014319701 0.86074466
vn -0.50883907 0.014319717 0.86074257
vn -0.87228966 0.0040077404 -0.48897317
vn -0.87228972 0.0040077413 -0.48897311
vn 0.87228966 -0.0040077418 0.48897305
vn 0.85650212 -0.0035587195 0.51613128
vn -0.5160358 0.014350047 0.8564468
vn -0.85650277 0.00355874 -0.51613003
vn 0.85650319 -0.0035587503 0.51612943
vn 0.85650319 -0.0035587503 0.51612949
vn -0.85650325 0.0035587517 -0.51612937
vn -0.70710647 -4.6515705e-08 -0.70710707
vn 0.97456539 -0.0078478819 0.22396611
vn 0.97456533 -0.00784788 0.22396612
vn 0.97453696 -0.007846294 0.22408946
vn 0.86080056 -0.0036789651 0.50892913
vn 0.86079842 -0.0036789044 0.50893277
vn 3.2972486e-05 0.010454645 0.99994534
vn -0.25874943 0.012803962 0.96585959
vn -0.25876415 0.012804072 0.9658556
vn 7.6145094e-05 0.010454194 0.99994534
vn -7.6145094e-05 -0.010454194 -0.99994534
vn -3.2972486e-05 -0.010454645 -0.99994534
vn 0.25874943 -0.012803962 -0.96585959
vn 0.25876415 -0.012804072 -0.9658556
vn 0.2588549 0.0073924433 0.96588796
vn 0.25886962 0.0073922477 0.96588397
vn -0.2588549 -0.0073924433 -0.96588796
vn -0.25886962 -0.0073922477 -0.96588397
vn -0.49994051 0.014281041 0.865942
vn 0.49994051 -0.014281041 -0.865942
vn 0.50000954 0.0038267847 0.86601138
vn -0.50000954 -0.0038267847 -0.86601138
vn -0.86594212 0.014281021 0.49994043
vn 0.86594212 -0.014281021 -0.49994043
vn 0.86601144 -0.003826705 0.50000954
vn -0.86601144 0.003826705 -0.50000954
vn -0.96585953 0.012803918 0.25874925
vn -0.96585566 0.01280403 0.25876406
vn 0.96585566 -0.01280403 -0.25876406
vn 0.96585953 -0.012803918 -0.25874925
vn 0.96588397 -0.0073921755 0.25886965
vn -0.96588397 0.0073921755 -0.25886965
vn 0.99994534 -0.010454588 3.3067372e-05
vn 0.99994534 -0.010454136 7.623998e-05
vn -0.99994534 0.010454588 -3.3067372e-05
vn -0.99994534 0.010454136 -7.623998e-05
vn -0.96589482 0.0073927101 -0.25882939
vn 0.96589482 -0.0073927101 0.25882939
vn -0.8659966 0.0038262832 -0.50003505
vn 0.8659966 -0.0038262832 0.50003505
vn 0.8659569 -0.014280906 -0.49991485
vn -0.8659569 0.014280906 0.49991485
vn -0.50003511 -0.0038263632 -0.86599672
vn 0.50003511 0.0038263632 0.86599672
vn 0.49991503 -0.014280928 -0.86595672
vn -0.49991503 0.014280928 0.86595672
vn -0.25882933 -0.0073927813 -0.96589482
vn 0.25882933 0.0073927813 0.96589482
vn -5.4606233e-05 -0.010454421 -0.99994534
vn 5.4606233e-05 0.010454421 0.99994534
vn 0.39864486 -0.013755806 -0.91700214
vn 0.6223973 -0.014689621 -0.78256363
vn -0.6223973 0.014689621 0.78256363
vn -0.39864486 0.013755806 0.91700214
vn 0.80373991 -0.014622485 -0.59480101
vn 0.82904464 -0.014512675 -0.558994
vn -0.80373991 0.014622485 0.59480101
vn -0.82904464 0.014512675 0.558994
vn 0.14767675 -0.011884213 -0.98896432
vn 0.10417322 -0.011487165 -0.99449283
vn -0.14767675 0.011884213 0.98896432
vn -0.10417322 0.011487165 0.99449283
vn 0.93031478 -0.013558993 -0.36651132
vn -0.93031478 0.013558993 0.36651132
vn -0.11334508 -0.0092026582 -0.99351311
vn 0.11334508 0.0092026582 0.99351311
vn -0.010451988 -0.99989074 0.010456807
vn -0.01049726 -0.99989074 0.010411535
vn -0.01044355 -0.99989074 0.010465245
vn -0.010464438 -0.99989074 0.010444357
vn -0.010448008 -0.99989074 0.010460787
vn -0.010460448 -0.99989074 0.010448347
vn -0.010473028 -0.99989074 0.010435767
vn -0.010451335 -0.99989074 0.01045746
vn -0.01046715 -0.99989074 0.010441645
vn -0.010454546 -0.99989074 0.010454249
vn -0.010453465 -0.99989074 0.01045533
vn -0.010454273 -0.99989074 0.010454522
vn -0.010454881 -0.99989074 0.010453913
vn -0.010841615 -0.99989057 0.010067176
vn -0.010424181 -0.99989074 0.010484614
vn -0.010453904 -0.99989074 0.01045489
vn -0.010466181 -0.99989074 0.010442615
vn -0.010414787 -0.99989074 0.010494009
vn -0.010451849 -0.99989074 0.010456947
vn -0.010460526 -0.99989074 0.010448269
vn -0.01045341 -0.99989074 0.010455385
vn -0.010455689 -0.99989074 0.010453106
vn -0.010454786 -0.99989074 0.010454008
vn -0.01045341 -0.99989074 0.010455385
vn -0.010455291 -0.99989074 0.010453504
vn -0.010453953 -0.99989074 0.010454841
vn -0.010453255 -0.99989074 0.01045554
vn -0.010455055 -0.99989074 0.010453739
vn -0.010455932 -0.99989074 0.010452864
vn -0.01045371 -0.99989074 0.010455085
vn -0.01045513 -0.99989074 0.010453666
vn -0.010421162 -0.99989074 0.010487633
vn -0.010445033 -0.99989074 0.010463762
vn -0.010463892 -0.99989074 0.010444902
vn -0.010445462 -0.99989074 0.010463334
vn -0.010459674 -0.99989074 0.010449122
vn -0.010449144 -0.99989074 0.01045965
vn -0.010452293 -0.99989074 0.010456502
vn -0.010456366 -0.99989074 0.01045243
vn -0.010451173 -0.99989074 0.010457622
vn -0.010455635 -0.99989074 0.010453159
vn -0.010455535 -0.99989074 0.01045326
vn -0.010499251 -0.99989074 0.010409544
vn -0.010446353 -0.99989074 0.010462442
vn -0.010464125 -0.99989074 0.010444669
vn -0.010444826 -0.99989074 0.010463969
vn -0.010455387 -0.99989074 0.010453409
vn -0.010454959 -0.99989074 0.010453835
vn -0.010454471 -0.99989074 0.010454324
vn -0.010454279 -0.99989074 0.010454516
vn -0.01045385 -0.99989074 0.010454945
vn -0.010452899 -0.99989074 0.010455896
vn -0.010446615 -0.99989074 0.01046218
vn -0.010460146 -0.99989074 0.01044865
vn -0.010474674 -0.99989074 0.010434121
vn 0.010442551 0.99989074 -0.010466243
vn 0.010455387 0.99989074 -0.010453409
vn 0.010443058 0.99989074 -0.010465737
vn 0.010469234 0.99989074 -0.010439561
vn 0.010452407 0.99989074 -0.010456387
vn 0.010455535 0.99989074 -0.01045326
vn 0.010456898 0.99989074 -0.010451897
vn 0.010458358 0.99989074 -0.010450437
vn 0.010450212 0.99989074 -0.010458582
vn 0.010443916 0.99989074 -0.01046488
vn 0.010442491 0.99989074 -0.010466305
vn 0.010469604 0.99989074 -0.010439191
vn 0.010453009 0.99989074 -0.010455785
vn 0.01045044 0.99989074 -0.010458355
vn 0.010455181 0.99989074 -0.010453614
vn 0.010457005 0.99989074 -0.010451789
vn 0.010464218 0.99989074 -0.010444577
vn 0.010466181 0.99989074 -0.010442615
vn 0.010424181 0.99989074 -0.010484614
vn 0.010455185 0.99989074 -0.01045361
vn 0.010452759 0.99989074 -0.010456036
vn 0.010473026 0.99989074 -0.010435768
vn 0.010447169 0.99989074 -0.010461626
vn 0.010460448 0.99989074 -0.010448347
vn 0.01044355 0.99989074 -0.010465245
vn 0.01049726 0.99989074 -0.010411535
vn 0.99350345 -0.011571283 -0.11321276
vn -0.99350345 0.011571283 0.11321276
vn -0.36661306 -0.0058942591 -0.93035489
vn 0.36661306 0.0058942591 0.93035489
vn 0.98898041 -0.0087951152 0.14778478
vn -0.98898041 0.0087951152 -0.14778478
vn 0.91704577 -0.0054190727 0.39874503
vn -0.91704577 0.0054190727 -0.39874503
vn 0.78263175 -0.001674402 0.62248278
vn -0.78263175 0.001674402 -0.62248278
vn 0.59488899 0.002184368 0.80380493
vn -0.59488899 -0.002184368 -0.80380493
vn 0.11332136 0.0092029339 0.99351579
vn 0.11280528 0.0092089437 0.9935745
vn -0.11280528 -0.0092089437 -0.9935745
vn -0.11332136 -0.0092029339 -0.99351579
vn -0.13708048 0.011789373 0.99048978
vn -0.017337978 0.010634677 0.99979317
vn 0.017337978 -0.010634677 -0.99979317
vn 0.13708048 -0.011789373 -0.99048978
vn -0.5149349 0.014345463 0.85710925
vn 0.5149349 -0.014345463 -0.85710925
vn 0.86604482 -0.0038276585 0.49995178
vn 0.7071715 -1.3124636e-06 0.7070421
vn 0.86607432 -0.0038285013 0.49990067
vn 0.70706362 9.4357711e-07 0.70714998
vn -0.70706362 -9.4357711e-07 -0.70714998
vn -0.86604482 0.0038276585 -0.49995178
vn -0.7071715 1.3124636e-06 -0.7070421
vn -0.86607432 0.0038285013 -0.49990067
vn 0.96585953 -0.0073909652 0.25896099
vn -0.96585953 0.0073909652 -0.25896099
vn 0.49995175 0.0038277381 0.86604482
vn -0.49995175 -0.0038277381 -0.86604482
vn 0.99994534 -0.010453008 0.00018412406
vn -0.99994534 0.010453008 -0.00018412406
vn 0.25893542 0.007391376 0.96586633
vn -0.25893542 -0.007391376 -0.96586633
vn 0.96584886 -0.012804226 -0.25878948
vn -0.96584886 0.012804226 0.25878948
vn 0.86597157 -0.014280795 -0.49988937
vn -0.86597157 0.014280795 0.49988937
vn -0.25878966 0.01280427 0.96584886
vn -0.25882998 0.012804577 0.96583807
vn 0.25878966 -0.01280427 -0.96584886
vn 0.25882998 -0.012804577 -0.96583807
vn 0.70705116 -0.01478474 -0.70700783
vn -0.70705116 0.01478474 0.70700783
vn -0.49988952 0.014280816 0.86597145
vn 0.49988952 -0.014280816 -0.86597145
vn 0.49985722 -0.014280673 -0.86599016
vn -0.49985722 0.014280673 0.86599016
vn -0.707008 0.014784741 0.70705104
vn 0.707008 -0.014784741 -0.70705104
vn 0.25868362 -0.012803458 -0.96587723
vn -0.25868362 0.012803458 0.96587723
vn -0.86599022 0.014280653 0.49985701
vn 0.86599022 -0.014280653 -0.49985701
vn -0.00014095145 -0.010453517 -0.99994534
vn 0.00014095145 0.010453517 0.99994534
vn -0.96587336 0.012803528 0.25869828
vn 0.96587336 -0.012803528 -0.25869828
vn -0.9999454 0.01045549 5.32304e-05
vn 0.9999454 -0.01045549 -5.32304e-05
vn -0.50009304 -0.0038254084 -0.86596328
vn 0.50009304 0.0038254084 0.86596328
vn -0.7070421 -1.3947853e-06 -0.7071715
vn -0.70714998 8.6128347e-07 -0.70706362
vn 0.70714998 -8.6128347e-07 0.70706362
vn 0.7070421 1.3947853e-06 0.7071715
vn -0.86596328 0.0038253288 -0.50009304
vn -0.86591899 0.0038240657 -0.50016958
vn 0.86596328 -0.0038253288 0.50009304
vn 0.86591899 -0.0038240657 0.50016958
vn -0.39502451 0.013734325 0.91856796
vn -0.6193381 0.014682973 0.78498709
vn 0.39502451 -0.013734325 -0.91856796
vn 0.6193381 -0.014682973 -0.78498709
vn -0.14381222 0.011849764 0.98953402
vn 0.14381222 -0.011849764 -0.98953402
vn 0.01045493 0.99989074 -0.010453865
vn 0.010454085 0.99989074 -0.01045471
vn 0.010454736 0.99989074 -0.010454059
vn 0.010454067 0.99989074 -0.010454727
vn 0.010470661 0.99989074 -0.010438133
vn 0.010448958 0.99989074 -0.010459837
vn 0.010454538 0.99989074 -0.010454256
vn 0.010450424 0.99989074 -0.010458371
vn 0.010457263 0.99989074 -0.010451531
vn 0.010454237 0.99989074 -0.010454557
vn 0.010456747 0.99989074 -0.010452047
vn 0.010455561 0.99989074 -0.010453234
vn 0.010454035 0.99989074 -0.01045476
vn 0.010454905 0.99989074 -0.010453889
vn 0.010454514 0.99989074 -0.01045428
vn 0.010454596 0.99989074 -0.010454199
vn 0.010453947 0.99989074 -0.010454847
vn 0.010455127 0.99989074 -0.010453668
vn 0.01045519 0.99989074 -0.010453604
vn 0.010454506 0.99989074 -0.01045429
vn 0.010452867 0.99989074 -0.010455927
vn 0.010460026 0.99989074 -0.010448769
vn 0.010453925 0.99989074 -0.010454869
vn 0.010452093 0.99989074 -0.010456703
vn 0.010455654 0.99989074 -0.01045314
vn 0.010453143 0.99989074 -0.010455651
vn 0.010455582 0.99989074 -0.010453212
vn 0.010453158 0.99989074 -0.010455636
vn 0.010456436 0.99989074 -0.010452358
vn 0.010454749 0.99989074 -0.010454047
vn 0.010451135 0.99989074 -0.010457659
vn 0.010454193 0.99989074 -0.010454603
vn 0.010454652 0.99989074 -0.010454142
vn 0.010454483 0.99989074 -0.010454311
vn 0.010432875 0.99989074 -0.010475921
vn 0.01045609 0.99989074 -0.010452705
vn 0.010453768 0.99989074 -0.010455026
vn 0.010453527 0.99989074 -0.010455268
vn 0.010454616 0.99989074 -0.010454179
vn 0.010453995 0.99989074 -0.0104548
vn 0.010454713 0.99989074 -0.010454081
vn 0.010454201 0.99989074 -0.010454593
vn 0.010454879 0.99989074 -0.010453916
vn 0.010452964 0.99989074 -0.010455831
vn 0.010453637 0.99989074 -0.010455159
vn 0.010456381 0.99989074 -0.010452413
vn 0.010453764 0.99989074 -0.01045503
vn -0.010451998 -0.99989074 0.010456798
vn -0.010453764 -0.99989074 0.01045503
vn -0.010452739 -0.99989074 0.010456056
vn -0.010452638 -0.99989074 0.010456156
vn -0.010423107 -0.99989074 0.010485687
vn -0.010454011 -0.99989074 0.010454784
vn -0.010449869 -0.99989074 0.010458927
vn -0.010457014 -0.99989074 0.010451781
vn -0.010452087 -0.99989074 0.010456707
vn -0.010456529 -0.99989074 0.010452265
vn -0.01045218 -0.99989074 0.010456615
vn -0.010456785 -0.99989074 0.01045201
vn -0.010451454 -0.99989074 0.010457342
vn -0.010462238 -0.99989074 0.010446557
vn -0.010452867 -0.99989074 0.010455927
vn -0.010454636 -0.99989074 0.010454158
vn -0.010453521 -0.99989074 0.010455274
vn -0.010454982 -0.99989074 0.010453813
vn -0.010457263 -0.99989074 0.010451531
vn -0.010450424 -0.99989074 0.010458371
vn -0.010454593 -0.99989074 0.010454201
vn -0.010448958 -0.99989074 0.010459837
vn -0.010470661 -0.99989074 0.010438133
vn -0.010454736 -0.99989074 0.010454059
vn -0.010454085 -0.99989074 0.01045471
vn -0.01045493 -0.99989074 0.010453865
vn -0.80138439 0.014630998 0.59797084
vn 0.80138439 -0.014630998 -0.59797084
vn 0.11720832 0.0091575822 0.99306518
vn -0.11720832 -0.0091575822 -0.99306518
vn 0.37023398 0.0058414005 0.92892027
vn -0.37023398 -0.0058414005 -0.92892027
vn 0.59803438 0.0021270446 0.80146766
vn -0.59803438 -0.0021270446 -0.80146766
vn 0.78505486 -0.0017317194 0.61942387
vn 0.78507364 -0.0017321644 0.61940008
vn -0.78505486 0.0017317194 -0.61942387
vn -0.78507364 0.0017321644 -0.61940008
vn 0.91861111 -0.0054732906 0.39512485
vn 0.91860664 -0.0054731341 0.39513531
vn -0.91861111 0.0054732906 -0.39512485
vn -0.91860664 0.0054731341 -0.39513531
vn 0.98954976 -0.0088414727 0.14392032
vn -0.98954976 0.0088414727 -0.14392032
vn 0.9930523 -0.011607205 -0.11709979
vn -0.9930523 0.011607205 0.11709979
vn 0.92886931 -0.013582011 -0.37015846
vn -0.92886931 0.013582011 0.37015846
vn 0.80140239 -0.014630934 -0.5979467
vn -0.80140239 0.014630934 0.5979467
vn 0.61931437 -0.014682922 -0.78500587
vn -0.61931437 0.014682922 0.78500587
vn -0.59805846 -0.0021266041 -0.80144966
vn 0.59805846 0.0021266041 0.80144966
vn -0.92888415 0.013581776 0.37012112
vn 0.92888415 -0.013581776 -0.37012112
vn 0.48887768 -0.014231179 -0.87223619
vn 0.48887765 -0.01423118 -0.87223619
vn -0.48887765 0.014231179 0.87223625
vn -0.51603764 0.014350051 0.85644573
vn -0.85650355 0.0035587561 -0.51612896
vn 0.51603639 -0.014350045 -0.85644644
vn -0.5160358 0.014350043 0.8564468
vn -0.5160358 0.014350044 0.85644674
vn 0.51603574 -0.014350043 -0.85644686
vn 0.70702964 -0.014784737 -0.70702934
vn -0.22385959 0.012529936 0.97454089
vn -0.22385965 0.012529935 0.97454089
vn -0.223983 0.012530928 0.97451246
vn -0.50883496 0.014319695 0.86074495
vn -0.50883865 0.01431971 0.86074281
vn -0.87228978 0.0040077399 -0.48897284
vn -0.87228972 0.0040077404 -0.48897278
vn 0.87228984 -0.0040077413 0.48897278
vn 0.85650223 -0.0035587193 0.51613104
vn -0.5160355 0.014350044 0.85644692
vn -0.85650301 0.00355874 -0.51612985
vn 0.85650331 -0.0035587498 0.5161292
vn 0.85650331 -0.0035587498 0.51612926
vn -0.85650337 0.0035587512 -0.51612914
vn -0.70710677 -4.4160462e-08 -0.70710683
vn 0.97456539 -0.0078478791 0.2239659
vn 0.97456539 -0.0078478791 0.223966
vn 0.97453707 -0.007846293 0.22408938
vn 0.86080068 -0.0036789654 0.50892884
vn 0.86079854 -0.0036789044 0.50893247
vn 0.48887768 -0.014231183 -0.87223619
vn 0.48887765 -0.014231185 -0.87223619
vn -0.51603764 0.014350057 0.85644573
vn -0.85650355 0.0035587566 -0.51612896
vn 0.51603639 -0.01435005 -0.85644644
vn -0.5160358 0.014350048 0.8564468
vn -0.5160358 0.014350046 0.85644674
vn 0.51603574 -0.014350048 -0.85644686
vn 0.70702964 -0.014784741 -0.70702934
vn -0.22385959 0.01252994 0.97454089
vn -0.22385965 0.012529939 0.97454089
vn -0.223983 0.012530932 0.97451246
vn -0.50883496 0.014319699 0.86074495
vn -0.50883865 0.014319716 0.86074281
vn -0.87228978 0.0040077418 -0.48897284
vn -0.87228972 0.0040077423 -0.48897278
vn 0.87228984 -0.0040077427 0.48897278
vn 0.85650223 -0.0035587209 0.51613104
vn -0.5160355 0.014350045 0.85644692
vn -0.85650301 0.0035587416 -0.51612985
vn 0.85650331 -0.0035587514 0.5161292
vn 0.85650331 -0.0035587514 0.51612926
vn -0.85650337 0.0035587528 -0.51612914
vn -0.70710677 -4.2982851e-08 -0.70710683
vn 0.97456539 -0.0078478809 0.2239659
vn 0.97456539 -0.0078478809 0.223966
vn 0.97453707 -0.0078462949 0.22408938
vn 0.86080068 -0.0036789665 0.50892884
vn 0.86079854 -0.0036789055 0.50893247
vn 0.48887756 -0.014231186 -0.87223631
vn 0.48887748 -0.014231186 -0.87223637
vn -0.48887751 0.014231186 0.87223637
vn -0.5160374 0.014350059 0.85644573
vn -0.85650349 0.0035587577 -0.5161289
vn 0.51603621 -0.014350054 -0.85644656
vn -0.51603556 0.01435005 0.85644692
vn -0.51603562 0.014350051 0.85644698
vn 0.5160355 -0.01435005 -0.85644698
vn 0.70702946 -0.014784745 -0.70702946
vn -0.22385941 0.012529941 0.97454089
vn -0.22385949 0.012529941 0.97454089
vn -0.22398286 0.012530935 0.97451258
vn -0.50883472 0.014319702 0.86074507
vn -0.50883842 0.014319718 0.86074293
vn -0.87228978 0.0040077423 -0.48897293
vn -0.87228978 0.0040077432 -0.48897284
vn 0.87228984 -0.0040077437 0.48897281
vn 0.85650223 -0.0035587219 0.5161311
vn -0.51603538 0.014350049 0.8564471
vn -0.85650295 0.0035587421 -0.51612979
vn 0.85650331 -0.0035587524 0.5161292
vn 0.85650331 -0.0035587521 0.51612926
vn -0.85650337 0.0035587535 -0.51612914
vn -0.70710665 -4.3571649e-08 -0.70710677
vn 0.97456539 -0.0078478837 0.22396593
vn 0.97456539 -0.0078478828 0.223966
vn 0.97453707 -0.0078462968 0.22408935
vn 0.86080062 -0.003678967 0.50892884
vn 0.86079854 -0.0036789065 0.50893253
vn -0.010759497 -0.99990481 0.0086397277
vn 0.010759497 0.99990481 -0.0086397277
vn -0.010722407 -0.99990439 0.0087337131
vn 0.010722322 0.99990439 -0.0087337149
vn -0.010590582 -0.99990654 0.0086453846
vn 0.010590582 0.99990654 -0.0086453846
vn -0.01090194 -0.99990231 0.0087530892
vn 0.010901936 0.99990231 -0.0087530855
vn -0.010610056 -0.99990696 0.0085716285
vn 0.010610096 0.9999069 -0.0085715866
vn -0.01084054 -0.99990201 0.0088666826
vn 0.010840454 0.99990189 -0.0088667674
vn -0.010450494 -0.99990845 0.0085984422
vn 0.010450453 0.99990845 -0.0085984841
vn -0.011039761 -0.99989921 0.0089188963
vn 0.011039763 0.99989921 -0.0089188972
vn -0.010457998 -0.9999088 0.0085451696
vn 0.010457956 0.9999088 -0.0085452124
vn -0.010945099 -0.99989915 0.0090517439
vn 0.010945101 0.99989915 -0.0090517448
vn -0.010302398 -0.99990994 0.0085921278
vn 0.010302484 0.99991006 -0.0085920449
vn -0.011167591 -0.99989587 0.0091494797
vn 0.011167551 0.99989587 -0.0091495235
vn -0.010303158 -0.99991024 0.0085597616
vn 0.010303074 0.99991024 -0.0085598454
vn -0.011027617 -0.99989587 0.0092998128
vn 0.011027577 0.99989587 -0.0092998575
vn 0.010148065 0.99991131 -0.0086279605
vn -0.010148191 -0.99991131 0.0086278347
vn -0.011286252 -0.9998914 0.009469266
vn 0.011286252 0.9998914 -0.009469267
vn 0.010146927 0.99991143 -0.0086164549
vn -0.010147012 -0.99991143 0.0086163711
vn -0.011082654 -0.99989223 0.0096331034
vn 0.011082654 0.99989223 -0.0096331034
vn 0.0099866884 0.99991226 -0.0087097725
vn -0.009986829 -0.99991226 0.0087096328
vn -0.011395669 -0.99988574 0.0099267308
vn 0.01139567 0.99988574 -0.0099267308
vn 0.009988714 0.99991202 -0.0087198
vn -0.009988714 -0.99991202 0.0087198
vn -0.0098135043 -0.99991274 0.0088491617
vn 0.0098136608 0.99991274 -0.0088490052
vn -0.0098209623 -0.9999125 0.0088677481
vn -0.011858241 -0.99990523 0.0070006112
vn -0.012639459 -0.99988461 0.0084267613
vn 0.012640978 0.99988461 -0.0084252441
vn 0.011858241 0.99990523 -0.0070006112
vn 0.009821129 0.9999125 -0.0088675814
vn -0.0095880209 -0.99991298 0.0090651242
vn 0.009587992 0.99991304 -0.0090652397
vn -0.010398243 -0.99989074 0.010506445
vn 0.0048004915 -0.9997701 -0.020898759
vn -0.0097719477 -0.9999091 0.0092886351
vn -0.0098314267 -0.99990898 0.0092346342
vn -0.007172842 -0.99990153 0.012063526
vn 0.007173094 0.99990153 -0.012063778
vn 0.0098320171 0.99990898 -0.0092352247
vn 0.0097719468 0.9999091 -0.0092886351
vn -0.0048004915 0.9997701 0.020898759
vn 0.010397411 0.9998908 -0.010507278
vn -0.010129367 -0.99989837 0.010026409
vn -0.0098879859 -0.99990565 0.0095293811
vn -0.011032897 -0.99990451 0.0083164973
vn -0.013657617 -0.99988687 0.0062892162
vn 0.67980778 0.12571593 0.72253507
vn -0.67976326 -0.12571654 -0.72257692
vn 0.013662953 0.99988693 -0.0062839291
vn 0.011028935 0.99990451 -0.0083205439
vn 0.0098880362 0.99990571 -0.0095293326
vn 0.01012917 0.99989837 -0.010026625
vn -0.0096264593 -0.99990547 0.0098166149
vn -0.0088210562 -0.99990797 0.010308214
vn -0.013467945 -0.99988121 0.0074947723
vn 0.013457668 0.99988133 -0.0075054001
vn 0.0088359332 0.99990791 -0.010293673
vn 0.0096265506 0.99990547 -0.0098165236
vn -0.0094700139 -0.99990892 0.0096216751
vn 0.0094700139 0.99990892 -0.0096216751
vn -0.0092995409 -0.99990797 0.0098816585
vn 0.0092995679 0.99990797 -0.0098816315
vn -0.0091496194 -0.99991071 0.0097413836
vn 0.0091496194 0.99991071 -0.0097413836
vn -0.0090510417 -0.99990934 0.0099648684
vn 0.0090511302 0.99990934 -0.009964779
vn -0.0089185657 -0.99991143 0.0098702759
vn 0.0089185657 0.99991143 -0.0098702759
vn -0.0088668913 -0.99991 0.01006768
vn 0.0088668764 0.99991 -0.010067695
vn -0.0087532494 -0.99991155 0.010006342
vn 0.0087532494 0.99991155 -0.010006342
vn -0.0087336106 -0.99991 0.010186967
vn 0.0087336535 0.99991 -0.010186925
vn -0.0086395862 -0.99991119 0.01014984
vn 0.0086395862 0.99991119 -0.01014984
vn -0.0086453082 -0.9999094 0.010318166
vn 0.008645352 0.9999094 -0.010318039
vn -0.0085716397 -0.9999103 0.010298697
vn 0.0085716397 0.9999103 -0.010298697
vn -0.0085986042 -0.99990839 0.010458171
vn 0.0085985204 0.99990839 -0.010458256
vn -0.0085452916 -0.99990886 0.010450714
vn 0.0085454173 0.99990886 -0.010450588
vn -0.0085922331 -0.99990684 0.010606057
vn 0.0085922331 0.99990684 -0.010606057
vn -0.008559485 -0.99990714 0.010605427
vn 0.008559485 0.99990714 -0.010605427
vn 0.0086276662 0.99990481 -0.010760935
vn -0.0086276662 -0.99990481 0.010760935
vn 0.0086163292 0.99990487 -0.010761905
vn -0.0086162873 -0.99990487 0.010762031
vn 0.0087101292 0.99990237 -0.010923139
vn -0.008710131 -0.99990237 0.010923141
vn 0.0087199435 0.99990231 -0.010920814
vn -0.0087200291 -0.99990231 0.010920732
vn -0.0088490015 -0.99989933 0.011095813
vn 0.0088490006 0.99989933 -0.011095813
vn -0.0088799018 -0.99989909 0.011083473
vn 0.0088798609 0.99989909 -0.011083514
vn -0.0090677561 -0.99989516 0.011289955
vn 0.0090677142 0.99989516 -0.011289997
vn -0.010298613 -0.9998709 0.012337219
vn 0.010298528 0.9998709 -0.012337303
vn -0.010318088 -0.99987149 0.012263465
vn 0.010318088 0.99987149 -0.012263465
vn -0.010450626 -0.99986899 0.01236372
vn -0.010458427 -0.99986959 0.012310154
vn 0.010458386 0.99986959 -0.012310197
vn 0.01045071 0.99986893 -0.012363635
vn -0.010149931 -0.99987328 0.012268869
vn 0.010149931 0.99987328 -0.012268869
vn -0.010606185 -0.99986798 0.012316805
vn 0.010606185 0.99986798 -0.012316805
vn -0.010186941 -0.999874 0.012175056
vn 0.010186941 0.999874 -0.012175056
vn -0.010605551 -0.99986756 0.01234913
vn 0.010605677 0.99986756 -0.012349003
vn -0.010005927 -0.99987608 0.012155717
vn 0.010006011 0.99987608 -0.012155634
vn 0.010760521 0.99986672 -0.012280973
vn -0.010760646 -0.99986672 0.012280847
vn -0.010067452 -0.99987686 0.012041994
vn 0.010067495 0.99987686 -0.012041953
vn 0.010761445 0.99986649 -0.012292688
vn -0.010761572 -0.99986649 0.012292561
vn -0.0098691769 -0.99987942 0.011989716
vn 0.0098690903 0.99987942 -0.011989799
vn 0.010922122 0.99986589 -0.012198937
vn -0.010922017 -0.99986589 0.012199042
vn -0.009963572 -0.99988002 0.011857109
vn 0.0099635692 0.99988002 -0.011857106
vn 0.010919994 0.99986607 -0.012189013
vn -0.010919994 -0.99986607 0.012189013
vn -0.0097412271 -0.99988335 0.011759267
vn 0.009741229 0.99988335 -0.011759268
vn -0.011095214 -0.99986577 0.012059733
vn 0.011095254 0.99986577 -0.012059693
vn -0.0098811584 -0.99988371 0.011608974
vn 0.0098811174 0.99988371 -0.011609018
vn -0.026132932 -0.99965566 -0.0023599749
vn -0.010980971 -0.99987048 0.011769164
vn 0.010981143 0.99987048 -0.011768991
vn 0.026132932 0.99965566 0.0023599749
vn -0.0096225059 -0.99988818 0.011439504
vn 0.0096225059 0.99988818 -0.011439504
vn -0.010126424 -0.99987447 0.01218897
vn 0.010126424 0.99987447 -0.01218897
vn -0.0098260334 -0.99988812 0.011275764
vn 0.0098260334 0.99988812 -0.011275764
vn -0.030563418 -0.99953246 0.00076523016
vn -0.0111468 -0.99987048 0.01160873
vn -0.0090185329 -0.9998737 0.013081537
vn -0.010033108 -0.99987745 0.012023077
vn -0.83395648 0.0048454776 -0.55180901
vn 0.83395648 -0.0048454776 0.55180901
vn 0.010033107 0.99987739 -0.012023075
vn 0.0090206405 0.99987376 -0.01307943
vn 0.01115476 0.99987048 -0.01160077
vn 0.030560013 0.99953264 -0.00076863868
vn -0.01115476 -0.99987048 0.01160077
vn -0.011137187 -0.99987054 0.011619021
vn -0.01304623 -0.99976355 0.017398784
vn 0.013046186 0.99976343 -0.017398821
vn 0.011137187 0.99987048 -0.011619019
vn -0.0095130559 -0.99989444 0.010982091
vn 0.0095130559 0.99989444 -0.010982091
vn -0.011274581 -0.99987507 0.011083223
vn -0.68417478 -0.0010467782 -0.72931737
vn -0.68429667 -0.0093806861 -0.72914344
vn 0.68428677 0.0096260877 0.7291494
vn 0.68417478 0.0010467782 0.72931737
vn 0.011274581 0.99987507 -0.011083223
vn -0.011438714 -0.99987084 0.01128715
vn 0.011438581 0.99987084 -0.011287283
vn -0.011609187 -0.99987179 0.011027168
vn 0.011609187 0.99987179 -0.011027168
vn -0.011759102 -0.99986845 0.011167439
vn 0.011759104 0.99986845 -0.011167437
vn -0.011857591 -0.99986982 0.010944043
vn 0.011857591 0.99986982 -0.010944044
vn -0.01199025 -0.99986714 0.01103844
vn 0.011990149 0.99986714 -0.011038542
vn -0.012041599 -0.99986863 0.010841363
vn 0.012041723 0.99986881 -0.010841242
vn -0.01215554 -0.99986672 0.010902477
vn 0.012155509 0.99986672 -0.010902509
vn -0.012175021 -0.99986845 0.010721846
vn 0.012175147 0.99986845 -0.01072172
vn -0.012269001 -0.9998669 0.010758925
vn 0.012268916 0.9998669 -0.01075901
vn -0.012263319 -0.99986875 0.010590728
vn 0.012263318 0.99986863 -0.010590727
vn -0.012337239 -0.99986762 0.010610024
vn 0.012337239 0.99986762 -0.010610024
vn -0.01231019 -0.99986964 0.010450383
vn 0.01231019 0.99986964 -0.010450383
vn -0.01236346 -0.99986887 0.01045788
vn 0.01236346 0.99986887 -0.01045788
vn -0.012316477 -0.99987102 0.010302749
vn 0.012316477 0.99987102 -0.010302749
vn -0.012349225 -0.99987072 0.01030338
vn 0.012349224 0.99987066 -0.010303379
vn 0.012281043 0.9998731 -0.010148124
vn -0.012281043 -0.9998731 0.010148124
vn 0.012292633 0.99987298 -0.010146816
vn -0.012292633 -0.99987298 0.010146816
vn 0.012198874 0.99987566 -0.0099864658
vn -0.012198875 -0.99987572 0.0099864667
vn 0.012189093 0.99987578 -0.0099886535
vn -0.012189051 -0.99987578 0.0099886972
vn -0.012059484 -0.99987912 0.0098131057
vn 0.012059442 0.99987912 -0.0098131476
vn -0.01202901 -0.99987936 0.0098251989
vn 0.012029008 0.99987936 -0.009825198
vn -0.011841103 -0.99988353 0.009618747
vn 0.011841103 0.99988353 -0.009618747
vn 0.0085767237 0.99990726 -0.010571414
vn -0.0085767237 -0.99990726 0.010571414
vn 0.01057116 0.99986798 -0.012332104
vn -0.01057116 -0.99986798 0.012332104
vn -0.0095565785 -0.99989331 0.011047782
vn 0.0095565785 0.99989331 -0.011047782
vn -0.0093900068 -0.99989355 0.011172698
vn 0.0093900487 0.99989355 -0.011172656
vn 0.010337464 0.99990976 -0.0085767852
vn -0.010337505 -0.99990976 0.0085767424
vn -0.0095124468 -0.99991131 0.0093291663
vn 0.0095124524 0.99991131 -0.0093291597
vn -0.009766072 -0.99987745 0.012233481
vn 0.0097660292 0.99987745 -0.012233523
vn -0.011865346 -0.99986356 0.011492473
vn 0.011865345 0.99986356 -0.011492472
vn -0.011142678 -0.99990022 0.00867528
vn 0.011142678 0.99990022 -0.00867528
vn -0.0088373739 -0.9999153 0.0095623219
vn 0.0088373804 0.9999153 -0.0095623154
vn -0.0085714851 -0.99991304 0.010014305
vn 0.0085714851 0.99991304 -0.010014305
vn -0.011352172 -0.99988687 0.009861066
vn 0.011352172 0.99988687 -0.009861066
vn -0.011518782 -0.99988621 0.009736103
vn 0.011518782 0.99988621 -0.009736103
vn -0.012233453 -0.99986303 0.011142563
vn 0.012233446 0.99986303 -0.01114257
vn -0.0119639 -0.99988139 0.009696953
vn 0.0119639 0.99988139 -0.009696953
vn -0.0093371514 -0.99988878 0.011634034
vn 0.0093371505 0.99988878 -0.011634034
vn -0.011203392 -0.99986935 0.011656401
vn -0.011208224 -0.99986959 0.011625015
vn 0.011208224 0.99986959 -0.011625015
vn 0.011203352 0.99986935 -0.011656438
vn -0.010871444 -0.99987912 0.011117202
vn -0.014039204 -0.99976122 0.016742129
vn 0.4853569 -0.018577944 -0.87411863
vn 0.48489317 -0.014212754 -0.87445801
vn -0.4844076 0.014210489 0.87472701
vn -0.48535681 0.018577948 0.87411875
vn 0.014039204 0.99976122 -0.016742129
vn 0.010871452 0.99987912 -0.011117196
vn -0.014195393 -0.99975395 0.017045662
vn 0.014195477 0.99975395 -0.017045664
vn -0.01117275 -0.99987119 0.011518895
vn 0.01117275 0.99987119 -0.011518895
vn -0.0097360043 -0.99990857 0.0093899043
vn 0.0097360024 0.99990857 -0.0093899062
vn -0.0098501183 -0.99990582 0.009542048
vn -0.009864944 -0.99990577 0.0095394421
vn -0.012362479 -0.99989229 0.0079071829
vn 0.83252728 -0.071937196 0.54929346
vn -0.83243018 0.069225125 -0.54978901
vn 0.012365948 0.99989229 -0.0079037398
vn 0.0098648872 0.99990577 -0.0095394989
vn 0.0098501258 0.99990594 -0.0095420415
vn -0.009573265 -0.99991381 0.0089873327
vn -0.0095643932 -0.99991375 0.0089978892
vn 0.0095645078 0.99991375 -0.0089977738
vn 0.009573265 0.99991381 -0.0089873327
vn -0.0085365754 -0.99991059 0.010289342
vn 0.0085365754 0.99991059 -0.010289342
vn -0.0095621673 -0.99988145 0.012071217
vn 0.0095621673 0.99988145 -0.012071217
vn -0.012071283 -0.99986285 0.011346458
vn 0.012071297 0.99986285 -0.011346444
vn -0.0086753285 -0.99991465 0.0097662518
vn 0.008675334 0.99991459 -0.0097662443
vn 0.010839858 0.9998666 -0.01221723
vn -0.010839844 -0.99986655 0.012217243
vn -0.012372218 -0.99986708 0.010619378
vn 0.012372174 0.99986708 -0.010619421
vn -0.011579753 -0.99988776 0.0095123285
vn 0.011579753 0.99988776 -0.0095123295
vn -0.0094162012 -0.99988526 0.011865403
vn 0.0094161602 0.99988532 -0.011865445
vn -0.0092749828 -0.99991333 0.0093373675
vn 0.0092749847 0.99991345 -0.0093373694
vn 0.010068842 0.99991155 -0.0086915921
vn -0.010068836 -0.99991155 0.0086915987
vn 0.012216923 0.99987465 -0.010068831
vn -0.012216923 -0.99987465 0.010068831
vn 0.012331984 0.99987048 -0.010337391
vn -0.012331984 -0.99987048 0.010337391
vn 0.0086917691 0.9999035 -0.010839957
vn -0.0086917691 -0.9999035 0.010839957
vn -0.011396327 -0.99986804 0.011579691
vn 0.01139628 0.99986804 -0.011579655
vn -0.010894614 -0.99990386 0.0085712755
vn 0.010894614 0.99990386 -0.0085712755
vn -0.011633735 -0.99986535 0.011571446
vn 0.011633729 0.99986535 -0.011571454
vn -0.010014134 -0.9998737 0.012337485
vn 0.010014134 0.9998737 -0.012337485
vn -0.0090434514 -0.99991482 0.0094163427
vn 0.0090434449 0.99991477 -0.0094163474
vn -0.01157157 -0.99989003 0.0092747835
vn 0.01157157 0.99989003 -0.0092747835
vn -0.010288999 -0.99987048 0.012371944
vn 0.010288999 0.99987048 -0.012371944
vn -0.01233718 -0.99986446 0.010894456
vn 0.01233718 0.99986446 -0.010894456
vn -0.011492395 -0.99989307 0.0090436283
vn 0.011492395 0.99989307 -0.0090436283
vn -0.011346645 -0.99989659 0.0088373544
vn 0.011346645 0.99989659 -0.0088373544
vn -0.010619582 -0.99990726 0.0085369861
vn 0.010619582 0.99990726 -0.0085369861
vn -0.0093290145 -0.99989158 0.01139645
vn 0.0093290145 0.99989158 -0.01139645
vn -0.0090038227 -0.99989533 0.011328522
vn 0.0090038227 0.99989533 -0.011328522
vn -0.6674397 0.33022493 0.6674397
vn -0.70711017 3.1018306e-08 -0.70710343
vn 0.66751331 -0.31619748 0.67412537
vn 0.66751122 -0.31620622 0.67412347
vn -0.67405307 -0.30216709 0.67405307
vn -0.67405355 -0.30216488 0.67405361
vn 0.66743499 -0.33024424 -0.66743493
vn 0.66744363 -0.33020905 -0.66744357
vn -0.70710182 -1.4291767e-07 -0.70711178
vn 0.67405325 0.30216601 -0.67405331
vn 0.67405224 0.30217072 -0.6740523
vn -0.66751558 0.3161884 -0.6741274
vn -0.66751343 0.31619722 -0.67412549
vn -0.70702952 0.014783559 0.70702952
vn -0.6741274 -0.31618869 -0.66751552
vn -0.67412561 -0.31619641 -0.66751361
vn -0.67412513 -0.31619862 -0.66751307
vn 0.6741274 0.31618848 0.66751558
vn 0.67412549 0.31619731 0.66751343
vn 0.25869834 -0.01280357 -0.9658733
vn -0.49992624 -0.0038281577 -0.8660596
vn 0.38319451 -0.013723936 -0.92356569
vn 0.50029832 -0.014404687 -0.86573327
vn 0.49996603 -0.014281154 -0.86592728
vn -0.60889149 -0.0019276184 -0.79325122
vn -0.70699894 -2.2950037e-06 -0.70721471
vn 0.60829008 -0.014748848 -0.79357779
vn 0.609267 -0.014659674 -0.79282963
vn 0.70737469 -0.01478474 -0.70668411
vn -0.86599666 0.0038262857 -0.50003517
vn -0.7932905 0.0019284873 -0.60884023
vn -0.79330897 0.0019289313 -0.60881621
vn -0.86593378 0.0038244892 -0.500144
vn 0.79307169 -0.0146589 -0.60895181
vn 0.86580139 -0.014282096 -0.50018394
vn 0.86592728 -0.014281133 -0.49996603
vn 0.79311126 -0.014628261 -0.60890108
vn -0.96588796 0.0073923734 -0.25885493
vn -0.92383385 0.0056572668 -0.38275179
vn 0.92376596 -0.013659929 -0.38271368
vn 0.92378128 -0.013659702 -0.38267684
vn 0.96584201 -0.012804425 -0.25881508
vn -0.99140757 0.0090012299 -0.13049881
vn -0.99140203 0.0090007288 -0.13054122
vn -0.99994534 0.010453686 -0.00011946004
vn 0.99138463 -0.011729428 -0.13045678
vn 0.99994534 -0.010453912 9.7731405e-05
vn 0.99138778 -0.01172921 -0.13043281
vn -0.99137896 0.011729811 0.13049921
vn -0.99139583 0.011728657 0.13037196
vn 0.99139327 -0.0089999437 0.13060755
vn 0.96587032 -0.0073915021 0.25892064
vn -0.92379212 0.013659543 0.38265082
vn -0.92381817 0.013659158 0.38258791
vn 0.92384917 -0.005657813 0.38271484
vn 0.92385995 -0.0056581963 0.38268885
vn -0.71168905 0.019025994 0.70223689
vn -0.70702982 0.014754225 0.70702982
vn -0.79324245 0.014658362 0.60872948
vn -0.79326081 0.014658303 0.60870552
vn 0.79334575 -0.001929818 0.60876822
vn 0.79332739 -0.0019293745 0.6087923
vn -0.49773762 0.017872155 0.86714345
vn -0.60738343 0.088773414 0.78943312
vn 0.0045200554 0.99998522 -0.0030095675
vn 0.0048653623 0.99998415 -0.0028368908
vn 0.65075171 -0.0028940649 0.75928509
vn 0.59939021 0.0018581011 0.80045485
vn 0.54617262 0.0075647417 0.83763844
vn -0.2575517 0.013649299 0.96616805
vn -0.38083941 0.093872465 0.91986376
vn 0.006375791 0.99997878 0.0013498398
vn 0.0084692286 0.99995458 -0.004369155
vn 0.43232366 0.0012146537 0.90171766
vn 0.37235832 0.0061460314 0.92806876
vn 0.31129354 0.011442053 0.95024496
vn 0.0072328476 0.99953747 0.029539799
vn -0.13037151 -0.0090027982 -0.99142432
vn -0.25846019 -0.0073976745 -0.96599364
vn -0.38265234 -0.0056893285 -0.92387486
vn -0.49995178 -0.0038277365 -0.86604482
vn 0.96587712 -0.0073918407 0.2588951
vn -0.60876787 -0.0018993794 -0.79334605
vn -0.86601174 0.0037961919 -0.50000924
vn -0.75356168 -0.01321614 -0.65724444
vn -0.77218145 -0.0084584188 -0.63534576
vn -0.82982653 0.014320262 -0.55783761
vn -0.87043464 0.0069454089 -0.492235
vn 0.793401 -0.0019311489 0.60869622
vn 0.70706362 9.4137209e-07 0.70714998
vn -0.96587455 0.0076359669 -0.25889772
vn -0.92641872 0.0099325683 -0.37636364
vn -0.96412557 0.007306078 -0.26534611
vn 0.60867226 0.0019316692 0.79341942
vn 0.49998412 0.0038272024 0.8660261
vn -0.99994534 0.010454815 -1.1528511e-05
vn 0.2588951 0.0073919091 0.96587712
vn 0.13056514 0.0090005081 0.99139887
vn 9.7731405e-05 0.010453967 0.99994534
vn 0.79341942 -0.0019315921 0.60867226
vn 0.70708519 4.9016393e-07 0.70712841
vn 0.60864508 0.0019321706 0.79344028
vn 0.13063163 0.0089997221 0.99139017
vn -0.25878954 0.012804268 0.96584886
vn -0.96584886 0.012804229 0.25878954
vn -0.13067396 -0.0089992192 -0.99138457
vn -0.25876361 -0.0073936521 -0.9659124
vn -0.96414357 0.007306953 -0.26528049
vn -0.96577877 0.0079670809 -0.25924483
vn -0.50008607 -0.0038255206 -0.86596721
vn -0.86617905 0.0044114711 -0.49971426
vn -0.92556143 0.0057497425 -0.37855381
vn -0.87152821 0.0039856015 -0.49032924
vn -0.60881621 -0.0019290084 -0.79330897
vn -0.74952579 -0.0059823901 -0.6619482
vn -0.7779215 -0.0019463003 -0.62835848
vn -0.82800412 0.0075870352 -0.56067073
vn -0.9641546 0.0073074875 -0.26524037
vn -0.92557204 0.0057501267 -0.37852776
vn -0.74950552 -0.0059828409 -0.66197091
vn -0.77788335 -0.0019471931 -0.62840575
vn -0.8279705 0.0075862259 -0.56072038
vn -0.38292959 -0.0056547089 -0.92376018
vn 0.011612049 0.9998889 -0.00934806
vn 0.011079863 0.99989069 -0.0097891726
vn 0.010640171 0.99989128 -0.010213673
vn 0.010411103 0.99989098 -0.010471234
vn 0.010571037 0.99989069 -0.01033709
vn 0.010507648 0.9998908 -0.010393724
vn 0.01046331 0.99989069 -0.010446663
vn 0.010457886 0.99989069 -0.010453357
vn 0.010420134 0.99989069 -0.010487228
vn 0.01044914 0.9998908 -0.010453813
vn 0.010386996 0.9998908 -0.010508749
vn 0.010443311 0.99989086 -0.010443635
vn 0.010333878 0.9998911 -0.010540931
vn 0.010431865 0.99989116 -0.010427345
vn 0.010282259 0.99989134 -0.010560122
vn 0.010429531 0.99989164 -0.010389992
vn 0.010190864 0.99989194 -0.010602221
vn 0.010436523 0.99989229 -0.010318441
vn 0.010035088 0.99989271 -0.010674033
vn 0.0094924988 0.9998911 -0.011301075
vn 0.010055715 0.99989116 -0.010792783
vn 0.024448296 0.99968195 0.0061912276
vn -0.020636542 0.99873787 -0.045792188
vn 0.010670125 0.99989235 -0.010074891
vn 0.011569641 0.99989063 -0.0092182392
vn 0.010492943 0.99988955 -0.010526074
vn 0.010470654 0.99988949 -0.010553436
vn 0.010512514 0.99988949 -0.01051257
vn -0.048069902 0.99730539 -0.055418808
vn 0.010478003 0.99989134 -0.010369906
vn 0.010431072 0.9998982 -0.0097391186
vn 0.010444297 0.99988973 -0.010557904
vn 0.010822287 0.99987626 -0.011418613
vn 0.010742135 0.99988067 -0.011107769
vn 0.012365647 0.99983972 -0.012946492
vn 0.011603842 0.99986339 -0.01177092
vn 0.015567585 0.99977541 -0.014376666
vn 0.013169707 0.99983919 -0.012172263
vn 0.020731075 0.99967724 -0.014687777
vn 0.015403989 0.99981046 -0.011907288
vn 0.029542884 0.99947959 -0.012958243
vn 0.018313287 0.99977678 -0.010535646
vn 0.047571424 0.99885219 -0.0055924635
vn 0.021851381 0.99973387 -0.0074012242
vn 0.010512293 0.99988949 -0.010512349
vn -0.026042514 0.99859315 -0.046189148
vn 0.015513011 0.99986464 -0.0054973732
vn 0.010475799 0.99988949 -0.010551955
vn 0.010475276 0.99988949 -0.010550121
vn 0.010478018 0.99988949 -0.01054645
vn 0.0059668166 0.9998709 -0.014924765
vn 0.013721051 0.99987876 -0.0073614833
vn 0.010471548 0.99988949 -0.010551551
vn 0.010457872 0.99988949 -0.010568466
vn 0.010459703 0.99988949 -0.010566184
vn 0.010468074 0.99988949 -0.010557935
vn 0.010453989 0.99988949 -0.010574802
vn 0.010469506 0.99988949 -0.010557974
vn 0.010464022 0.99988949 -0.010563227
vn 0.01046633 0.99988949 -0.010561614
vn 0.010471842 0.99988949 -0.01055457
vn 0.0092308689 0.99988878 -0.011709666
vn 0.011166555 0.99988848 -0.009909438
vn 0.010468651 0.99988949 -0.01055555
vn 0.010440682 0.99988949 -0.010589046
vn 0.010471364 0.99988949 -0.010554533
vn 0.0096017364 0.99988955 -0.011341022
vn 0.011611301 0.99988747 -0.0095040128
vn 0.010456748 0.99988949 -0.010568962
vn 0.016595028 0.99985635 -0.0034475408
vn 0.0021894658 0.99980116 -0.019820979
vn 0.010460977 0.99988949 -0.010564356
vn 0.010477168 0.99988949 -0.01055125
vn 0.01046584 0.99988949 -0.010560996
vn 0.026995664 0.99960303 0.008071892
vn -0.013057898 0.99924254 -0.036658254
vn 0.011078575 0.99988985 -0.0098799746
vn 0.010336052 0.99989128 -0.010517048
vn 0.010323983 0.99989128 -0.01052782
vn 0.010446537 0.99989146 -0.010393395
vn 0.010281683 0.99989164 -0.010533027
vn 0.010237224 0.9998917 -0.010574282
vn 0.010472163 0.99989194 -0.010322846
vn 0.010134669 0.99989253 -0.010598938
vn 0.010053033 0.99989253 -0.010676942
vn 0.0091325985 0.99989063 -0.011640054
vn 0.010459356 0.99988949 -0.010564961
vn 0.010512863 0.99988949 -0.010512919
vn 0.047857672 0.99845582 0.028205793
vn -0.13467343 0.97826302 -0.15768495
vn 0.010464639 0.99988949 -0.010566292
vn 0.010443804 0.99988973 -0.010559606
vn 0.058777098 0.9974888 0.039515052
vn 0.020582128 0.99978811 -9.1059104e-05
vn 0.011572643 0.99988902 -0.0093874699
vn 0.011052974 0.99989074 -0.0098160617
vn 0.010653501 0.99989122 -0.010200341
vn 0.0104071 0.99989098 -0.010475239
vn 0.010590535 0.99989069 -0.010317592
vn 0.010502898 0.9998908 -0.010398475
vn 0.010453663 0.99989069 -0.010455135
vn 0.010456845 0.99989069 -0.0104544
vn 0.010422927 0.99989069 -0.010484435
vn 0.01044991 0.9998908 -0.010453044
vn 0.010441937 0.99989086 -0.010445009
vn 0.010333877 0.9998911 -0.010540932
vn 0.010433245 0.99989122 -0.010425965
vn 0.010279981 0.99989134 -0.0105624
vn 0.010428752 0.99989164 -0.010390771
vn 0.010193718 0.99989188 -0.010599365
vn 0.010434177 0.99989229 -0.010320788
vn 0.010035093 0.99989271 -0.010674031
vn 0.0094916979 0.9998911 -0.011301877
vn 0.010060058 0.99989116 -0.010788443
vn 0.024416657 0.9996829 0.0061594839
vn -0.020646201 0.99873716 -0.0458031
vn 0.010670124 0.99989235 -0.010074893
vn 0.011569642 0.99989063 -0.0092182402
vn 0.010526015 0.99988955 -0.010492997
vn 0.010449972 0.99988949 -0.010574117
vn 0.010512513 0.99988949 -0.010512569
vn -0.047886193 0.99732482 -0.055227831
vn 0.010464488 0.99989134 -0.010383403
vn 0.010399734 0.9998982 -0.0097720306
vn 0.010455652 0.99988973 -0.010546513
vn 0.010804609 0.9998762 -0.011435759
vn 0.010747264 0.99988067 -0.011102802
vn 0.01236638 0.99983972 -0.012947445
vn 0.011605004 0.99986333 -0.011771609
vn 0.015573134 0.99977541 -0.014375502
vn 0.013174457 0.99983919 -0.012167513
vn 0.020708317 0.99967778 -0.014678423
vn 0.015413597 0.99981046 -0.011897341
vn 0.018297944 0.99977684 -0.01055731
vn 0.047703579 0.99884611 -0.0055561168
vn 0.021829884 0.99973416 -0.007425338
vn 0.01161158 0.9998889 -0.0093484335
vn 0.011052962 0.99989074 -0.0098160477
vn 0.01064018 0.99989128 -0.010213677
vn 0.010415108 0.99989098 -0.010467229
vn 0.010551534 0.99989069 -0.010356598
vn 0.01050765 0.9998908 -0.010393721
vn 0.010467486 0.99989069 -0.010442487
vn 0.010454969 0.99989069 -0.010456275
vn 0.010448832 0.9998908 -0.010454121
vn 0.010441802 0.99989086 -0.010445142
vn 0.010335987 0.99989098 -0.01053882
vn 0.010431226 0.99989116 -0.010427985
vn 0.010282257 0.99989134 -0.010560124
vn 0.010429843 0.99989164 -0.01038968
vn 0.010190863 0.99989194 -0.010602219
vn 0.010436098 0.99989229 -0.010318872
vn 0.010035087 0.99989271 -0.010674039
vn 0.0094924923 0.9998911 -0.011301069
vn 0.010055639 0.99989116 -0.01079286
vn 0.024394959 0.99968356 0.0061363378
vn -0.02053987 0.99874425 -0.045695569
vn 0.010664692 0.99989235 -0.010080359
vn 0.011569319 0.99989063 -0.0092186769
vn 0.010492966 0.99988955 -0.010526099
vn 0.010470619 0.99988949 -0.010553382
vn 0.010512624 0.99988949 -0.01051268
vn -0.047907703 0.99732286 -0.0552455
vn 0.010464489 0.99989134 -0.010383367
vn 0.010399601 0.9998982 -0.0097701084
vn 0.010444289 0.99988973 -0.010557867
vn 0.010821901 0.99987626 -0.011417517
vn 0.010742106 0.99988067 -0.011107738
vn 0.012365104 0.99983978 -0.01294577
vn 0.011605809 0.99986339 -0.011769963
vn 0.015570441 0.99977553 -0.014373391
vn 0.020716365 0.9996776 -0.014681749
vn 0.01540521 0.99981046 -0.011907752
vn 0.029539386 0.99947965 -0.012957614
vn 0.018318892 0.99977672 -0.010535519
vn 0.047662299 0.99884808 -0.005544079
vn 0.021845732 0.99973398 -0.0074017295

# Mesh 'ID2213.001' with 137 faces
g ID2213.001
l  1 2
l  2 3
l  4 2
l  5 6
l  7 8
l  9 10
l  11 12
l  13 14
l  14 15
l  16 14
l  17 18
l  19 20
l  21 22
l  23 24
l  25 26
l  26 27
l  28 26
l  29 30
l  31 32
l  33 34
l  35 36
l  37 38
l  38 39
l  40 38
l  41 42
l  43 44
l  45 46
l  47 48
l  49 50
l  50 51
l  52 53
l  53 54
l  55 56
l  56 57
l  58 59
l  59 60
l  60 61
l  61 62
l  62 63
l  63 64
l  64 65
l  65 66
l  66 55
l  67 68
l  68 58
l  69 70
l  70 71
l  72 73
l  73 74
l  75 76
l  76 77
l  77 78
l  78 79
l  79 80
l  80 81
l  81 82
l  82 83
l  83 84
l  84 85
l  85 86
l  86 87
l  87 88
l  89 90
l  90 91
l  92 93
l  93 94
l  95 96
l  96 97
l  97 98
l  98 99
l  99 100
l  100 101
l  101 102
l  102 103
l  103 92
l  104 105
l  105 95
l  106 107
l  107 108
l  109 110
l  110 111
l  112 113
l  114 112
l  115 116
l  116 114
l  112 117
l  118 112
l  119 120
l  120 121
l  122 123
l  123 124
l  125 126
l  126 127
l  128 129
l  129 130
l  131 132
l  133 134
l  135 136
l  136 137
l  138 139
l  140 141
l  141 142
l  143 144
l  144 145
l  145 146
l  146 147
l  148 143
l  149 148
l  150 149
l  151 150
l  152 153
l  153 154
l  155 156
l  157 158
l  158 159
l  160 161
l  162 163
l  163 164
l  165 166
l  167 168
l  168 169
l  170 171
l  171 172
l  173 174
l  174 175
l  176 177
l  177 178
l  179 180
l  180 181
l  182 183
l  184 182
l  185 186
l  187 185
l  188 189
l  190 188
l  191 192
l  193 191

# Mesh 'ID1817.001' with 4 faces
g ID1817.001
l  194 195
l  196 197
l  198 199
l  200 201

# Mesh 'ID2061.001' with 382 faces
g ID2061.001
f  202//1 203//1 204//1
f  203//1 202//1 205//2
f  205//3 206//3 203//3
f  206//4 205//4 207//4
f  208//5 209//5 210//5
f  209//5 208//5 211//5
f  212//6 213//6 214//6
f  213//6 212//6 215//6
f  215//7 208//7 213//7
f  208//7 215//7 211//7
f  210//8 213//8 208//8
f  213//8 210//8 214//8
f  216//8 214//8 210//8
f  214//8 216//8 217//8
f  217//8 216//8 218//8
f  217//8 218//8 219//8
f  217//8 219//8 220//8
f  217//8 220//8 221//8
f  212//6 217//9 222//9
f  217//9 212//6 214//6
f  210//5 223//10 216//10
f  223//10 210//5 209//5
f  224//8 225//8 226//8
f  221//11 224//11 227//11
f  224//11 221//11 225//11
f  227//12 220//12 221//12
f  217//13 225//11 221//11
f  225//11 217//13 222//13
f  219//8 218//8 228//8
f  218//14 229//14 228//14
f  229//15 218//15 230//15
f  223//16 218//16 230//16
f  218//16 223//16 216//16
f  231//12 229//12 230//12
f  212//17 210//17 214//17
f  210//17 212//17 209//17
f  232//8 233//8 234//8
f  233//8 232//8 235//8
f  233//8 235//8 236//8
f  236//8 235//8 237//8
f  237//8 235//8 238//8
f  239//8 236//8 237//8
f  232//18 240//18 235//18
f  240//18 232//18 241//19
f  242//20 238//20 243//20
f  238//20 242//20 237//20
f  244//21 245//21 246//21
f  245//21 244//21 247//21
f  248//22 249//22 250//22
f  249//22 248//22 251//22
f  251//23 244//23 249//23
f  244//23 251//23 247//23
f  246//24 249//24 244//24
f  249//24 246//24 250//24
f  252//24 250//24 246//24
f  250//24 252//24 253//24
f  253//24 252//24 254//24
f  253//24 254//24 255//24
f  253//24 255//24 256//24
f  253//24 256//24 257//24
f  248//22 253//25 258//25
f  253//25 248//22 250//22
f  246//21 259//26 252//26
f  259//26 246//21 245//21
f  260//24 261//24 262//24
f  257//27 260//27 263//27
f  260//27 257//27 261//27
f  263//28 256//28 257//28
f  253//29 261//27 257//27
f  261//27 253//29 258//29
f  255//24 254//24 264//24
f  254//30 265//30 264//30
f  265//31 254//31 266//31
f  259//32 254//32 266//32
f  254//32 259//32 252//32
f  267//28 265//28 266//28
f  248//33 246//33 250//33
f  246//33 248//33 245//33
f  268//24 269//24 270//24
f  269//24 268//24 271//24
f  269//24 271//24 272//24
f  272//24 271//24 273//24
f  273//24 271//24 274//24
f  275//24 272//24 273//24
f  268//34 276//34 271//34
f  276//34 268//34 277//35
f  278//36 274//36 279//36
f  274//36 278//36 273//36
f  280//37 281//37 282//37
f  281//37 280//37 283//38
f  284//39 285//39 286//39
f  285//39 284//39 287//39
f  288//40 289//40 290//40
f  289//40 288//40 291//40
f  291//41 284//41 289//41
f  284//41 291//41 287//41
f  286//42 289//42 284//42
f  289//42 286//42 290//42
f  292//42 290//42 286//42
f  290//42 292//42 293//42
f  293//42 292//42 294//42
f  293//42 294//42 295//42
f  293//42 295//42 296//42
f  293//42 296//42 297//42
f  288//40 293//43 298//43
f  293//43 288//40 290//40
f  286//39 299//44 292//44
f  299//44 286//39 285//39
f  300//42 301//42 302//42
f  297//45 300//45 303//45
f  300//45 297//45 301//45
f  303//46 296//46 297//46
f  293//47 301//45 297//45
f  301//45 293//47 298//47
f  295//42 294//42 304//42
f  294//48 305//48 304//48
f  305//49 294//49 306//49
f  299//50 294//50 306//50
f  294//50 299//50 292//50
f  307//46 305//46 306//46
f  288//51 286//51 290//51
f  286//51 288//51 285//51
f  308//42 309//42 310//42
f  309//42 308//42 311//42
f  309//42 311//42 312//42
f  312//42 311//42 313//42
f  313//42 311//42 314//42
f  315//42 312//42 313//42
f  308//52 316//52 311//52
f  316//52 308//52 317//53
f  318//54 314//54 319//54
f  314//54 318//54 313//54
f  320//55 321//55 322//55
f  321//55 320//55 323//55
f  324//56 325//56 326//56
f  325//56 324//56 327//56
f  327//57 320//57 325//57
f  320//57 327//57 323//57
f  322//58 325//58 320//58
f  325//58 322//58 326//58
f  328//58 326//58 322//58
f  326//58 328//58 329//58
f  329//58 328//58 330//58
f  329//58 330//58 331//58
f  329//58 331//58 332//58
f  329//58 332//58 333//58
f  324//56 329//59 334//59
f  329//59 324//56 326//56
f  322//55 335//60 328//60
f  335//60 322//55 321//55
f  336//58 337//58 338//58
f  333//61 336//61 339//61
f  336//61 333//61 337//61
f  339//62 332//62 333//62
f  329//63 337//61 333//61
f  337//61 329//63 334//63
f  331//58 330//58 340//58
f  330//64 341//64 340//64
f  341//65 330//65 342//65
f  335//66 330//66 342//66
f  330//66 335//66 328//66
f  343//62 341//62 342//62
f  324//67 322//67 326//67
f  322//67 324//67 321//67
f  344//58 345//58 346//58
f  345//58 344//58 347//58
f  345//58 347//58 348//58
f  348//58 347//58 349//58
f  349//58 347//58 350//58
f  351//58 348//58 349//58
f  344//68 352//68 347//68
f  352//68 344//68 353//69
f  354//70 350//70 355//70
f  350//70 354//70 349//70
f  356//37 357//37 358//37
f  357//37 356//37 359//38
f  360//71 361//71 362//71
f  361//71 360//71 363//71
f  364//72 365//72 366//72
f  365//72 364//72 367//72
f  367//73 360//73 365//73
f  360//73 367//73 363//73
f  362//74 365//74 360//74
f  365//74 362//74 366//74
f  368//74 366//74 362//74
f  366//74 368//74 369//74
f  369//74 368//74 370//74
f  369//74 370//74 371//74
f  369//74 371//74 372//74
f  369//74 372//74 373//74
f  364//72 369//75 374//75
f  369//75 364//72 366//72
f  362//71 375//5 368//5
f  375//5 362//71 361//71
f  376//74 377//74 378//74
f  373//76 376//76 379//76
f  376//76 373//76 377//76
f  379//77 372//77 373//77
f  369//78 377//76 373//76
f  377//76 369//78 374//78
f  371//74 370//74 380//74
f  370//79 381//79 380//79
f  381//80 370//80 382//80
f  375//81 370//81 382//81
f  370//81 375//81 368//81
f  383//77 381//77 382//77
f  364//82 362//82 366//82
f  362//82 364//82 361//82
f  384//74 385//74 386//74
f  385//74 384//74 387//74
f  385//74 387//74 388//74
f  388//74 387//74 389//74
f  389//74 387//74 390//74
f  391//74 388//74 389//74
f  384//83 392//83 387//83
f  392//83 384//83 393//84
f  394//85 390//85 395//85
f  390//85 394//85 389//85
f  396//86 397//86 398//86
f  397//86 396//86 399//86
f  400//87 401//87 402//87
f  401//87 400//87 403//87
f  403//88 396//88 401//88
f  396//88 403//88 399//88
f  398//89 401//89 396//89
f  401//89 398//89 402//89
f  404//89 402//89 398//89
f  402//89 404//89 405//89
f  405//89 404//89 406//89
f  405//89 406//89 407//89
f  405//89 407//89 408//89
f  405//89 408//89 409//89
f  400//87 405//90 410//90
f  405//90 400//87 402//87
f  398//86 411//91 404//91
f  411//91 398//86 397//86
f  412//89 413//89 414//89
f  409//92 412//92 415//92
f  412//92 409//92 413//92
f  415//93 408//93 409//93
f  405//94 413//92 409//92
f  413//92 405//94 410//94
f  407//89 406//89 416//89
f  406//95 417//95 416//95
f  417//96 406//96 418//96
f  411//97 406//97 418//97
f  406//97 411//97 404//97
f  419//93 417//93 418//93
f  400//98 398//98 402//98
f  398//98 400//98 397//98
f  420//89 421//89 422//89
f  421//89 420//89 423//89
f  421//89 423//89 424//89
f  424//89 423//89 425//89
f  425//89 423//89 426//89
f  427//89 424//89 425//89
f  420//99 428//99 423//99
f  428//99 420//99 429//100
f  430//101 426//101 431//101
f  426//101 430//101 425//101
f  432//37 433//37 434//37
f  433//37 432//37 435//38
f  436//102 437//102 438//102
f  437//102 436//102 439//102
f  440//103 441//103 442//103
f  441//103 440//103 443//103
f  443//104 436//104 441//104
f  436//104 443//104 439//104
f  438//105 441//105 436//105
f  441//105 438//105 442//105
f  444//105 442//105 438//105
f  442//105 444//105 445//105
f  445//105 444//105 446//105
f  445//105 446//105 447//105
f  445//105 447//105 448//105
f  445//105 448//105 449//105
f  440//103 445//106 450//106
f  445//106 440//103 442//103
f  438//102 451//107 444//107
f  451//107 438//102 437//102
f  452//105 453//105 454//105
f  449//108 452//108 455//108
f  452//108 449//108 453//108
f  455//109 448//109 449//109
f  445//110 453//108 449//108
f  453//108 445//110 450//110
f  447//105 446//105 456//105
f  446//111 457//111 456//111
f  457//112 446//112 458//112
f  451//113 446//113 458//113
f  446//113 451//113 444//113
f  459//109 457//109 458//109
f  440//114 438//114 442//114
f  438//114 440//114 437//114
f  460//105 461//105 462//105
f  461//105 460//105 463//105
f  461//105 463//105 464//105
f  464//105 463//105 465//105
f  465//105 463//105 466//105
f  467//105 464//105 465//105
f  460//115 468//115 463//115
f  468//115 460//115 469//116
f  470//117 466//117 471//117
f  466//117 470//117 465//117
f  472//118 473//118 474//118
f  473//118 472//118 475//118
f  476//119 477//119 478//119
f  477//119 476//119 479//119
f  479//120 472//120 477//120
f  472//120 479//120 475//120
f  474//121 477//121 472//121
f  477//121 474//121 478//121
f  480//121 478//121 474//121
f  478//121 480//121 481//121
f  481//121 480//121 482//121
f  481//121 482//121 483//121
f  481//121 483//121 484//121
f  481//121 484//121 485//121
f  476//119 481//122 486//122
f  481//122 476//119 478//119
f  474//118 487//123 480//123
f  487//123 474//118 473//118
f  488//121 489//121 490//121
f  485//124 488//124 491//124
f  488//124 485//124 489//124
f  491//125 484//125 485//125
f  481//126 489//124 485//124
f  489//124 481//126 486//126
f  483//121 482//121 492//121
f  482//127 493//127 492//127
f  493//128 482//128 494//128
f  487//129 482//129 494//129
f  482//129 487//129 480//129
f  495//125 493//125 494//125
f  476//130 474//130 478//130
f  474//130 476//130 473//130
f  496//121 497//121 498//121
f  497//121 496//121 499//121
f  497//121 499//121 500//121
f  500//121 499//121 501//121
f  501//121 499//121 502//121
f  503//121 500//121 501//121
f  496//131 504//131 499//131
f  504//131 496//131 505//132
f  506//133 502//133 507//133
f  502//133 506//133 501//133
f  508//37 509//37 510//37
f  509//37 508//37 511//38
f  512//134 513//134 514//134
f  513//134 512//134 515//134
f  131//135 516//135 517//135
f  516//135 131//135 518//135
f  518//135 131//135 519//135
f  520//135 521//135 522//135
f  521//135 520//135 523//135
f  524//135 525//135 526//135
f  525//135 524//135 527//135
f  528//136 529//136 160//136
f  529//135 528//135 530//135
f  530//135 528//135 531//135
f  532//134 533//134 534//134
f  533//134 532//134 535//134
f  536//135 537//135 538//135
f  537//135 536//135 138//137
f  539//135 537//135 138//137
f  540//134 541//134 542//134
f  541//134 540//134 543//134
f  543//134 540//134 544//134
f  545//135 546//135 547//135
f  546//135 545//135 548//135
f  549//135 550//135 551//135
f  550//135 549//135 552//135
f  553//138 554//138 555//138
f  554//138 553//138 556//138
f  557//134 558//134 559//134
f  558//134 557//134 560//134
f  561//134 562//134 563//134
f  562//134 561//134 564//134
f  565//135 566//135 567//135
f  566//135 565//135 568//135
f  569//136 570//136 571//136
f  570//136 569//136 572//136

# Mesh 'ID1957.001' with 8 faces
g ID1957.001
f  555//135 572//135 570//135
f  572//135 555//135 553//135
f  572//139 556//139 569//139
f  556//139 572//139 553//139
f  555//140 571//140 554//140
f  571//140 555//140 570//140
f  556//134 571//134 569//134
f  571//134 556//134 554//134

# Mesh 'ID2067.001' with 1413 faces
g ID2067.001
f  573//141 516//141 574//141
f  518//142 574//141 516//141
f  573//136 514//136 516//136
f  517//136 516//136 514//136
f  514//136 573//136 513//136
f  575//136 513//136 573//136
f  576//134 575//134 574//134
f  573//134 574//134 575//134
f  512//138 515//138 574//138
f  576//138 574//138 515//138
f  574//138 518//143 512//138
f  519//138 512//138 518//143
f  512//139 131//139 514//139
f  517//139 514//139 131//139
f  519//139 131//139 512//139
f  576//139 515//139 575//139
f  513//139 575//139 515//139
f  205//144 202//144 203//144
f  204//145 203//144 202//144
f  207//146 205//146 206//146
f  203//147 206//147 205//147
f  577//148 578//148 206//148
f  207//149 206//149 578//149
f  578//3 577//3 202//3
f  204//3 202//3 577//3
f  204//150 577//150 203//150
f  206//150 203//150 577//150
f  202//151 205//151 578//151
f  207//151 578//151 205//151
f  579//152 580//152 581//152
f  582//153 581//152 580//152
f  583//150 584//150 585//150
f  584//150 586//150 585//150
f  582//150 585//150 586//150
f  587//150 588//150 586//150
f  586//150 588//150 582//150
f  582//150 588//150 581//150
f  588//150 589//150 581//150
f  581//150 589//150 590//150
f  589//150 591//150 590//150
f  590//150 591//150 592//150
f  593//150 592//150 591//150
f  582//154 580//154 585//154
f  594//154 585//154 580//154
f  595//151 596//151 597//151
f  596//151 580//151 597//151
f  597//151 580//151 598//155
f  580//151 579//151 598//155
f  579//151 599//151 598//155
f  598//155 599//151 600//151
f  600//151 599//151 601//151
f  602//151 601//151 599//151
f  603//151 594//151 604//151
f  604//151 594//151 596//151
f  580//151 596//151 594//151
f  599//156 579//156 590//156
f  581//156 590//156 579//156
f  596//145 595//145 586//145
f  587//157 586//145 595//145
f  596//158 586//158 604//158
f  584//159 604//158 586//158
f  604//160 584//160 603//160
f  583//160 603//160 584//160
f  594//161 603//161 585//161
f  583//161 585//161 603//161
f  602//161 599//161 592//161
f  590//161 592//161 599//161
f  593//162 601//162 592//162
f  602//162 592//162 601//162
f  600//163 601//163 591//163
f  593//163 591//163 601//163
f  589//164 598//164 591//164
f  600//164 591//164 598//164
f  598//165 589//165 597//165
f  588//166 597//165 589//165
f  597//165 588//166 595//167
f  587//168 595//167 588//166
f  212//12 209//12 215//12
f  211//12 215//12 209//12
f  225//12 226//12 222//12
f  226//12 231//12 222//12
f  231//12 230//12 222//12
f  230//12 223//12 222//12
f  222//12 223//12 212//12
f  209//12 212//12 223//12
f  226//12 225//12 224//12
f  225//169 221//169 224//169
f  227//169 224//169 221//169
f  221//8 220//8 227//8
f  222//170 217//170 225//169
f  221//169 225//169 217//170
f  228//12 218//12 219//12
f  230//171 218//171 229//171
f  228//172 229//172 218//172
f  216//173 223//173 218//173
f  230//173 218//173 223//173
f  230//8 229//8 231//8
f  209//174 212//174 210//174
f  214//174 210//174 212//174
f  605//12 606//12 243//12
f  240//12 243//12 606//12
f  248//28 245//28 251//28
f  247//28 251//28 245//28
f  261//28 262//28 258//28
f  262//28 267//28 258//28
f  267//28 266//28 258//28
f  266//28 259//28 258//28
f  258//28 259//28 248//28
f  245//28 248//28 259//28
f  262//28 261//28 260//28
f  261//175 257//175 260//175
f  263//175 260//175 257//175
f  257//24 256//24 263//24
f  258//176 253//176 261//175
f  257//175 261//175 253//176
f  264//28 254//28 255//28
f  266//177 254//177 265//177
f  264//178 265//178 254//178
f  252//179 259//179 254//179
f  266//179 254//179 259//179
f  266//24 265//24 267//24
f  245//180 248//180 246//180
f  250//180 246//180 248//180
f  607//28 608//28 279//28
f  276//28 279//28 608//28
f  283//181 280//181 281//181
f  282//182 281//181 280//181
f  288//46 285//46 291//46
f  287//46 291//46 285//46
f  301//46 302//46 298//46
f  302//46 307//46 298//46
f  307//46 306//46 298//46
f  306//46 299//46 298//46
f  298//46 299//46 288//46
f  285//46 288//46 299//46
f  302//46 301//46 300//46
f  301//183 297//183 300//183
f  303//183 300//183 297//183
f  297//42 296//42 303//42
f  298//184 293//184 301//183
f  297//183 301//183 293//184
f  304//46 294//46 295//46
f  306//185 294//185 305//185
f  304//186 305//186 294//186
f  292//187 299//187 294//187
f  306//187 294//187 299//187
f  306//42 305//42 307//42
f  285//188 288//188 286//188
f  290//188 286//188 288//188
f  609//46 610//46 319//46
f  316//46 319//46 610//46
f  324//62 321//62 327//62
f  323//62 327//62 321//62
f  337//62 338//62 334//62
f  338//62 343//62 334//62
f  343//62 342//62 334//62
f  342//62 335//62 334//62
f  334//62 335//62 324//62
f  321//62 324//62 335//62
f  338//62 337//62 336//62
f  337//189 333//189 336//189
f  339//189 336//189 333//189
f  333//58 332//58 339//58
f  334//190 329//190 337//189
f  333//189 337//189 329//190
f  340//62 330//62 331//62
f  342//191 330//191 341//191
f  340//192 341//192 330//192
f  328//193 335//193 330//193
f  342//193 330//193 335//193
f  342//58 341//58 343//58
f  321//194 324//194 322//194
f  326//194 322//194 324//194
f  611//62 612//62 355//62
f  352//62 355//62 612//62
f  359//181 356//181 357//181
f  358//182 357//181 356//181
f  364//77 361//77 367//77
f  363//77 367//77 361//77
f  377//77 378//77 374//77
f  378//77 383//77 374//77
f  383//77 382//77 374//77
f  382//77 375//77 374//77
f  374//77 375//77 364//77
f  361//77 364//77 375//77
f  378//77 377//77 376//77
f  377//195 373//195 376//195
f  379//195 376//195 373//195
f  373//74 372//74 379//74
f  374//196 369//196 377//195
f  373//195 377//195 369//196
f  380//77 370//77 371//77
f  382//197 370//197 381//197
f  380//198 381//198 370//198
f  368//199 375//199 370//199
f  382//199 370//199 375//199
f  382//74 381//74 383//74
f  361//200 364//200 362//200
f  366//200 362//200 364//200
f  613//77 614//77 395//77
f  392//77 395//77 614//77
f  400//93 397//93 403//93
f  399//93 403//93 397//93
f  413//93 414//93 410//93
f  414//93 419//93 410//93
f  419//93 418//93 410//93
f  418//93 411//93 410//93
f  410//93 411//93 400//93
f  397//93 400//93 411//93
f  414//93 413//93 412//93
f  413//201 409//201 412//201
f  415//201 412//201 409//201
f  409//89 408//89 415//89
f  410//202 405//202 413//201
f  409//201 413//201 405//202
f  416//93 406//93 407//93
f  418//203 406//203 417//203
f  416//204 417//204 406//204
f  404//205 411//205 406//205
f  418//205 406//205 411//205
f  418//89 417//89 419//89
f  397//206 400//206 398//206
f  402//206 398//206 400//206
f  615//93 616//93 431//93
f  428//93 431//93 616//93
f  435//181 432//181 433//181
f  434//182 433//181 432//181
f  440//109 437//109 443//109
f  439//109 443//109 437//109
f  453//109 454//109 450//109
f  454//109 459//109 450//109
f  459//109 458//109 450//109
f  458//109 451//109 450//109
f  450//109 451//109 440//109
f  437//109 440//109 451//109
f  454//109 453//109 452//109
f  453//207 449//207 452//207
f  455//207 452//207 449//207
f  449//105 448//105 455//105
f  450//208 445//208 453//207
f  449//207 453//207 445//208
f  456//109 446//109 447//109
f  458//209 446//209 457//209
f  456//210 457//210 446//210
f  444//211 451//211 446//211
f  458//211 446//211 451//211
f  458//105 457//105 459//105
f  437//212 440//212 438//212
f  442//212 438//212 440//212
f  617//109 618//109 471//109
f  468//109 471//109 618//109
f  476//125 473//125 479//125
f  475//125 479//125 473//125
f  489//125 490//125 486//125
f  490//125 495//125 486//125
f  495//125 494//125 486//125
f  494//125 487//125 486//125
f  486//125 487//125 476//125
f  473//125 476//125 487//125
f  490//125 489//125 488//125
f  489//213 485//213 488//213
f  491//213 488//213 485//213
f  485//121 484//121 491//121
f  486//214 481//214 489//213
f  485//213 489//213 481//214
f  492//125 482//125 483//125
f  494//215 482//215 493//215
f  492//216 493//216 482//216
f  480//217 487//217 482//217
f  494//217 482//217 487//217
f  494//121 493//121 495//121
f  473//218 476//218 474//218
f  478//218 474//218 476//218
f  619//125 620//125 507//125
f  504//125 507//125 620//125
f  511//181 508//181 509//181
f  510//182 509//181 508//181
f  515//135 512//135 513//135
f  514//135 513//135 512//135
f  569//135 621//135 571//135
f  621//135 622//135 571//135
f  622//135 543//135 571//135
f  571//135 543//135 623//135
f  541//135 623//135 543//135
f  621//135 569//135 624//219
f  624//219 569//135 625//135
f  625//135 569//135 626//220
f  626//220 569//135 627//135
f  627//135 569//135 628//135
f  629//135 628//135 569//135
f  621//135 624//219 622//135
f  625//135 622//135 624//219
f  626//220 627//135 625//135
f  544//135 625//135 627//135
f  544//135 627//135 540//135
f  540//135 627//135 542//135
f  628//135 542//135 627//135
f  541//135 630//135 623//135
f  630//135 631//135 623//135
f  133//221 632//221 631//135
f  623//135 631//135 632//221
f  628//135 629//135 633//135
f  633//135 629//135 634//135
f  133//221 634//135 632//221
f  629//135 635//135 634//135
f  632//221 634//135 635//135
f  636//135 155//135 637//135
f  638//135 637//135 639//135
f  639//135 637//135 640//135
f  637//135 641//135 640//135
f  641//135 642//135 640//135
f  643//135 644//135 642//135
f  640//135 642//135 644//135
f  645//135 646//135 647//135
f  647//135 646//135 648//135
f  648//135 646//135 649//135
f  646//135 650//222 649//135
f  649//135 650//222 651//135
f  650//222 652//135 651//135
f  653//135 651//135 652//135
f  637//135 638//135 636//135
f  638//135 654//135 636//135
f  636//135 654//135 655//135
f  655//135 654//135 643//135
f  643//135 654//135 644//135
f  654//135 656//135 644//135
f  644//135 656//135 657//135
f  656//135 658//135 657//135
f  657//135 658//135 659//135
f  658//135 660//135 659//135
f  659//135 660//135 661//135
f  660//135 662//223 661//135
f  661//135 662//223 663//135
f  662//223 664//135 663//135
f  663//135 664//135 665//135
f  664//135 666//135 665//135
f  665//135 666//135 667//224
f  666//135 668//135 667//224
f  667//224 668//135 669//135
f  668//135 670//135 669//135
f  669//135 670//135 671//135
f  670//135 672//225 671//135
f  671//135 672//225 673//226
f  672//225 674//227 673//226
f  675//228 673//226 674//227
f  676//136 677//136 678//136
f  679//135 678//135 677//135
f  680//135 681//135 682//135
f  682//135 681//135 683//135
f  681//135 684//226 683//135
f  683//135 684//226 685//229
f  684//226 686//135 685//229
f  685//229 686//135 687//135
f  686//135 688//135 687//135
f  688//136 632//136 687//136
f  632//221 635//135 687//135
f  635//138 689//138 687//138
f  689//135 690//135 687//135
f  687//135 690//135 691//230
f  690//135 692//135 691//230
f  692//135 693//231 691//230
f  691//230 693//231 694//232
f  693//231 678//135 694//232
f  678//233 679//233 694//233
f  679//135 695//135 694//232
f  696//135 697//135 695//135
f  694//232 695//135 697//135
f  698//234 699//234 700//234
f  700//234 699//234 701//135
f  699//234 702//135 701//135
f  701//135 702//135 703//135
f  702//135 704//135 703//135
f  703//135 704//135 689//135
f  690//135 689//135 704//135
f  693//231 692//135 705//135
f  692//135 706//135 705//135
f  705//135 706//135 676//135
f  676//235 706//235 677//235
f  677//135 706//135 707//135
f  707//135 706//135 708//135
f  708//135 706//135 696//135
f  706//135 709//135 696//135
f  696//135 709//135 697//135
f  697//135 709//135 647//135
f  647//236 709//236 645//236
f  645//135 709//135 639//135
f  639//135 709//135 638//135
f  638//135 709//135 710//237
f  709//135 711//238 710//237
f  711//238 712//239 710//237
f  710//237 712//239 713//135
f  713//135 712//239 714//135
f  712//239 715//222 714//135
f  714//135 715//222 716//135
f  715//222 717//227 716//135
f  718//228 716//135 717//227
f  625//135 544//135 622//135
f  543//135 622//135 544//135
f  530//140 529//140 626//140
f  529//140 633//140 626//140
f  633//135 628//135 626//220
f  627//135 626//220 628//135
f  626//138 625//138 530//138
f  530//138 625//138 531//138
f  622//138 531//138 625//138
f  542//135 628//135 134//135
f  633//135 134//135 628//135
f  633//135 634//135 134//135
f  134//135 634//135 630//135
f  630//135 634//135 631//135
f  133//221 631//135 634//135
f  541//135 542//135 630//135
f  134//135 630//135 542//135
f  528//139 531//139 630//139
f  630//139 531//139 541//139
f  531//139 622//139 541//139
f  543//135 541//135 622//135
f  633//136 529//136 134//136
f  160//136 134//136 529//136
f  134//136 160//136 630//136
f  528//136 630//136 160//136
f  643//240 642//240 719//240
f  720//241 719//240 642//240
f  655//135 643//135 636//135
f  636//140 643//140 550//140
f  552//140 550//140 721//140
f  643//140 719//242 550//140
f  721//140 550//140 719//242
f  721//135 719//135 722//135
f  720//135 722//135 719//135
f  641//135 637//135 642//135
f  637//139 551//139 642//139
f  642//139 551//139 720//139
f  551//139 549//139 720//139
f  722//139 720//139 549//139
f  636//138 550//138 155//138
f  155//138 550//138 637//138
f  551//138 637//138 550//138
f  552//138 721//138 549//138
f  722//138 549//138 721//138
f  708//135 696//135 707//135
f  707//243 696//243 723//243
f  724//244 723//243 696//243
f  707//138 723//138 677//138
f  677//138 723//138 527//245
f  527//245 723//138 524//138
f  725//138 524//138 723//138
f  725//135 723//135 726//135
f  724//135 726//135 723//135
f  696//136 695//136 724//136
f  695//136 525//246 724//136
f  525//246 526//136 724//136
f  726//136 724//136 526//136
f  679//139 525//139 695//139
f  679//139 677//139 525//139
f  527//139 525//139 677//139
f  526//139 524//139 726//139
f  725//139 726//139 524//139
f  727//134 728//134 676//134
f  728//140 567//140 676//140
f  565//140 676//140 567//140
f  728//135 727//135 165//135
f  566//136 567//136 729//136
f  729//136 567//136 730//136
f  567//136 728//136 730//136
f  731//136 730//136 728//136
f  565//138 732//138 676//138
f  678//138 676//138 732//138
f  568//138 733//138 565//138
f  732//138 565//138 733//138
f  568//140 566//140 733//140
f  729//140 733//140 566//140
f  733//135 729//135 732//135
f  730//135 732//135 729//135
f  734//247 732//247 731//247
f  730//248 731//247 732//247
f  732//249 734//249 678//249
f  519//134 131//134 518//134
f  518//134 131//134 516//134
f  517//134 516//134 131//134
f  523//134 520//134 521//134
f  522//134 521//134 520//134
f  145//250 735//251 143//252
f  736//252 143//252 735//251
f  149//253 143//252 737//254
f  736//252 737//254 143//252
f  738//255 739//256 147//257
f  147//257 739//256 145//250
f  735//251 145//250 739//256
f  151//258 737//254 740//259
f  741//260 740//259 737//254
f  737//254 151//258 149//253
f  742//261 743//138 189//262
f  189//262 743//138 190//263
f  190//263 743//138 738//255
f  739//256 738//255 743//138
f  142//264 744//139 140//265
f  745//266 140//265 744//139
f  142//264 740//259 744//139
f  741//260 744//139 740//259
f  746//267 747//268 183//269
f  183//269 747//268 184//270
f  184//270 747//268 742//261
f  743//138 742//261 747//268
f  192//271 744//139 193//272
f  193//272 744//139 748//273
f  749//274 748//273 744//139
f  744//139 192//271 745//266
f  750//275 751//275 181//276
f  181//276 751//275 179//276
f  179//276 751//275 746//267
f  747//268 746//267 751//275
f  186//277 752//278 187//279
f  753//280 187//279 752//278
f  186//277 748//273 752//278
f  749//274 752//278 748//273
f  754//281 755//282 175//283
f  175//283 755//282 173//284
f  173//284 755//282 750//275
f  751//275 750//275 755//282
f  164//285 752//278 162//286
f  162//286 752//278 756//287
f  757//288 756//287 752//278
f  752//278 164//285 753//280
f  176//289 755//282 754//281
f  176//289 178//290 755//282
f  178//290 758//291 755//282
f  759//291 755//282 758//291
f  760//292 167//293 761//294
f  167//293 169//295 761//294
f  169//295 756//287 761//294
f  757//288 761//294 756//287
f  170//296 759//291 758//291
f  170//296 172//297 759//291
f  172//297 762//298 759//291
f  763//298 759//291 762//298
f  764//299 157//300 765//299
f  157//300 159//301 765//299
f  159//301 760//292 765//299
f  761//294 765//299 760//292
f  152//302 763//298 762//298
f  152//302 154//303 763//298
f  154//303 766//304 763//298
f  767//305 763//298 766//304
f  768//136 135//306 769//136
f  135//306 137//307 769//136
f  769//136 137//307 765//299
f  764//299 765//299 137//307
f  770//308 771//309 766//304
f  767//305 766//304 771//309
f  772//310 773//311 771//309
f  771//309 773//311 767//305
f  774//312 767//305 773//311
f  775//313 776//314 777//313
f  776//314 778//315 777//313
f  778//315 779//316 777//313
f  777//313 779//316 769//136
f  768//136 769//136 779//316
f  780//317 781//318 773//311
f  774//312 773//311 781//318
f  782//319 783//320 781//318
f  781//318 783//320 774//312
f  784//321 774//312 783//320
f  785//322 786//323 787//324
f  786//323 788//325 787//324
f  788//325 789//326 787//324
f  787//324 789//326 777//313
f  775//313 777//313 789//326
f  790//327 791//328 783//320
f  783//320 791//328 784//321
f  792//329 784//321 791//328
f  791//328 793//330 792//329
f  793//330 785//322 792//329
f  787//324 792//329 785//322
f  794//139 795//260 796//139
f  797//331 796//139 795//260
f  798//254 799//254 795//260
f  797//331 795//260 799//254
f  794//139 796//139 800//274
f  801//274 800//274 796//139
f  798//254 92//332 799//254
f  802//332 799//254 92//332
f  803//333 800//274 804//333
f  801//274 804//333 800//274
f  805//334 806//335 94//336
f  94//336 806//335 92//332
f  802//332 92//332 806//335
f  803//333 804//333 807//287
f  808//288 807//287 804//333
f  809//337 810//338 108//257
f  108//257 810//338 106//339
f  106//339 810//338 805//334
f  806//335 805//334 810//338
f  811//340 807//287 812//340
f  808//288 812//340 807//287
f  813//138 814//138 91//341
f  91//341 814//138 89//342
f  89//342 814//138 809//337
f  810//338 809//337 814//138
f  95//299 811//340 815//299
f  812//340 815//299 811//340
f  816//343 817//344 818//345
f  818//345 817//344 819//346
f  819//346 817//344 820//347
f  820//347 817//344 813//138
f  814//138 813//138 817//344
f  821//348 104//349 822//136
f  822//136 104//349 815//299
f  95//299 815//299 104//349
f  823//350 824//351 825//352
f  825//352 824//351 816//343
f  817//344 816//343 824//351
f  826//353 119//354 827//313
f  119//354 121//355 827//313
f  827//313 121//355 822//136
f  821//348 822//136 121//355
f  828//356 829//356 823//350
f  824//351 823//350 829//356
f  830//357 109//358 831//359
f  109//358 111//360 831//359
f  831//359 111//360 827//313
f  826//353 827//313 111//360
f  828//356 832//361 829//356
f  833//362 829//356 832//361
f  834//363 835//364 836//365
f  835//364 830//357 836//365
f  831//359 836//365 830//357
f  832//361 837//298 833//362
f  838//298 833//362 837//298
f  839//366 834//363 840//366
f  836//365 840//366 834//363
f  837//298 841//140 838//298
f  842//140 838//298 841//140
f  843//367 839//366 844//312
f  840//366 844//312 839//366
f  841//140 843//367 842//140
f  844//312 842//140 843//367
f  845//368 846//368 847//368
f  846//369 54//369 847//369
f  54//370 52//370 847//370
f  52//371 51//371 847//371
f  847//372 51//372 848//372
f  51//373 49//373 848//373
f  49//374 849//374 848//374
f  849//375 57//375 848//375
f  848//376 57//376 850//376
f  57//377 55//377 850//377
f  850//378 55//378 851//378
f  55//379 852//379 851//379
f  851//380 852//380 853//380
f  852//381 854//381 853//381
f  853//382 854//382 855//382
f  854//383 856//383 855//383
f  855//384 856//384 857//384
f  856//385 858//385 857//385
f  857//386 858//386 859//386
f  858//387 860//387 859//387
f  859//388 860//388 861//388
f  860//389 862//389 861//389
f  861//389 862//389 863//390
f  862//389 864//134 863//134
f  863//391 864//391 72//391
f  72//392 864//392 74//392
f  864//393 58//393 74//393
f  74//394 58//394 69//394
f  69//395 58//395 71//395
f  67//396 71//396 58//396
f  848//397 850//397 865//397
f  865//398 850//398 866//398
f  850//399 851//399 866//399
f  866//400 851//400 867//400
f  851//401 853//401 867//401
f  867//402 853//402 868//402
f  853//403 855//403 868//403
f  868//404 855//404 869//404
f  855//405 857//405 869//405
f  869//406 857//406 870//406
f  857//407 859//407 870//407
f  870//408 859//408 871//408
f  859//409 861//409 871//409
f  871//410 861//410 872//410
f  863//411 872//411 861//411
f  873//348 67//349 874//136
f  874//136 67//349 875//299
f  58//299 875//299 67//349
f  876//412 69//413 877//313
f  69//413 71//414 877//313
f  877//313 71//414 874//136
f  873//348 874//136 71//414
f  875//299 58//299 878//340
f  864//294 878//340 58//299
f  879//415 72//360 880//359
f  72//360 74//360 880//359
f  880//359 74//360 877//313
f  876//412 877//313 74//360
f  878//340 864//294 881//287
f  862//288 881//287 864//294
f  872//416 863//417 882//329
f  882//329 863//417 880//359
f  879//415 880//359 863//417
f  860//333 883//333 862//288
f  881//287 862//288 883//333
f  871//418 872//416 884//418
f  882//329 884//418 872//416
f  860//333 858//419 883//333
f  885//420 883//333 858//419
f  870//312 871//418 886//312
f  884//418 886//312 871//418
f  858//419 856//139 885//420
f  887//139 885//420 856//139
f  870//312 886//312 869//140
f  888//140 869//140 886//312
f  856//139 854//421 887//139
f  889//421 887//139 854//421
f  868//298 869//140 890//298
f  888//140 890//298 869//140
f  852//254 891//254 854//421
f  889//421 854//421 891//254
f  868//298 890//298 867//422
f  892//422 867//422 890//298
f  852//254 55//332 891//254
f  893//423 891//254 55//332
f  866//356 867//422 894//356
f  892//422 894//356 867//422
f  849//424 895//250 57//425
f  895//250 893//423 57//425
f  55//332 57//425 893//423
f  866//356 894//356 865//426
f  896//427 865//426 894//356
f  897//428 898//256 51//429
f  51//429 898//256 49//339
f  49//339 898//256 849//424
f  895//250 849//424 898//256
f  865//426 896//427 848//430
f  896//427 899//431 848//430
f  900//432 848//430 899//431
f  901//138 902//138 54//433
f  54//433 902//138 52//434
f  902//138 898//256 52//434
f  897//428 52//434 898//256
f  900//432 899//431 847//435
f  847//435 899//431 845//436
f  845//436 899//431 846//437
f  846//437 899//431 901//138
f  902//138 901//138 899//431
f  557//138 560//138 903//138
f  903//138 560//138 904//138
f  560//138 523//438 904//138
f  520//138 904//138 523//438
f  560//140 558//140 523//140
f  521//140 523//140 558//140
f  905//140 559//140 903//140
f  557//140 903//140 559//140
f  903//134 904//134 905//134
f  906//134 905//134 904//134
f  906//439 904//439 522//439
f  520//440 522//439 904//439
f  558//136 906//136 521//136
f  522//136 521//136 906//136
f  559//136 905//136 558//136
f  906//136 558//136 905//136
f  814//441 817//441 907//441
f  817//134 824//134 907//134
f  824//134 829//134 907//134
f  907//134 829//134 908//442
f  829//134 833//134 908//442
f  833//134 838//443 908//442
f  908//442 838//443 909//444
f  838//443 842//134 909//444
f  842//134 844//134 909//444
f  844//134 840//134 909//444
f  909//444 840//134 910//134
f  840//134 836//134 910//134
f  836//134 831//445 910//134
f  831//445 827//134 910//134
f  910//134 827//134 911//134
f  827//446 822//446 911//446
f  822//135 912//135 911//135
f  911//134 912//447 913//447
f  912//447 914//134 913//447
f  913//447 914//134 915//134
f  914//134 916//448 915//134
f  915//134 916//448 553//134
f  555//134 553//134 916//448
f  917//134 918//134 919//134
f  919//134 918//134 920//134
f  918//134 921//134 920//134
f  920//134 921//134 922//449
f  921//134 923//134 922//449
f  922//449 923//134 907//134
f  907//134 923//134 814//450
f  923//134 924//451 814//450
f  814//441 924//441 810//441
f  810//452 924//451 806//452
f  806//452 924//451 802//134
f  924//451 925//442 802//134
f  802//134 925//442 799//134
f  799//134 925//442 797//134
f  797//134 925//442 796//134
f  925//442 926//134 796//134
f  796//134 926//134 801//134
f  801//134 926//134 804//134
f  926//134 927//134 804//134
f  804//134 927//134 808//134
f  808//134 927//134 812//134
f  812//134 927//134 815//134
f  927//134 912//447 815//134
f  822//453 815//453 912//453
f  915//140 553//140 928//140
f  556//140 928//140 553//140
f  555//139 916//139 554//139
f  929//139 554//139 916//139
f  929//295 916//295 930//454
f  914//455 930//454 916//295
f  914//455 912//456 930//454
f  931//456 930//454 912//456
f  912//456 927//419 931//456
f  932//419 931//456 927//419
f  927//419 926//139 932//419
f  933//139 932//419 926//139
f  926//139 925//421 933//139
f  934//421 933//139 925//421
f  925//421 924//457 934//421
f  935//457 934//421 924//457
f  924//457 923//252 935//457
f  936//252 935//457 923//252
f  921//251 937//251 923//252
f  936//252 923//252 937//251
f  918//338 938//338 921//251
f  937//251 921//251 938//338
f  917//138 939//138 918//338
f  938//338 918//338 939//138
f  919//458 940//458 917//138
f  939//138 917//138 940//458
f  920//459 941//459 919//458
f  940//458 919//458 941//459
f  922//460 942//460 920//459
f  941//459 920//459 942//460
f  922//460 907//291 942//460
f  943//362 942//460 907//291
f  907//291 908//461 943//362
f  944//461 943//362 908//461
f  908//461 909//140 944//461
f  945//140 944//461 909//140
f  909//140 910//367 945//140
f  946//367 945//140 910//367
f  910//367 911//462 946//367
f  947//321 946//367 911//462
f  911//462 913//329 947//321
f  948//329 947//321 913//329
f  948//329 913//329 928//330
f  915//330 928//330 913//329
f  939//463 940//463 938//463
f  938//463 940//463 937//464
f  940//463 941//465 937//464
f  937//464 941//465 936//135
f  941//465 942//135 936//135
f  936//135 942//135 935//135
f  942//135 943//135 935//135
f  935//135 943//135 934//135
f  943//135 944//223 934//135
f  934//135 944//223 933//135
f  944//223 945//135 933//135
f  933//135 945//135 932//135
f  945//135 946//135 932//135
f  932//135 946//135 931//224
f  946//135 947//135 931//224
f  931//224 947//135 930//135
f  947//135 948//135 930//135
f  930//135 948//135 929//135
f  948//135 928//225 929//135
f  929//135 928//225 554//135
f  556//135 554//135 928//225
f  530//466 531//466 949//466
f  950//467 949//466 531//466
f  951//140 534//140 949//140
f  534//140 532//468 949//140
f  949//140 532//468 530//140
f  529//140 530//140 532//468
f  950//134 952//134 949//134
f  951//134 949//134 952//134
f  952//139 950//139 533//139
f  533//139 950//139 535//139
f  535//139 950//139 528//139
f  531//139 528//139 950//139
f  529//136 532//136 160//136
f  532//136 535//136 160//136
f  528//136 160//136 535//136
f  534//136 951//136 533//136
f  952//136 533//136 951//136
f  527//134 524//134 525//134
f  526//134 525//134 524//134
f  633//135 634//135 628//135
f  628//135 634//135 627//135
f  634//140 548//140 627//140
f  627//140 548//140 953//242
f  548//140 546//140 953//242
f  954//140 953//242 546//140
f  546//136 547//136 954//136
f  955//136 954//136 547//136
f  634//136 133//136 548//136
f  133//136 631//136 548//136
f  545//136 548//136 631//136
f  627//469 953//469 544//469
f  544//469 953//469 543//470
f  956//471 543//470 953//471
f  953//135 954//135 956//135
f  955//135 956//135 954//135
f  541//135 543//135 630//135
f  631//139 630//139 545//139
f  630//139 543//139 545//139
f  543//139 956//139 545//139
f  545//139 956//139 547//139
f  955//139 547//139 956//139
f  531//134 528//134 530//134
f  530//134 528//134 529//134
f  160//135 529//135 528//135
f  535//135 532//135 533//135
f  534//135 533//135 532//135
f  553//134 555//134 572//134
f  570//134 572//134 555//134
f  553//140 572//140 556//140
f  569//140 556//140 572//140
f  570//139 555//139 571//139
f  554//139 571//139 555//139
f  554//135 556//135 571//135
f  569//135 571//135 556//135
f  138//134 537//134 539//134
f  138//134 536//134 537//134
f  538//134 537//134 536//134
f  544//135 540//135 543//135
f  543//135 540//135 541//135
f  542//135 541//135 540//135
f  957//139 564//139 958//139
f  564//139 562//139 958//139
f  958//139 562//139 538//139
f  536//139 538//139 562//139
f  539//138 138//138 563//138
f  563//138 138//138 562//138
f  536//138 562//138 138//138
f  561//138 564//138 959//138
f  957//138 959//138 564//138
f  957//134 958//134 959//134
f  960//134 959//134 958//134
f  960//472 958//472 537//472
f  538//473 537//472 958//472
f  959//140 960//140 561//140
f  561//140 960//140 563//468
f  563//468 960//140 539//140
f  537//474 539//140 960//140
f  548//134 545//134 546//134
f  547//134 546//134 545//134
f  742//475 189//475 184//475
f  184//476 189//476 183//476
f  189//477 190//477 183//477
f  190//478 738//478 183//478
f  738//479 147//479 183//479
f  183//480 147//480 179//480
f  179//481 147//481 181//481
f  147//482 145//482 181//482
f  181//483 145//483 173//483
f  173//484 145//484 175//484
f  145//485 143//485 175//485
f  175//486 143//486 176//486
f  176//487 143//487 178//487
f  143//488 149//488 178//488
f  178//489 149//489 170//489
f  170//490 149//490 172//490
f  149//491 151//491 172//491
f  151//492 740//492 172//492
f  740//493 142//493 172//493
f  172//494 142//494 152//494
f  152//495 142//495 154//495
f  142//494 140//496 154//496
f  140//497 745//497 154//497
f  745//498 192//498 154//498
f  154//496 192//499 770//499
f  770//500 192//500 771//500
f  771//501 192//501 772//501
f  192//502 193//502 772//502
f  193//503 186//503 772//503
f  772//502 186//504 780//504
f  780//505 186//505 781//505
f  781//506 186//506 782//506
f  186//504 187//507 782//507
f  187//508 164//508 782//508
f  782//508 164//508 790//509
f  164//508 162//510 790//509
f  162//511 169//511 790//511
f  790//509 169//512 793//512
f  169//511 167//513 793//513
f  167//513 159//514 793//513
f  793//512 159//515 786//515
f  786//516 159//516 788//516
f  788//517 159//517 789//517
f  159//515 157//518 789//518
f  789//518 157//518 776//519
f  157//518 137//520 776//519
f  776//521 137//521 778//521
f  778//522 137//522 779//522
f  135//523 779//523 137//523
f  552//134 549//134 550//134
f  551//134 550//134 549//134
f  556//136 553//136 554//136
f  555//136 554//136 553//136
f  560//135 557//135 558//135
f  559//135 558//135 557//135
f  564//135 561//135 562//135
f  563//135 562//135 561//135
f  568//134 565//134 566//134
f  567//134 566//134 565//134
f  727//134 734//134 165//134
f  165//134 734//134 728//134
f  731//134 728//134 734//134
f  521//136 522//136 727//136
f  734//136 727//136 522//136
f  521//140 676//140 523//140
f  705//140 523//140 676//140
f  727//140 676//140 521//140
f  678//135 676//135 734//135
f  727//135 734//135 676//135
f  520//524 678//524 522//524
f  734//139 522//524 678//524
f  693//139 678//524 520//524
f  523//438 705//138 520//138
f  693//138 520//138 705//138
f  641//135 655//135 642//135
f  643//135 642//135 655//135
f  155//135 655//135 637//135
f  641//135 637//135 655//135
f  655//135 155//135 636//135
f  538//139 536//139 641//139
f  536//139 961//139 641//139
f  637//135 641//135 961//135
f  655//136 537//136 641//136
f  538//136 641//136 537//136
f  539//140 537//474 962//140
f  537//474 655//140 962//140
f  636//135 962//135 655//135
f  138//138 963//138 536//138
f  961//138 536//138 963//138
f  539//138 962//138 138//138
f  963//138 138//138 962//138
f  964//282 965//427 966//282
f  967//525 966//282 965//427
f  967//525 965//427 968//526
f  965//427 969//431 968//526
f  970//432 968//526 969//431
f  971//291 972//361 966//282
f  964//282 966//282 972//361
f  970//432 969//431 973//527
f  973//527 969//431 974//528
f  974//528 969//431 113//529
f  113//529 969//431 118//138
f  975//138 118//138 969//431
f  971//291 976//298 972//361
f  977//461 972//361 976//298
f  118//138 975//138 114//433
f  114//433 975//138 115//262
f  115//262 975//138 978//338
f  979//256 978//338 975//138
f  976//298 980//140 977//461
f  981//140 977//461 980//140
f  978//338 979//256 130//257
f  130//257 979//256 128//530
f  128//530 979//256 982//531
f  983//250 982//531 979//256
f  980//140 984//367 981//140
f  985//367 981//140 984//367
f  982//531 983//250 88//532
f  88//532 983//250 86//533
f  986//332 86//533 983//250
f  984//367 987//418 985//367
f  988//366 985//367 987//418
f  989//534 86//533 990//254
f  986//332 990//254 86//533
f  987//418 991//329 988//366
f  992//365 988//366 991//329
f  993//331 989//534 994//331
f  990//254 994//331 989//534
f  991//329 995//535 992//365
f  992//365 995//535 996//359
f  997//322 996//359 995//535
f  998//139 993//331 999//139
f  994//331 999//139 993//331
f  997//322 125//360 996//359
f  125//360 127//360 996//359
f  996//359 127//360 1000//412
f  1001//412 1000//412 127//360
f  1002//420 998//139 1003//420
f  999//139 1003//420 998//139
f  1001//412 122//354 1000//412
f  122//354 124//536 1000//412
f  124//536 1004//348 1000//412
f  1005//136 1000//412 1004//348
f  1006//333 1002//420 1007//333
f  1003//420 1007//333 1002//420
f  1004//348 75//349 1005//136
f  1005//136 75//349 1008//299
f  77//299 1008//299 75//349
f  1006//333 1007//333 1009//454
f  1010//288 1009//454 1007//333
f  1008//299 77//299 1011//340
f  1012//294 1011//340 77//299
f  1011//340 1012//294 1010//288
f  1009//454 1010//288 1012//294
f  974//537 113//537 973//537
f  113//538 114//538 973//538
f  114//539 115//539 973//539
f  115//540 130//540 973//540
f  973//541 130//541 968//541
f  130//542 128//542 968//542
f  128//543 982//543 968//543
f  982//544 88//544 968//544
f  968//545 88//545 1013//545
f  88//546 86//546 1013//546
f  1013//547 86//547 1014//547
f  86//548 989//548 1014//548
f  1014//549 989//549 1015//549
f  989//550 993//550 1015//550
f  1015//551 993//551 1016//551
f  993//552 998//552 1016//552
f  1016//553 998//553 1017//553
f  998//554 1002//554 1017//554
f  1017//386 1002//386 1018//386
f  1002//387 1006//387 1018//387
f  1018//555 1006//555 1019//555
f  1006//387 1009//556 1019//556
f  1019//557 1009//557 995//557
f  1009//556 1012//134 995//134
f  995//558 1012//558 125//558
f  125//559 1012//559 127//559
f  1012//560 77//560 127//560
f  127//561 77//561 122//561
f  122//562 77//562 124//562
f  75//563 124//563 77//563
f  114//564 113//564 118//564
f  968//565 1013//565 967//565
f  967//566 1013//566 966//566
f  1013//567 1014//567 966//567
f  966//400 1014//400 971//400
f  1014//568 1015//568 971//568
f  971//569 1015//569 976//569
f  1015//570 1016//570 976//570
f  976//571 1016//571 980//571
f  1016//572 1017//572 980//572
f  980//573 1017//573 984//573
f  1017//574 1018//574 984//574
f  984//575 1018//575 987//575
f  1018//576 1019//576 987//576
f  987//577 1019//577 991//577
f  995//578 991//578 1019//578
f  819//579 820//579 818//579
f  820//580 91//580 818//580
f  91//581 89//581 818//581
f  89//582 108//582 818//582
f  818//583 108//583 825//583
f  108//584 106//584 825//584
f  106//585 805//585 825//585
f  805//586 94//586 825//586
f  825//587 94//587 1020//587
f  94//588 92//588 1020//588
f  1020//589 92//589 1021//589
f  92//590 798//590 1021//590
f  1021//591 798//591 1022//591
f  798//381 795//381 1022//381
f  1022//592 795//592 1023//592
f  795//593 794//593 1023//593
f  1023//594 794//594 1024//594
f  794//595 800//595 1024//595
f  1024//386 800//386 1025//386
f  800//387 803//387 1025//387
f  1025//555 803//555 1026//555
f  803//387 807//556 1026//556
f  1026//596 807//596 835//596
f  807//556 811//134 835//134
f  835//597 811//597 109//597
f  109//598 811//598 111//598
f  811//599 95//599 111//599
f  111//600 95//600 119//600
f  119//601 95//601 121//601
f  104//602 121//602 95//602
f  825//603 1020//603 823//603
f  823//604 1020//604 828//604
f  1020//605 1021//605 828//605
f  828//606 1021//606 832//606
f  1021//607 1022//607 832//607
f  832//608 1022//608 837//608
f  1022//609 1023//609 837//609
f  837//610 1023//610 841//610
f  1023//611 1024//611 841//611
f  841//612 1024//612 843//612
f  1024//613 1025//613 843//613
f  843//614 1025//614 839//614
f  1025//615 1026//615 839//615
f  839//616 1026//616 834//616
f  835//617 834//617 1026//617
f  679//135 708//135 695//135
f  696//135 695//135 708//135
f  677//135 707//135 679//135
f  708//135 679//135 707//135
f  677//139 679//139 517//139
f  517//139 131//139 677//139
f  1027//139 677//139 131//139
f  708//136 516//136 679//136
f  517//136 679//136 516//136
f  518//140 516//140 1028//140
f  516//140 708//140 1028//140
f  707//135 1028//135 708//135
f  131//139 519//139 1027//139
f  1029//139 1027//139 519//139
f  518//143 1028//138 519//138
f  1029//138 519//138 1028//138
f  572//138 569//138 570//138
f  571//138 570//138 569//138
f  658//135 660//135 743//239
f  743//239 660//135 747//135
f  747//135 660//135 751//135
f  751//135 660//135 755//618
f  660//135 662//223 755//618
f  755//618 662//223 759//135
f  759//135 662//223 763//135
f  763//135 662//223 767//619
f  662//223 664//135 767//619
f  767//619 664//135 774//620
f  774//620 664//135 784//135
f  664//135 666//135 784//135
f  784//135 666//135 792//135
f  792//135 666//135 787//621
f  787//621 666//135 777//135
f  666//135 668//135 777//135
f  777//135 668//135 769//135
f  769//135 668//135 669//135
f  668//135 670//135 669//135
f  669//135 670//135 671//135
f  670//135 672//225 671//135
f  671//135 672//225 673//226
f  672//225 674//227 673//226
f  675//228 673//226 674//227
f  962//135 963//135 961//135
f  638//135 961//135 639//135
f  961//135 637//135 639//135
f  639//135 637//135 640//135
f  637//135 641//135 640//135
f  641//135 642//135 640//135
f  643//135 644//135 642//135
f  640//135 642//135 644//135
f  961//135 638//135 962//135
f  962//135 638//135 636//135
f  638//135 654//135 636//135
f  636//135 654//135 655//135
f  655//135 654//135 643//135
f  643//135 654//135 644//135
f  654//135 656//135 644//135
f  644//135 656//135 657//135
f  656//135 658//135 657//135
f  658//135 743//239 657//135
f  657//135 743//239 659//135
f  743//239 739//135 659//135
f  739//135 735//135 659//135
f  735//135 736//618 659//135
f  659//135 736//618 661//135
f  736//618 737//135 661//135
f  737//135 741//619 661//135
f  661//135 741//619 663//135
f  741//619 744//619 663//135
f  744//619 749//620 663//135
f  749//620 752//135 663//135
f  663//135 752//135 665//135
f  752//135 757//135 665//135
f  757//135 761//621 665//135
f  761//621 765//135 665//135
f  665//135 765//135 667//224
f  765//135 769//135 667//224
f  669//135 667//224 769//135
f  1029//135 1027//135 705//135
f  705//135 1027//135 676//135
f  1027//135 677//135 676//135
f  676//135 677//135 727//135
f  677//135 679//135 727//135
f  727//135 679//135 165//135
f  679//135 695//135 165//135
f  696//135 728//135 695//135
f  165//135 695//135 728//135
f  698//234 699//234 700//234
f  700//234 699//234 701//135
f  699//234 702//135 701//135
f  701//135 702//135 703//135
f  702//135 704//135 703//135
f  703//135 704//135 689//135
f  689//135 704//135 902//622
f  704//135 690//135 902//622
f  902//622 690//135 899//135
f  899//135 690//135 896//135
f  896//135 690//135 894//618
f  690//135 692//135 894//618
f  894//618 692//135 892//135
f  892//135 692//135 890//135
f  890//135 692//135 888//135
f  692//135 706//135 888//135
f  888//135 706//135 886//135
f  886//135 706//135 884//135
f  706//135 709//135 884//135
f  884//135 709//135 882//135
f  882//135 709//135 880//623
f  880//623 709//135 877//135
f  709//135 711//238 877//135
f  874//135 877//135 711//238
f  975//624 979//624 687//624
f  979//621 983//621 687//135
f  983//621 986//625 687//135
f  687//135 986//625 691//230
f  986//625 990//135 691//230
f  990//135 994//135 691//230
f  691//230 994//135 694//232
f  994//135 999//135 694//232
f  999//135 1003//135 694//232
f  1003//135 1007//135 694//232
f  694//232 1007//135 697//135
f  1007//135 1010//135 697//135
f  1010//135 1011//135 697//135
f  1011//135 1008//135 697//135
f  697//135 1008//135 647//135
f  1008//626 1005//626 647//626
f  1005//135 645//135 647//135
f  645//135 646//135 647//135
f  647//135 646//135 648//135
f  648//135 646//135 649//135
f  646//135 650//222 649//135
f  649//135 650//222 651//135
f  650//222 652//135 651//135
f  653//135 651//135 652//135
f  680//135 681//135 682//135
f  682//135 681//135 683//135
f  681//135 684//226 683//135
f  683//135 684//226 685//229
f  684//226 686//135 685//229
f  685//229 686//135 687//135
f  687//135 686//135 975//135
f  686//135 688//135 975//135
f  688//135 632//221 975//135
f  632//221 635//135 975//135
f  635//135 689//135 975//135
f  689//135 902//622 975//135
f  975//135 902//622 969//135
f  902//622 898//135 969//135
f  969//135 898//135 965//627
f  898//135 895//135 965//627
f  965//627 895//135 964//628
f  895//135 893//135 964//628
f  893//135 891//629 964//628
f  964//628 891//629 972//630
f  972//630 891//629 977//631
f  891//629 889//135 977//631
f  889//135 693//231 977//631
f  977//631 693//231 981//135
f  693//231 678//135 981//135
f  678//135 734//135 981//135
f  734//135 731//135 981//135
f  728//632 985//632 731//632
f  981//135 731//135 985//135
f  693//231 889//135 705//135
f  705//135 889//135 1029//135
f  1029//135 889//135 1028//135
f  889//135 887//135 1028//135
f  1028//135 887//135 707//135
f  707//135 887//135 708//135
f  708//135 887//135 696//135
f  728//633 696//633 985//633
f  887//135 885//135 696//135
f  696//135 885//135 985//135
f  885//135 883//135 985//135
f  985//135 883//135 988//634
f  988//634 883//135 992//635
f  883//135 881//636 992//635
f  992//635 881//636 996//637
f  881//636 878//135 996//637
f  996//637 878//135 1000//638
f  878//135 875//135 1000//638
f  1000//638 875//135 1005//135
f  1005//135 875//135 645//135
f  645//639 875//639 639//639
f  639//135 875//135 638//135
f  638//135 875//135 710//237
f  875//135 874//135 710//237
f  874//138 711//138 710//138
f  711//238 712//239 710//237
f  710//237 712//239 713//135
f  713//135 712//239 714//135
f  712//239 715//222 714//135
f  714//135 715//222 716//135
f  715//222 717//227 716//135
f  718//228 716//135 717//227
f  569//135 621//135 571//135
f  621//135 622//135 571//135
f  622//135 543//135 571//135
f  571//135 543//135 623//135
f  543//135 541//135 623//135
f  541//135 630//135 623//135
f  630//135 631//135 623//135
f  133//221 632//221 631//135
f  623//135 631//135 632//221
f  621//135 569//135 624//219
f  624//219 569//135 625//135
f  625//135 569//135 626//220
f  626//220 569//135 627//135
f  627//135 569//135 628//135
f  569//135 629//135 628//135
f  628//135 629//135 633//135
f  633//135 629//135 634//135
f  133//221 634//135 632//221
f  629//135 635//135 634//135
f  632//221 634//135 635//135

# Mesh 'ID2067.001' with 556 faces
g ID2067.001
f  578//640 206//640 207//640
f  206//157 578//157 577//157
f  577//147 202//147 204//147
f  202//147 577//147 578//147
f  577//151 203//151 206//151
f  203//151 577//151 204//151
f  205//150 578//150 207//150
f  578//150 205//150 202//150
f  580//641 581//641 582//641
f  581//641 580//641 579//642
f  591//151 592//151 593//151
f  592//151 591//151 590//151
f  590//151 591//151 589//151
f  590//151 589//151 581//151
f  581//151 589//151 588//151
f  581//151 588//151 582//151
f  582//151 588//151 586//151
f  586//151 588//151 587//151
f  586//151 585//151 582//151
f  585//151 586//151 584//151
f  585//151 584//151 583//151
f  580//168 585//168 594//168
f  585//168 580//168 582//168
f  594//150 596//150 580//150
f  596//150 594//150 604//150
f  604//150 594//150 603//150
f  599//150 601//150 602//150
f  601//150 599//150 600//150
f  600//150 599//150 598//150
f  598//150 599//150 579//150
f  598//150 579//150 580//150
f  598//150 580//150 597//643
f  597//643 580//150 596//150
f  597//643 596//150 595//150
f  579//644 590//644 581//644
f  590//644 579//644 599//644
f  595//148 586//148 587//148
f  586//148 595//148 596//1
f  586//645 604//645 584//645
f  604//645 586//645 596//646
f  584//162 603//162 583//162
f  603//162 584//162 604//162
f  603//163 585//163 583//163
f  585//163 603//163 594//163
f  599//163 592//163 590//163
f  592//163 599//163 602//163
f  601//160 592//160 602//160
f  592//160 601//160 593//160
f  601//161 591//161 593//161
f  591//161 601//161 600//161
f  598//647 591//647 600//647
f  591//647 598//647 589//647
f  589//648 597//648 588//648
f  597//648 589//648 598//649
f  588//648 595//154 587//154
f  595//154 588//648 597//648
f  569//134 628//134 629//134
f  628//134 569//134 627//134
f  627//134 569//134 626//134
f  626//134 569//134 625//650
f  625//650 569//134 624//134
f  624//134 569//134 621//651
f  543//134 623//134 541//134
f  623//134 543//134 571//134
f  571//134 543//134 622//134
f  571//134 622//134 621//651
f  571//134 621//651 569//134
f  624//134 622//134 625//650
f  622//134 624//134 621//651
f  627//134 625//650 544//134
f  625//650 627//134 626//134
f  627//134 542//134 628//134
f  542//134 627//134 540//134
f  540//134 627//134 544//134
f  717//652 716//652 718//652
f  716//652 717//652 715//653
f  716//652 715//653 714//134
f  714//134 715//653 712//654
f  714//134 712//654 713//134
f  713//134 712//654 710//134
f  710//134 712//654 711//655
f  710//134 711//655 709//656
f  710//134 709//656 638//134
f  638//134 709//656 639//134
f  639//134 709//656 645//657
f  645//658 709//658 647//658
f  647//659 709//656 697//659
f  697//659 709//656 696//660
f  696//660 709//656 706//661
f  696//660 706//661 708//134
f  708//134 706//661 707//134
f  707//134 706//661 677//134
f  677//662 706//662 676//662
f  676//134 706//661 705//134
f  705//134 706//661 692//134
f  705//134 692//134 693//134
f  704//450 689//450 690//450
f  689//450 704//450 703//134
f  703//134 704//450 702//663
f  703//134 702//663 701//664
f  701//664 702//663 699//134
f  701//664 699//134 700//665
f  700//665 699//134 698//666
f  697//659 695//667 694//667
f  695//667 697//659 696//660
f  694//667 695//667 679//134
f  694//667 679//134 678//668
f  694//667 678//668 693//134
f  694//667 693//134 691//669
f  691//669 693//134 692//134
f  691//669 692//134 690//450
f  691//669 690//450 687//670
f  687//136 690//136 689//136
f  687//136 689//136 635//136
f  687//138 635//138 632//138
f  687//138 632//138 688//138
f  687//670 688//671 686//671
f  687//670 686//671 685//134
f  685//134 686//671 684//134
f  685//134 684//134 683//664
f  683//664 684//134 681//672
f  683//664 681//672 682//653
f  682//653 681//672 680//134
f  677//134 678//668 679//134
f  678//138 677//138 676//138
f  674//652 673//652 675//652
f  673//652 674//652 672//653
f  673//652 672//653 671//673
f  671//673 672//653 670//664
f  671//673 670//664 669//674
f  669//674 670//664 668//675
f  669//674 668//675 667//134
f  667//134 668//675 666//676
f  667//134 666//676 665//677
f  665//677 666//676 664//134
f  665//677 664//134 663//134
f  663//134 664//134 662//134
f  663//134 662//134 661//134
f  661//134 662//134 660//678
f  661//134 660//678 659//134
f  659//134 660//678 658//679
f  659//134 658//679 657//134
f  657//134 658//679 656//134
f  657//134 656//134 644//134
f  644//134 656//134 654//134
f  644//134 654//134 643//134
f  643//134 654//134 655//134
f  655//134 654//134 636//134
f  636//134 654//134 638//134
f  636//134 638//134 637//134
f  652//134 651//134 653//134
f  651//134 652//134 650//134
f  651//134 650//134 649//134
f  649//134 650//134 646//680
f  649//134 646//680 648//134
f  648//134 646//680 647//659
f  647//659 646//680 645//657
f  644//134 642//134 640//134
f  642//134 644//134 643//134
f  640//134 642//134 641//134
f  640//134 641//134 637//134
f  640//134 637//134 639//134
f  639//134 637//134 638//134
f  637//135 155//135 636//135
f  635//134 634//134 632//134
f  634//134 635//134 629//134
f  632//134 634//134 133//681
f  634//134 629//134 633//134
f  633//134 629//134 628//134
f  632//134 631//134 623//134
f  631//134 632//134 133//682
f  623//134 631//134 630//134
f  623//134 630//134 541//134
f  544//134 622//134 543//134
f  622//134 544//134 625//650
f  628//134 626//134 627//134
f  626//135 628//135 633//135
f  626//139 633//139 529//139
f  626//139 529//139 530//139
f  625//136 531//136 622//136
f  531//136 625//136 530//136
f  530//136 625//136 626//136
f  628//134 134//134 633//134
f  134//134 628//134 542//134
f  634//135 631//135 133//135
f  631//134 634//134 630//134
f  630//134 634//134 134//134
f  134//134 634//134 633//134
f  542//134 630//134 134//134
f  630//134 542//134 541//134
f  622//135 541//135 543//135
f  541//140 622//140 531//140
f  541//140 531//140 630//140
f  630//140 531//140 528//140
f  529//138 134//138 160//138
f  134//138 529//138 633//138
f  160//138 630//138 528//138
f  630//138 160//138 134//138
f  912//683 815//683 822//683
f  815//684 912//684 927//684
f  815//684 927//684 812//135
f  812//135 927//684 808//135
f  808//135 927//684 804//135
f  804//135 927//684 926//135
f  804//135 926//135 801//135
f  801//135 926//135 796//135
f  796//135 926//135 925//135
f  796//135 925//135 797//135
f  797//135 925//135 799//135
f  799//135 925//135 802//135
f  802//135 925//135 924//685
f  802//135 924//685 806//135
f  806//135 924//685 810//135
f  810//686 924//686 814//686
f  814//622 924//685 923//622
f  814//622 923//622 907//687
f  907//687 923//622 922//135
f  922//135 923//622 921//688
f  922//135 921//688 920//689
f  920//689 921//688 918//465
f  920//689 918//465 919//135
f  919//135 918//465 917//463
f  916//135 553//135 555//135
f  553//135 916//135 915//135
f  915//135 916//135 914//690
f  915//135 914//690 913//135
f  913//135 914//690 912//684
f  913//135 912//684 911//691
f  911//691 912//684 822//135
f  911//626 822//683 827//626
f  911//691 827//135 910//135
f  910//135 827//135 831//692
f  910//135 831//692 836//693
f  910//135 836//693 840//135
f  910//135 840//135 909//135
f  909//135 840//135 844//694
f  909//135 844//694 842//695
f  909//135 842//695 838//696
f  909//135 838//696 908//620
f  908//620 838//696 833//697
f  908//620 833//697 829//135
f  908//620 829//135 907//687
f  907//687 829//135 824//698
f  907//687 824//698 817//699
f  907//700 817//700 814//700
f  553//139 928//139 556//139
f  928//139 553//139 915//139
f  916//140 554//140 929//140
f  554//140 916//140 555//140
f  916//701 930//702 914//282
f  930//702 916//701 929//701
f  912//362 930//702 931//362
f  930//702 912//362 914//282
f  927//298 931//362 932//298
f  931//362 927//298 912//362
f  926//140 932//298 933//140
f  932//298 926//140 927//298
f  925//312 933//140 934//312
f  933//140 925//312 926//140
f  924//462 934//312 935//462
f  934//312 924//462 925//312
f  923//365 935//462 936//365
f  935//462 923//365 924//462
f  937//322 923//365 936//365
f  923//365 937//322 921//322
f  938//412 921//322 937//322
f  921//322 938//412 918//412
f  939//136 918//412 938//412
f  918//412 939//136 917//136
f  940//299 917//136 939//136
f  917//136 940//299 919//299
f  941//294 919//299 940//299
f  919//299 941//294 920//294
f  942//288 920//294 941//294
f  920//294 942//288 922//288
f  907//278 942//288 943//456
f  942//288 907//278 922//288
f  908//420 943//456 944//420
f  943//456 908//420 907//278
f  909//139 944//420 945//139
f  944//420 909//139 908//420
f  910//331 945//139 946//331
f  945//139 910//331 909//139
f  911//457 946//331 947//254
f  946//331 911//457 910//331
f  913//423 947//254 948//423
f  947//254 913//423 911//457
f  913//423 928//703 915//703
f  928//703 913//423 948//423
f  928//134 554//134 556//134
f  554//134 928//134 929//134
f  929//134 928//134 948//664
f  929//134 948//664 930//674
f  930//674 948//664 947//675
f  930//674 947//675 931//134
f  931//134 947//675 946//676
f  931//134 946//676 932//677
f  932//677 946//676 945//134
f  932//677 945//134 933//134
f  933//134 945//134 944//134
f  933//134 944//134 934//134
f  934//134 944//134 943//678
f  934//134 943//678 935//134
f  935//134 943//678 942//679
f  935//134 942//679 936//134
f  936//134 942//679 941//134
f  936//134 941//134 937//134
f  937//134 941//134 940//704
f  937//134 940//704 938//665
f  938//665 940//704 939//705
f  734//135 728//135 731//135
f  728//135 734//135 165//135
f  165//135 734//135 727//135
f  522//138 727//138 734//138
f  727//138 522//138 521//138
f  521//139 676//139 727//139
f  676//139 523//139 705//139
f  523//139 676//139 521//139
f  676//134 734//134 727//134
f  734//134 676//134 678//668
f  520//140 678//140 693//140
f  678//140 522//140 734//140
f  522//140 678//140 520//140
f  705//136 520//136 693//136
f  520//136 705//136 523//136
f  655//134 642//134 643//134
f  642//134 655//134 641//134
f  636//134 155//134 655//134
f  655//134 637//134 641//134
f  637//134 655//134 155//134
f  961//135 641//135 637//135
f  641//140 961//140 536//140
f  641//140 536//140 538//140
f  537//138 641//138 538//138
f  641//138 537//138 655//138
f  655//135 962//135 636//135
f  962//139 655//139 537//139
f  962//139 537//139 539//139
f  963//136 536//136 961//136
f  536//136 963//136 138//136
f  962//136 138//136 963//136
f  138//136 962//136 539//136
f  708//134 695//667 696//660
f  695//667 708//134 679//134
f  707//134 679//134 708//134
f  679//134 707//134 677//134
f  131//140 677//140 1027//140
f  677//140 131//140 517//140
f  517//140 679//140 677//140
f  516//138 679//138 517//138
f  679//138 516//138 708//138
f  708//134 1028//134 707//134
f  1028//139 708//139 516//139
f  1028//139 516//139 518//139
f  519//140 1027//140 1029//140
f  1027//140 519//140 131//140
f  1028//136 519//136 1029//136
f  519//136 1028//136 518//136
f  635//134 634//134 632//134
f  634//134 635//134 629//134
f  632//134 634//134 133//681
f  634//134 629//134 633//134
f  633//134 629//134 628//134
f  628//134 629//134 569//134
f  628//134 569//134 627//134
f  627//134 569//134 626//134
f  626//134 569//134 625//650
f  625//650 569//134 624//134
f  624//134 569//134 621//651
f  632//134 631//134 623//134
f  631//134 632//134 133//682
f  623//134 631//134 630//134
f  623//134 630//134 541//134
f  623//134 541//134 543//134
f  623//134 543//134 571//134
f  571//134 543//134 622//134
f  571//134 622//134 621//651
f  571//134 621//651 569//134
f  717//652 716//652 718//652
f  716//652 717//652 715//653
f  716//652 715//653 714//134
f  714//134 715//653 712//654
f  714//134 712//654 713//134
f  713//134 712//654 710//134
f  710//134 712//654 711//655
f  710//136 711//136 874//136
f  710//134 874//706 875//706
f  710//134 875//706 638//134
f  638//134 875//706 639//134
f  639//134 875//706 645//657
f  645//657 875//706 1005//134
f  1005//134 875//706 1000//134
f  1000//134 875//706 878//707
f  1000//134 878//707 996//708
f  996//708 878//707 881//709
f  996//708 881//709 992//710
f  992//710 881//709 883//711
f  992//710 883//711 988//712
f  988//712 883//711 985//713
f  985//713 883//711 885//714
f  985//713 885//714 696//660
f  696//660 885//714 887//715
f  985//716 696//716 728//716
f  696//660 887//715 708//134
f  708//134 887//715 707//134
f  707//134 887//715 1028//134
f  1028//134 887//715 889//717
f  1028//134 889//717 1029//134
f  1029//134 889//717 705//134
f  705//134 889//717 693//134
f  985//713 731//134 981//134
f  731//718 985//718 728//718
f  981//134 731//134 734//134
f  981//134 734//134 678//668
f  981//134 678//668 693//134
f  981//134 693//134 977//134
f  977//134 693//134 889//717
f  977//134 889//717 891//719
f  977//134 891//719 972//720
f  972//720 891//719 964//721
f  964//721 891//719 893//722
f  964//721 893//722 895//723
f  964//721 895//723 965//724
f  965//724 895//723 898//725
f  965//724 898//725 969//726
f  969//726 898//725 902//727
f  969//726 902//727 975//134
f  975//138 902//138 689//138
f  975//135 689//135 635//135
f  975//138 635//138 632//138
f  975//135 632//135 688//135
f  975//134 688//671 686//671
f  975//134 686//671 687//670
f  687//670 686//671 685//134
f  685//134 686//671 684//134
f  685//134 684//134 683//664
f  683//664 684//134 681//672
f  683//664 681//672 682//653
f  682//653 681//672 680//134
f  652//134 651//134 653//134
f  651//134 652//134 650//134
f  651//134 650//134 649//134
f  649//134 650//134 646//680
f  649//134 646//680 648//134
f  648//134 646//680 647//659
f  647//659 646//680 645//657
f  647//135 645//135 1005//135
f  647//659 1005//134 1008//728
f  647//659 1008//728 697//659
f  697//659 1008//728 1011//729
f  697//659 1011//729 1010//134
f  697//659 1010//134 1007//730
f  697//659 1007//730 694//667
f  694//667 1007//730 1003//731
f  694//667 1003//731 999//732
f  694//667 999//732 994//733
f  694//667 994//733 691//669
f  691//669 994//733 990//734
f  691//669 990//734 986//735
f  691//669 986//735 687//670
f  687//670 986//735 983//736
f  687//670 983//736 979//737
f  687//670 979//738 975//134
f  711//655 877//739 874//706
f  877//739 711//655 709//656
f  877//739 709//656 880//134
f  880//134 709//656 882//445
f  882//445 709//656 884//134
f  884//134 709//656 706//661
f  884//134 706//661 886//134
f  886//134 706//661 888//134
f  888//134 706//661 692//134
f  888//134 692//134 890//134
f  890//134 692//134 892//134
f  892//134 692//134 894//134
f  894//134 692//134 690//450
f  894//134 690//450 896//134
f  896//134 690//450 899//134
f  899//134 690//450 902//727
f  902//727 690//450 704//450
f  902//727 704//450 689//450
f  689//450 704//450 703//134
f  703//134 704//450 702//663
f  703//134 702//663 701//664
f  701//664 702//663 699//134
f  701//664 699//134 700//665
f  700//665 699//134 698//666
f  728//134 695//667 165//134
f  695//135 728//135 696//135
f  165//134 695//667 679//134
f  165//134 679//134 727//134
f  727//134 679//134 677//134
f  727//134 677//134 676//134
f  676//134 677//134 1027//134
f  676//134 1027//134 705//134
f  705//134 1027//134 1029//134
f  769//740 667//134 669//674
f  667//134 769//740 765//741
f  667//134 765//741 665//677
f  665//677 765//741 761//741
f  665//677 761//741 757//742
f  665//677 757//742 752//730
f  665//677 752//730 663//134
f  663//134 752//730 749//735
f  663//134 749//735 744//743
f  663//134 744//743 741//744
f  663//134 741//744 661//134
f  661//134 741//744 737//745
f  661//134 737//745 736//735
f  661//134 736//735 659//134
f  659//134 736//735 735//746
f  659//134 735//746 739//747
f  659//134 739//747 743//748
f  659//134 743//748 657//134
f  657//134 743//748 658//679
f  657//134 658//679 656//134
f  657//134 656//134 644//134
f  644//134 656//134 654//134
f  644//134 654//134 643//134
f  643//134 654//134 655//134
f  655//134 654//134 636//134
f  636//134 654//134 638//134
f  636//134 638//134 962//134
f  962//134 638//134 961//134
f  644//134 642//134 640//134
f  642//134 644//134 643//134
f  640//134 642//134 641//134
f  640//134 641//134 637//134
f  640//134 637//134 639//134
f  639//134 637//134 961//134
f  639//134 961//134 638//134
f  961//135 963//135 962//135
f  674//652 673//652 675//652
f  673//652 674//652 672//653
f  673//652 672//653 671//673
f  671//673 672//653 670//664
f  671//673 670//664 669//674
f  669//674 670//664 668//675
f  669//674 668//675 769//740
f  769//740 668//675 777//134
f  777//134 668//675 666//676
f  777//134 666//676 787//134
f  787//134 666//676 792//134
f  792//134 666//676 784//134
f  784//134 666//676 664//134
f  784//134 664//134 774//134
f  774//134 664//134 767//444
f  767//444 664//134 662//134
f  767//444 662//134 763//749
f  763//749 662//134 759//134
f  759//134 662//134 755//134
f  755//134 662//134 660//678
f  755//134 660//678 751//134
f  751//134 660//678 747//134
f  747//134 660//678 743//748
f  743//748 660//678 658//679

# Mesh 'ID1519.001' with 3504 faces
g ID1519.001
f  209//8 215//8 211//8
f  215//8 209//8 212//8
f  211//750 208//750 209//750
f  210//750 209//750 208//750
f  215//751 212//751 213//751
f  214//751 213//751 212//751
f  211//752 215//752 208//752
f  213//752 208//752 215//752
f  214//12 210//12 213//12
f  208//12 213//12 210//12
f  238//753 243//753 1030//753
f  605//753 1030//753 243//753
f  1030//12 1031//12 238//12
f  235//12 238//12 1031//12
f  605//754 606//754 1030//754
f  1031//754 1030//754 606//754
f  240//755 235//755 606//755
f  1031//755 606//755 235//755
f  242//12 1032//12 1033//12
f  243//12 240//12 242//12
f  242//12 240//12 1032//12
f  1032//12 240//12 1034//12
f  240//12 241//12 1034//12
f  1035//12 1034//12 241//12
f  1033//756 239//756 242//756
f  237//756 242//756 239//756
f  1035//12 1036//12 1034//12
f  234//757 1035//757 232//757
f  241//758 232//757 1035//757
f  1037//759 1036//759 234//759
f  1035//759 234//759 1036//759
f  1037//8 234//8 233//8
f  606//8 243//8 240//8
f  243//8 606//8 605//8
f  1038//8 1032//8 1033//8
f  1039//760 1038//760 239//760
f  1033//761 239//760 1038//760
f  236//12 1039//12 239//12
f  245//24 251//24 247//24
f  251//24 245//24 248//24
f  247//762 244//762 245//762
f  246//762 245//762 244//762
f  251//763 248//763 249//763
f  250//763 249//763 248//763
f  247//764 251//764 244//764
f  249//764 244//764 251//764
f  250//28 246//28 249//28
f  244//28 249//28 246//28
f  274//765 279//765 1040//765
f  607//765 1040//765 279//765
f  1040//28 1041//28 274//28
f  271//28 274//28 1041//28
f  607//766 608//766 1040//766
f  1041//766 1040//766 608//766
f  276//767 271//767 608//767
f  1041//767 608//767 271//767
f  278//28 1042//28 1043//28
f  279//28 276//28 278//28
f  278//28 276//28 1042//28
f  1042//28 276//28 1044//28
f  276//28 277//28 1044//28
f  1045//28 1044//28 277//28
f  1043//768 275//768 278//768
f  273//768 278//768 275//768
f  1045//28 1046//28 1044//28
f  270//769 1045//769 268//769
f  277//770 268//769 1045//769
f  1047//771 1046//771 270//771
f  1045//771 270//771 1046//771
f  1047//24 270//24 269//24
f  608//24 279//24 276//24
f  279//24 608//24 607//24
f  1048//24 1042//24 1043//24
f  1049//772 1048//772 275//772
f  1043//773 275//772 1048//772
f  272//28 1049//28 275//28
f  1050//774 1051//775 1052//774
f  1051//775 1050//774 1053//776
f  1053//777 1050//778 1051//779
f  1052//778 1051//779 1050//778
f  1054//780 1053//781 1050//782
f  1053//781 1054//780 1055//783
f  1055//784 1054//785 1053//786
f  1050//785 1053//786 1054//785
f  1056//787 1057//787 1058//787
f  1057//788 1056//788 1059//788
f  1057//787 1059//788 1060//151
f  1060//151 1059//788 1061//789
f  1060//151 1061//789 1062//151
f  1062//151 1061//789 1063//790
f  1062//151 1063//790 1050//151
f  1050//151 1063//790 1064//791
f  1050//151 1064//791 1053//151
f  1053//151 1064//791 1065//792
f  1053//151 1065//792 1066//151
f  1066//151 1065//792 1067//793
f  1066//151 1067//793 1068//151
f  1068//151 1067//793 1069//794
f  1068//151 1069//794 1070//151
f  1070//151 1069//794 1071//795
f  1070//151 1071//795 1072//796
f  1072//796 1071//795 1073//797
f  1072//796 1073//797 1074//151
f  1074//151 1073//797 1075//798
f  1074//151 1075//798 1076//151
f  1076//151 1075//798 1077//151
f  1077//150 1075//150 1076//150
f  1076//150 1075//150 1074//150
f  1075//150 1073//150 1074//150
f  1074//150 1073//150 1072//150
f  1073//150 1071//150 1072//150
f  1072//150 1071//150 1070//150
f  1071//150 1069//150 1070//150
f  1070//150 1069//150 1068//150
f  1069//150 1067//150 1068//150
f  1068//150 1067//150 1066//150
f  1067//150 1065//799 1066//150
f  1066//150 1065//799 1053//150
f  1065//799 1064//150 1053//150
f  1053//150 1064//150 1050//150
f  1064//150 1063//150 1050//150
f  1050//150 1063//150 1062//150
f  1063//150 1061//150 1062//150
f  1062//150 1061//150 1060//150
f  1061//150 1059//150 1060//150
f  1060//150 1059//150 1057//150
f  1059//150 1056//800 1057//150
f  1058//801 1057//801 1056//801
f  1053//776 1078//802 1051//775
f  1078//802 1053//776 1066//803
f  1066//804 1053//777 1078//805
f  1051//779 1078//805 1053//777
f  1052//806 1079//807 1080//806
f  1079//807 1052//806 1051//808
f  1051//809 1052//810 1079//811
f  1080//810 1079//811 1052//810
f  1081//812 1082//812 1083//812
f  1082//812 1081//812 1084//151
f  1082//812 1084//151 1085//151
f  1085//151 1084//151 1086//813
f  1085//151 1086//813 1087//151
f  1087//151 1086//813 1088//814
f  1087//151 1088//814 1052//151
f  1052//151 1088//814 1089//815
f  1052//151 1089//815 1051//151
f  1051//151 1089//815 1090//816
f  1051//151 1090//816 1078//151
f  1078//151 1090//816 1091//817
f  1078//151 1091//817 1092//151
f  1092//151 1091//817 1093//818
f  1092//151 1093//818 1094//151
f  1094//151 1093//818 1095//819
f  1094//151 1095//819 1096//151
f  1096//151 1095//819 1097//820
f  1096//151 1097//820 1098//151
f  1098//151 1097//820 1099//151
f  1098//151 1099//151 1100//151
f  1100//151 1099//151 1101//151
f  1101//150 1099//150 1100//150
f  1100//150 1099//150 1098//150
f  1099//150 1097//150 1098//150
f  1098//150 1097//150 1096//150
f  1097//150 1095//150 1096//150
f  1096//150 1095//150 1094//150
f  1095//150 1093//821 1094//150
f  1094//150 1093//821 1092//150
f  1093//821 1091//150 1092//150
f  1092//150 1091//150 1078//150
f  1091//150 1090//822 1078//150
f  1078//150 1090//822 1051//150
f  1090//822 1089//823 1051//150
f  1051//150 1089//823 1052//150
f  1089//823 1088//150 1052//150
f  1052//150 1088//150 1087//150
f  1088//150 1086//824 1087//150
f  1087//150 1086//824 1085//150
f  1086//824 1084//150 1085//150
f  1085//150 1084//150 1082//825
f  1084//150 1081//150 1082//825
f  1083//150 1082//825 1081//150
f  1062//826 1052//774 1087//827
f  1052//774 1062//826 1050//774
f  1050//778 1062//828 1052//778
f  1087//829 1052//778 1062//828
f  1055//830 1102//831 1054//831
f  1102//831 1055//830 1103//832
f  1103//833 1055//834 1102//835
f  1054//835 1102//835 1055//834
f  1104//151 1105//151 1106//151
f  1105//151 1104//151 1107//836
f  1105//151 1107//836 1108//151
f  1108//151 1107//836 1109//837
f  1108//151 1109//837 1110//151
f  1110//151 1109//837 1111//838
f  1110//151 1111//838 1054//151
f  1054//151 1111//838 1112//839
f  1054//151 1112//839 1055//151
f  1055//151 1112//839 1113//840
f  1055//151 1113//840 1114//151
f  1114//151 1113//840 1115//151
f  1114//151 1115//151 1116//151
f  1116//151 1115//151 1117//841
f  1116//151 1117//841 1118//151
f  1118//151 1117//841 1119//842
f  1118//151 1119//842 1120//843
f  1120//843 1119//842 1121//844
f  1120//843 1121//844 1122//845
f  1122//845 1121//844 1123//846
f  1122//845 1123//846 1124//847
f  1124//848 1123//846 1125//848
f  1125//150 1123//150 1124//150
f  1124//150 1123//150 1122//150
f  1123//150 1121//849 1122//150
f  1122//150 1121//850 1120//850
f  1121//850 1119//150 1120//850
f  1120//850 1119//150 1118//150
f  1119//150 1117//851 1118//150
f  1118//150 1117//851 1116//150
f  1117//851 1115//150 1116//150
f  1116//150 1115//150 1114//150
f  1115//150 1113//150 1114//150
f  1114//150 1113//150 1055//150
f  1113//150 1112//150 1055//150
f  1055//150 1112//150 1054//150
f  1112//150 1111//852 1054//150
f  1054//150 1111//852 1110//150
f  1111//852 1109//853 1110//150
f  1110//150 1109//853 1108//150
f  1109//853 1107//854 1108//150
f  1108//150 1107//854 1105//150
f  1107//854 1104//150 1105//150
f  1106//150 1105//150 1104//150
f  1055//783 1066//855 1053//781
f  1066//855 1055//783 1114//856
f  1114//857 1055//784 1066//858
f  1053//786 1066//858 1055//784
f  1110//859 1050//782 1062//860
f  1050//782 1110//859 1054//780
f  1054//785 1110//861 1050//785
f  1062//862 1050//785 1110//861
f  1089//863 1063//864 1088//865
f  1063//864 1089//863 1064//866
f  1064//867 1089//868 1063//869
f  1088//870 1063//869 1089//868
f  1064//871 1111//872 1063//872
f  1111//872 1064//871 1112//871
f  1112//873 1064//873 1111//874
f  1063//874 1111//874 1064//873
f  1090//875 1064//866 1089//863
f  1064//866 1090//875 1065//875
f  1065//876 1090//877 1064//867
f  1089//868 1064//867 1090//877
f  1065//878 1112//871 1064//871
f  1112//871 1065//878 1113//878
f  1113//879 1065//879 1112//873
f  1064//873 1112//873 1065//879
f  1091//880 1065//875 1090//875
f  1065//875 1091//880 1067//881
f  1067//882 1091//883 1065//876
f  1090//877 1065//876 1091//883
f  1067//884 1113//878 1065//878
f  1113//878 1067//884 1115//885
f  1115//886 1067//886 1113//879
f  1065//879 1113//879 1067//886
f  1091//880 1069//887 1067//881
f  1069//887 1091//880 1093//888
f  1093//889 1091//883 1069//890
f  1067//882 1069//890 1091//883
f  1067//884 1117//891 1115//885
f  1117//891 1067//884 1069//891
f  1069//892 1067//886 1117//892
f  1115//886 1117//892 1067//886
f  1093//888 1071//893 1069//887
f  1071//893 1093//888 1095//893
f  1095//894 1093//889 1071//894
f  1069//890 1071//894 1093//889
f  1069//891 1119//895 1117//891
f  1119//895 1069//891 1071//895
f  1071//896 1069//892 1119//896
f  1117//892 1119//896 1069//892
f  1095//893 1073//897 1071//893
f  1073//897 1095//893 1097//898
f  1097//899 1095//894 1073//900
f  1071//894 1073//900 1095//894
f  1071//895 1121//901 1119//895
f  1121//901 1071//895 1073//901
f  1073//902 1071//896 1121//902
f  1119//896 1121//902 1071//896
f  1073//901 1123//903 1121//901
f  1123//903 1073//901 1075//903
f  1075//904 1073//902 1123//904
f  1121//902 1123//904 1073//902
f  1097//898 1075//905 1073//897
f  1075//905 1097//898 1099//905
f  1099//906 1097//899 1075//906
f  1073//900 1075//906 1097//899
f  1075//903 1125//907 1123//903
f  1125//907 1075//903 1077//907
f  1077//908 1075//904 1125//908
f  1123//904 1125//908 1075//904
f  1099//905 1077//909 1075//905
f  1077//909 1099//905 1101//909
f  1101//910 1099//906 1077//910
f  1075//906 1077//910 1099//906
f  1125//907 1076//911 1124//911
f  1076//911 1125//907 1077//907
f  1077//908 1125//908 1076//912
f  1124//912 1076//912 1125//908
f  1077//909 1100//913 1076//913
f  1100//913 1077//909 1101//909
f  1101//910 1077//910 1100//914
f  1076//914 1100//914 1077//910
f  1124//911 1074//915 1122//915
f  1074//915 1124//911 1076//911
f  1076//912 1124//912 1074//916
f  1122//916 1074//916 1124//912
f  1076//913 1098//917 1074//917
f  1098//917 1076//913 1100//913
f  1100//914 1076//914 1098//918
f  1074//918 1098//918 1076//914
f  1122//915 1072//919 1120//919
f  1072//919 1122//915 1074//915
f  1074//916 1122//916 1072//920
f  1120//920 1072//920 1122//916
f  1074//917 1096//921 1072//921
f  1096//921 1074//917 1098//917
f  1098//918 1074//918 1096//922
f  1072//922 1096//922 1074//918
f  1120//919 1070//923 1118//924
f  1070//923 1120//919 1072//919
f  1072//920 1120//920 1070//925
f  1118//926 1070//925 1120//920
f  1072//921 1094//927 1070//928
f  1094//927 1072//921 1096//921
f  1096//922 1072//922 1094//929
f  1070//930 1094//929 1072//922
f  1118//924 1068//931 1116//931
f  1068//931 1118//924 1070//923
f  1070//925 1118//926 1068//932
f  1116//932 1068//932 1118//926
f  1070//928 1092//933 1068//934
f  1092//933 1070//928 1094//927
f  1094//929 1070//930 1092//935
f  1068//936 1092//935 1070//930
f  1068//934 1078//802 1066//803
f  1078//802 1068//934 1092//933
f  1092//935 1068//936 1078//805
f  1066//804 1078//805 1068//936
f  1116//931 1066//855 1114//856
f  1066//855 1116//931 1068//931
f  1068//932 1116//932 1066//858
f  1114//857 1066//858 1116//932
f  1108//937 1062//860 1060//937
f  1062//860 1108//937 1110//859
f  1110//861 1108//938 1062//862
f  1060//938 1062//862 1108//938
f  1060//939 1087//827 1085//940
f  1087//827 1060//939 1062//826
f  1062//828 1060//941 1087//829
f  1085//942 1087//829 1060//941
f  1105//943 1060//937 1057//944
f  1060//937 1105//943 1108//937
f  1108//938 1105//945 1060//938
f  1057//946 1060//938 1105//945
f  1057//947 1085//940 1082//947
f  1085//940 1057//947 1060//939
f  1060//941 1057//948 1085//942
f  1082//948 1085//942 1057//948
f  1058//949 1082//947 1083//950
f  1082//947 1058//949 1057//947
f  1057//948 1058//951 1082//948
f  1083//952 1082//948 1058//951
f  1106//953 1057//944 1058//953
f  1057//944 1106//953 1105//943
f  1105//945 1106//954 1057//946
f  1058//954 1057//946 1106//954
f  1056//955 1106//953 1058//953
f  1106//953 1056//955 1104//955
f  1104//956 1056//956 1106//954
f  1058//954 1106//954 1056//956
f  1081//957 1058//949 1083//950
f  1058//949 1081//957 1056//958
f  1056//959 1081//960 1058//951
f  1083//952 1058//951 1081//960
f  1059//961 1104//955 1056//955
f  1104//955 1059//961 1107//961
f  1107//962 1059//962 1104//956
f  1056//956 1104//956 1059//962
f  1084//963 1056//958 1081//957
f  1056//958 1084//963 1059//963
f  1059//964 1084//965 1056//959
f  1081//960 1056//959 1084//965
f  1061//966 1107//961 1059//961
f  1107//961 1061//966 1109//967
f  1109//968 1061//969 1107//962
f  1059//962 1107//962 1061//969
f  1086//970 1059//963 1084//963
f  1059//963 1086//970 1061//971
f  1061//972 1086//973 1059//964
f  1084//965 1059//964 1086//973
f  1063//872 1109//967 1061//966
f  1109//967 1063//872 1111//872
f  1111//874 1063//874 1109//968
f  1061//969 1109//968 1063//874
f  1088//865 1061//971 1086//970
f  1061//971 1088//865 1063//864
f  1063//869 1088//870 1061//972
f  1086//973 1061//972 1088//870
f  1051//808 1126//974 1079//807
f  1126//974 1051//808 1078//974
f  1078//975 1051//809 1126//975
f  1079//811 1126//975 1051//809
f  1127//976 1128//976 1129//976
f  1128//976 1127//976 1130//150
f  1130//150 1127//976 1131//150
f  1130//150 1131//150 1132//150
f  1132//150 1131//150 1133//150
f  1132//977 1133//977 12//977
f  12//978 1133//978 1080//978
f  12//979 1080//979 1134//979
f  1134//980 1080//980 1135//980
f  1135//980 1080//980 1079//150
f  1135//980 1079//150 1136//150
f  1136//150 1079//150 1137//150
f  1137//150 1079//150 1126//981
f  1137//150 1126//981 1138//150
f  1138//150 1126//981 1139//150
f  1138//150 1139//150 1140//150
f  1140//150 1139//150 1141//982
f  1140//150 1141//982 1142//150
f  1142//150 1141//982 1143//983
f  1142//150 1143//983 1144//150
f  1144//150 1143//983 1145//984
f  1144//150 1145//984 1146//150
f  1146//150 1145//984 1147//150
f  1146//150 1147//150 1148//985
f  1148//151 1147//151 1146//151
f  1147//151 1145//151 1146//151
f  1146//151 1145//151 1144//151
f  1145//151 1143//151 1144//151
f  1144//151 1143//151 1142//151
f  1143//151 1141//151 1142//151
f  1142//151 1141//151 1140//151
f  1141//151 1139//986 1140//151
f  1140//151 1139//986 1138//151
f  1139//986 1126//151 1138//151
f  1138//151 1126//151 1137//151
f  1126//151 1079//151 1137//151
f  1137//151 1079//151 1136//151
f  1136//151 1079//151 1135//151
f  1079//151 1080//151 1135//151
f  1135//151 1080//151 1134//987
f  1134//988 1080//988 12//988
f  1080//989 1133//989 12//989
f  12//990 1133//990 1132//990
f  1133//151 1131//151 1132//151
f  1132//151 1131//151 1130//151
f  1131//151 1127//151 1130//151
f  1130//151 1127//151 1128//151
f  1129//151 1128//151 1127//151
f  1087//991 1080//806 1133//992
f  1080//806 1087//991 1052//806
f  1052//810 1087//993 1080//810
f  1133//994 1080//810 1087//993
f  12//995 1086//996 1132//997
f  1086//996 12//995 1088//998
f  1088//998 12//995 1134//999
f  1134//1000 12//1001 1088//1002
f  1088//1002 12//1001 1086//1003
f  1132//1004 1086//1003 12//1001
f  1089//1005 1134//999 1135//1006
f  1134//999 1089//1005 1088//998
f  1088//1002 1089//1007 1134//1000
f  1135//1008 1134//1000 1089//1007
f  1090//1009 1136//1010 1137//1009
f  1136//1010 1090//1009 1135//1006
f  1135//1006 1090//1009 1089//1005
f  1089//1007 1090//1011 1135//1008
f  1135//1008 1090//1011 1136//1012
f  1137//1013 1136//1012 1090//1011
f  1138//1014 1090//1009 1137//1009
f  1090//1009 1138//1014 1091//1014
f  1091//1015 1138//1016 1090//1011
f  1137//1013 1090//1011 1138//1016
f  1140//1017 1091//1014 1138//1014
f  1091//1014 1140//1017 1093//1017
f  1093//1018 1140//1019 1091//1015
f  1138//1016 1091//1015 1140//1019
f  1142//1020 1093//1017 1140//1017
f  1093//1017 1142//1020 1095//1020
f  1095//1021 1142//1021 1093//1018
f  1140//1019 1093//1018 1142//1021
f  1142//1020 1097//1022 1095//1020
f  1097//1022 1142//1020 1144//1022
f  1144//1023 1142//1021 1097//1023
f  1095//1021 1097//1023 1142//1021
f  1097//1022 1146//1024 1099//1024
f  1146//1024 1097//1022 1144//1022
f  1144//1023 1097//1023 1146//1025
f  1099//1025 1146//1025 1097//1023
f  1099//1024 1148//1026 1101//1026
f  1148//1026 1099//1024 1146//1024
f  1146//1025 1099//1025 1148//1027
f  1101//1027 1148//1027 1099//1025
f  1100//1028 1148//1026 1147//1029
f  1148//1026 1100//1028 1101//1026
f  1101//1027 1100//1030 1148//1027
f  1147//1031 1148//1027 1100//1030
f  1098//1032 1147//1029 1145//1032
f  1147//1029 1098//1032 1100//1028
f  1100//1030 1098//1033 1147//1031
f  1145//1033 1147//1031 1098//1033
f  1096//1034 1145//1032 1143//1035
f  1145//1032 1096//1034 1098//1032
f  1098//1033 1096//1036 1145//1033
f  1143//1037 1145//1033 1096//1036
f  1096//1034 1141//1038 1094//1038
f  1141//1038 1096//1034 1143//1035
f  1143//1037 1096//1036 1141//1039
f  1094//1039 1141//1039 1096//1036
f  1139//1040 1094//1038 1141//1038
f  1094//1038 1139//1040 1092//1040
f  1092//1041 1139//1041 1094//1039
f  1141//1039 1094//1039 1139//1041
f  1126//974 1092//1040 1139//1040
f  1092//1040 1126//974 1078//974
f  1078//975 1126//975 1092//1041
f  1139//1041 1092//1041 1126//975
f  1085//1042 1133//992 1131//1042
f  1133//992 1085//1042 1087//991
f  1087//993 1085//1043 1133//994
f  1131//1043 1133//994 1085//1043
f  1127//1044 1085//1042 1131//1042
f  1085//1042 1127//1044 1082//1045
f  1082//1046 1127//1047 1085//1043
f  1131//1043 1085//1043 1127//1047
f  1129//1048 1082//1045 1127//1044
f  1082//1045 1129//1048 1083//1048
f  1083//1049 1129//1049 1082//1046
f  1127//1047 1082//1046 1129//1049
f  1128//1050 1083//1048 1129//1048
f  1083//1048 1128//1050 1081//1051
f  1081//1052 1128//1053 1083//1049
f  1129//1049 1083//1049 1128//1053
f  1128//1050 1084//1054 1081//1051
f  1084//1054 1128//1050 1130//1055
f  1130//1056 1128//1053 1084//1057
f  1081//1052 1084//1057 1128//1053
f  1130//1055 1086//996 1084//1054
f  1086//996 1130//1055 1132//997
f  1132//1004 1130//1056 1086//1003
f  1084//1057 1086//1003 1130//1056
f  1149//1058 1150//1058 1151//1058
f  1150//1059 1149//1059 1152//1059
f  1150//1059 1152//1059 1153//151
f  1153//151 1152//1059 1154//151
f  1153//151 1154//151 1155//1060
f  1155//1060 1154//151 1156//1061
f  1155//1060 1156//1062 1102//1062
f  1102//1062 1156//1061 1157//1063
f  1102//1062 1157//1063 1103//151
f  1103//151 1157//1063 1158//1064
f  1103//151 1158//1064 1159//151
f  1159//151 1158//1064 1160//1065
f  1159//151 1160//1065 1161//151
f  1161//151 1160//1065 1162//1066
f  1161//151 1162//1066 1163//151
f  1163//151 1162//1066 1164//1067
f  1163//151 1164//1067 1165//151
f  1165//151 1164//1067 1166//1068
f  1165//151 1166//1069 1167//1069
f  1167//1070 1166//1068 1168//1070
f  1167//1069 1168//1071 1169//1071
f  1169//1072 1168//1072 1170//1072
f  1170//150 1168//150 1169//150
f  1169//1073 1168//1073 1167//1073
f  1168//1074 1166//1074 1167//1074
f  1167//1073 1166//1075 1165//1075
f  1166//1075 1164//150 1165//1075
f  1165//1075 1164//150 1163//150
f  1164//150 1162//150 1163//150
f  1163//150 1162//150 1161//150
f  1162//150 1160//1076 1161//150
f  1161//150 1160//1076 1159//150
f  1160//1076 1158//150 1159//150
f  1159//150 1158//150 1103//150
f  1158//150 1157//150 1103//150
f  1103//150 1157//150 1102//150
f  1157//150 1156//150 1102//150
f  1102//150 1156//150 1155//1077
f  1156//150 1154//1078 1155//1077
f  1155//1077 1154//1078 1153//150
f  1154//1078 1152//150 1153//150
f  1153//150 1152//150 1150//150
f  1152//150 1149//150 1150//150
f  1151//150 1150//150 1149//150
f  1103//1079 1171//1080 1102//1080
f  1171//1080 1103//1079 1172//1079
f  1172//1081 1103//1081 1171//1082
f  1102//1082 1171//1082 1103//1081
f  1054//831 1155//1083 1110//1083
f  1155//1083 1054//831 1102//831
f  1102//835 1054//835 1155//1084
f  1110//1084 1155//1084 1054//835
f  1114//1085 1103//832 1055//830
f  1103//832 1114//1085 1159//1085
f  1159//1086 1114//1086 1103//833
f  1055//834 1103//833 1114//1086
f  1157//1087 1113//1088 1112//1089
f  1113//1088 1157//1087 1158//1088
f  1158//1090 1157//1091 1113//1090
f  1112//1092 1113//1090 1157//1091
f  1158//1088 1115//1093 1113//1088
f  1115//1093 1158//1088 1160//1094
f  1160//1095 1158//1090 1115//1096
f  1113//1090 1115//1096 1158//1090
f  1162//1097 1115//1093 1160//1094
f  1115//1093 1162//1097 1117//1097
f  1117//1098 1162//1098 1115//1096
f  1160//1095 1115//1096 1162//1098
f  1164//1099 1117//1097 1162//1097
f  1117//1097 1164//1099 1119//1100
f  1119//1101 1164//1102 1117//1098
f  1162//1098 1117//1098 1164//1102
f  1166//1103 1119//1100 1164//1099
f  1119//1100 1166//1103 1121//1103
f  1121//1104 1166//1104 1119//1101
f  1164//1102 1119//1101 1166//1104
f  1168//1105 1121//1103 1166//1103
f  1121//1103 1168//1105 1123//1105
f  1123//1106 1168//1106 1121//1104
f  1166//1104 1121//1104 1168//1106
f  1170//1107 1123//1105 1168//1105
f  1123//1105 1170//1107 1125//1107
f  1125//1108 1170//1108 1123//1106
f  1168//1106 1123//1106 1170//1108
f  1124//1109 1170//1107 1169//1109
f  1170//1107 1124//1109 1125//1107
f  1125//1108 1124//1110 1170//1108
f  1169//1110 1170//1108 1124//1110
f  1122//1111 1169//1109 1167//1112
f  1169//1109 1122//1111 1124//1109
f  1124//1110 1122//1113 1169//1110
f  1167//1114 1169//1110 1122//1113
f  1120//1115 1167//1112 1165//1115
f  1167//1112 1120//1115 1122//1111
f  1122//1113 1120//1116 1167//1114
f  1165//1116 1167//1114 1120//1116
f  1118//1117 1165//1115 1163//1117
f  1165//1115 1118//1117 1120//1115
f  1120//1116 1118//1118 1165//1116
f  1163//1118 1165//1116 1118//1118
f  1116//1119 1163//1117 1161//1119
f  1163//1117 1116//1119 1118//1117
f  1118//1118 1116//1120 1163//1118
f  1161//1120 1163//1118 1116//1120
f  1114//1085 1161//1119 1159//1085
f  1161//1119 1114//1085 1116//1119
f  1116//1120 1114//1086 1161//1120
f  1159//1086 1161//1120 1114//1086
f  1110//1083 1153//1121 1108//1121
f  1153//1121 1110//1083 1155//1083
f  1155//1084 1110//1084 1153//1122
f  1108//1122 1153//1122 1110//1084
f  1108//1121 1150//1123 1105//1124
f  1150//1123 1108//1121 1153//1121
f  1153//1122 1108//1122 1150//1125
f  1105//1125 1150//1125 1108//1122
f  1105//1124 1151//1126 1106//1127
f  1151//1126 1105//1124 1150//1123
f  1150//1125 1105//1125 1151//1128
f  1106//1129 1151//1128 1105//1125
f  1151//1126 1104//1130 1106//1127
f  1104//1130 1151//1126 1149//1131
f  1149//1132 1151//1128 1104//1133
f  1106//1129 1104//1133 1151//1128
f  1107//1134 1149//1132 1104//1133
f  1149//1132 1107//1134 1152//1134
f  1152//1135 1107//1135 1149//1131
f  1104//1130 1149//1131 1107//1135
f  1109//1136 1152//1134 1107//1134
f  1152//1134 1109//1136 1154//1136
f  1154//1137 1109//1137 1152//1135
f  1107//1135 1152//1135 1109//1137
f  1154//1137 1111//1138 1109//1137
f  1111//1138 1154//1137 1156//1138
f  1156//1139 1154//1136 1111//1139
f  1109//1136 1111//1139 1154//1136
f  1156//1138 1112//1089 1111//1138
f  1112//1089 1156//1138 1157//1087
f  1157//1091 1156//1139 1112//1092
f  1111//1139 1112//1092 1156//1139
f  1173//1140 1154//1141 1152//1140
f  1154//1141 1173//1140 1174//1142
f  1174//1143 1173//1144 1154//1145
f  1152//1144 1154//1145 1173//1144
f  1174//1142 1156//1146 1154//1141
f  1156//1146 1174//1142 1175//1147
f  1175//1148 1174//1143 1156//1149
f  1154//1145 1156//1149 1174//1143
f  1175//1147 1157//1150 1156//1146
f  1157//1150 1175//1147 1176//1151
f  1176//1152 1175//1148 1157//1153
f  1156//1149 1157//1153 1175//1148
f  1176//1151 1158//1154 1157//1150
f  1158//1154 1176//1151 1177//1155
f  1177//1156 1176//1152 1158//1157
f  1157//1153 1158//1157 1176//1152
f  1177//1155 1160//1158 1158//1154
f  1160//1158 1177//1155 1178//1159
f  1178//1160 1177//1156 1160//1161
f  1158//1157 1160//1161 1177//1156
f  1179//1162 1160//1158 1178//1159
f  1160//1158 1179//1162 1162//1162
f  1162//1163 1179//1163 1160//1161
f  1178//1160 1160//1161 1179//1163
f  1180//1164 1162//1162 1179//1162
f  1162//1162 1180//1164 1164//1165
f  1164//1166 1180//1167 1162//1163
f  1179//1163 1162//1163 1180//1167
f  1181//1168 1164//1165 1180//1164
f  1164//1165 1181//1168 1166//1169
f  1166//1170 1181//1171 1164//1166
f  1180//1167 1164//1166 1181//1171
f  1182//1172 1166//1169 1181//1168
f  1166//1169 1182//1172 1168//1172
f  1168//1173 1182//1173 1166//1170
f  1181//1171 1166//1170 1182//1173
f  1183//1174 1168//1172 1182//1172
f  1168//1172 1183//1174 1170//1174
f  1170//1175 1183//1176 1168//1173
f  1182//1173 1168//1173 1183//1176
f  1169//1177 1183//1174 1184//1178
f  1183//1174 1169//1177 1170//1174
f  1170//1175 1169//1179 1183//1176
f  1184//1180 1183//1176 1169//1179
f  1167//1181 1184//1178 1185//1182
f  1184//1178 1167//1181 1169//1177
f  1169//1179 1167//1183 1184//1180
f  1185//1184 1184//1180 1167//1183
f  1165//1185 1185//1182 1186//1185
f  1185//1182 1165//1185 1167//1181
f  1167//1183 1165//1186 1185//1184
f  1186//1186 1185//1184 1165//1186
f  1163//1187 1186//1185 1187//1187
f  1186//1185 1163//1187 1165//1185
f  1165//1186 1163//1188 1186//1186
f  1187//1188 1186//1186 1163//1188
f  1161//1189 1187//1187 1188//1190
f  1187//1187 1161//1189 1163//1187
f  1163//1188 1161//1191 1187//1188
f  1188//1192 1187//1188 1161//1191
f  1159//1193 1188//1190 1189//1193
f  1188//1190 1159//1193 1161//1189
f  1161//1191 1159//1194 1188//1192
f  1189//1194 1188//1192 1159//1194
f  1159//1193 1172//1079 1103//1079
f  1172//1079 1159//1193 1189//1193
f  1189//1194 1159//1194 1172//1081
f  1103//1081 1172//1081 1159//1194
f  1102//1080 1190//1195 1155//1196
f  1190//1195 1102//1080 1171//1080
f  1171//1082 1102//1082 1190//1197
f  1155//1198 1190//1197 1102//1082
f  1155//1196 1191//1199 1153//1200
f  1191//1199 1155//1196 1190//1195
f  1190//1197 1155//1198 1191//1201
f  1153//1201 1191//1201 1155//1198
f  1153//1200 1192//1202 1150//1203
f  1192//1202 1153//1200 1191//1199
f  1191//1201 1153//1201 1192//1204
f  1150//1205 1192//1204 1153//1201
f  1150//1203 1193//1206 1151//1207
f  1193//1206 1150//1203 1192//1202
f  1192//1204 1150//1205 1193//1208
f  1151//1209 1193//1208 1150//1205
f  1193//1206 1149//1210 1151//1207
f  1149//1210 1193//1206 1194//1211
f  1194//1212 1193//1208 1149//1213
f  1151//1209 1149//1213 1193//1208
f  1194//1211 1152//1140 1149//1210
f  1152//1140 1194//1211 1173//1140
f  1173//1144 1194//1212 1152//1144
f  1149//1213 1152//1144 1194//1212
f  195//150 1171//1214 1172//1215
f  1172//1216 1171//1217 195//151
f  1192//1218 1194//1218 1193//1218
f  1194//1219 1192//1219 1173//1219
f  1173//150 1192//150 1191//150
f  1173//150 1191//150 1174//150
f  1174//150 1191//150 1190//1220
f  1174//1221 1190//1221 1175//1221
f  1175//1222 1190//1220 1171//1222
f  1175//1221 1171//1223 1176//1223
f  1176//1224 1171//1222 1172//1224
f  1176//1224 1172//1224 1177//150
f  1177//150 1172//1224 1189//1225
f  1177//150 1189//1225 1178//150
f  1178//150 1189//1225 1188//1226
f  1178//1227 1188//1227 1179//1227
f  1179//1228 1188//1226 1187//1228
f  1179//1227 1187//1229 1180//1229
f  1180//1230 1187//1228 1186//1230
f  1180//1229 1186//1231 1181//1231
f  1181//1232 1186//1230 1185//1232
f  1181//1232 1185//1232 1182//150
f  1182//1233 1185//1232 1184//1233
f  1182//150 1184//150 1183//150
f  1183//151 1184//151 1182//151
f  1184//1234 1185//1234 1182//1234
f  1182//151 1185//151 1181//151
f  1185//151 1186//151 1181//151
f  1181//1235 1186//1235 1180//1235
f  1186//1236 1187//1236 1180//1236
f  1180//1235 1187//1237 1179//1237
f  1187//1236 1188//1238 1179//1238
f  1179//1237 1188//1239 1178//1239
f  1188//151 1189//151 1178//151
f  1178//151 1189//151 1177//151
f  1189//151 1172//151 1177//151
f  1177//151 1172//151 1176//151
f  1172//1240 1171//1240 1176//1240
f  1176//1241 1171//1241 1175//1241
f  1171//1240 1190//1242 1175//1242
f  1175//1241 1190//1243 1174//1243
f  1190//1242 1191//1244 1174//1244
f  1174//1243 1191//1245 1173//1245
f  1191//151 1192//151 1173//151
f  1173//1245 1192//1246 1194//1246
f  1193//1247 1194//1247 1192//1247
f  195//150 1174//1248 1173//1249
f  1173//1250 1174//1251 195//151
f  195//150 1175//1252 1174//1248
f  1174//1251 1175//1253 195//151
f  195//150 1176//1254 1175//1252
f  1175//1253 1176//1255 195//151
f  195//150 1177//1256 1176//1254
f  1176//1255 1177//1257 195//151
f  1178//1258 1177//1256 195//150
f  195//151 1177//1257 1178//1259
f  1179//1260 1178//1258 195//150
f  195//151 1178//1259 1179//1261
f  1180//1262 1179//1260 195//150
f  195//151 1179//1261 1180//1263
f  1181//1264 1180//1262 195//150
f  195//151 1180//1263 1181//1265
f  1182//1266 1181//1264 195//150
f  195//151 1181//1265 1182//1267
f  1183//1268 1182//1266 195//150
f  195//151 1182//1267 1183//1269
f  1183//1268 195//150 1184//1270
f  1184//1271 195//151 1183//1269
f  1184//1270 195//150 1185//1272
f  1185//1273 195//151 1184//1271
f  1185//1272 195//150 1186//1274
f  1186//1275 195//151 1185//1273
f  1186//1274 195//150 1187//1276
f  1187//1277 195//151 1186//1275
f  1187//1276 195//150 1188//1278
f  1188//1279 195//151 1187//1277
f  1188//1278 195//150 1189//1280
f  1189//1281 195//151 1188//1279
f  1189//1280 195//150 1172//1215
f  1172//1216 195//151 1189//1281
f  195//150 1190//1282 1171//1214
f  1171//1217 1190//1283 195//151
f  195//150 1191//1284 1190//1282
f  1190//1283 1191//1285 195//151
f  195//150 1192//1286 1191//1284
f  1191//1285 1192//1287 195//151
f  195//150 1193//1288 1192//1286
f  1192//1287 1193//1289 195//151
f  195//150 1194//1290 1193//1288
f  1193//1289 1194//1291 195//151
f  195//150 1173//1249 1194//1290
f  1194//1291 1173//1250 195//151
f  285//42 291//42 287//42
f  291//42 285//42 288//42
f  287//1292 284//1292 285//1292
f  286//1292 285//1292 284//1292
f  291//1293 288//1293 289//1293
f  290//1293 289//1293 288//1293
f  287//1294 291//1294 284//1294
f  289//1294 284//1294 291//1294
f  290//46 286//46 289//46
f  284//46 289//46 286//46
f  314//1295 319//1295 1195//1295
f  609//1295 1195//1295 319//1295
f  1195//46 1196//46 314//46
f  311//46 314//46 1196//46
f  609//1296 610//1296 1195//1296
f  1196//1296 1195//1296 610//1296
f  316//1297 311//1297 610//1297
f  1196//1297 610//1297 311//1297
f  318//46 1197//46 1198//46
f  319//46 316//46 318//46
f  318//46 316//46 1197//46
f  1197//46 316//46 1199//46
f  316//46 317//46 1199//46
f  1200//46 1199//46 317//46
f  1198//1298 315//1298 318//1298
f  313//1298 318//1298 315//1298
f  1200//46 1201//46 1199//46
f  310//1299 1200//1299 308//1299
f  317//1300 308//1299 1200//1299
f  1202//1301 1201//1301 310//1301
f  1200//1301 310//1301 1201//1301
f  1202//42 310//42 309//42
f  610//42 319//42 316//42
f  319//42 610//42 609//42
f  1203//42 1197//42 1198//42
f  1204//1302 1203//1302 315//1302
f  1198//1303 315//1302 1203//1302
f  312//46 1204//46 315//46
f  321//58 327//58 323//58
f  327//58 321//58 324//58
f  323//1304 320//1304 321//1304
f  322//1304 321//1304 320//1304
f  327//1305 324//1305 325//1305
f  326//1305 325//1305 324//1305
f  323//1306 327//1306 320//1306
f  325//1306 320//1306 327//1306
f  326//62 322//62 325//62
f  320//62 325//62 322//62
f  350//1307 355//1307 1205//1307
f  611//1307 1205//1307 355//1307
f  1205//62 1206//62 350//62
f  347//62 350//62 1206//62
f  611//1308 612//1308 1205//1308
f  1206//1308 1205//1308 612//1308
f  352//1309 347//1309 612//1309
f  1206//1309 612//1309 347//1309
f  354//62 1207//62 1208//62
f  355//62 352//62 354//62
f  354//62 352//62 1207//62
f  1207//62 352//62 1209//62
f  352//62 353//62 1209//62
f  1210//62 1209//62 353//62
f  1208//1310 351//1310 354//1310
f  349//1310 354//1310 351//1310
f  1210//62 1211//62 1209//62
f  346//1311 1210//1311 344//1311
f  353//1312 344//1311 1210//1311
f  1212//1313 1211//1313 346//1313
f  1210//1313 346//1313 1211//1313
f  1212//58 346//58 345//58
f  612//58 355//58 352//58
f  355//58 612//58 611//58
f  1213//58 1207//58 1208//58
f  1214//1314 1213//1314 351//1314
f  1208//1315 351//1314 1213//1314
f  348//62 1214//62 351//62
f  1215//774 1216//775 1217//774
f  1216//775 1215//774 1218//776
f  1218//777 1215//778 1216//779
f  1217//778 1216//779 1215//778
f  1219//780 1218//781 1215//782
f  1218//781 1219//780 1220//783
f  1220//784 1219//785 1218//786
f  1215//785 1218//786 1219//785
f  1221//787 1222//787 1223//787
f  1222//788 1221//788 1224//788
f  1222//788 1224//788 1225//151
f  1225//151 1224//788 1226//789
f  1225//151 1226//789 1227//151
f  1227//151 1226//789 1228//790
f  1227//151 1228//790 1215//151
f  1215//151 1228//790 1229//791
f  1215//151 1229//791 1218//151
f  1218//151 1229//791 1230//792
f  1218//151 1230//792 1231//151
f  1231//151 1230//792 1232//793
f  1231//151 1232//793 1233//151
f  1233//151 1232//793 1234//794
f  1233//151 1234//794 1235//151
f  1235//151 1234//794 1236//795
f  1235//151 1236//795 1237//796
f  1237//796 1236//795 1238//797
f  1237//796 1238//797 1239//151
f  1239//151 1238//797 1240//798
f  1239//151 1240//798 1241//151
f  1241//151 1240//798 1242//151
f  1242//150 1240//150 1241//150
f  1241//150 1240//150 1239//150
f  1240//150 1238//150 1239//150
f  1239//150 1238//150 1237//150
f  1238//150 1236//150 1237//150
f  1237//150 1236//150 1235//150
f  1236//150 1234//150 1235//150
f  1235//150 1234//150 1233//150
f  1234//150 1232//150 1233//150
f  1233//150 1232//150 1231//150
f  1232//150 1230//799 1231//150
f  1231//150 1230//799 1218//150
f  1230//799 1229//150 1218//150
f  1218//150 1229//150 1215//150
f  1229//150 1228//150 1215//150
f  1215//150 1228//150 1227//150
f  1228//150 1226//150 1227//150
f  1227//150 1226//150 1225//150
f  1226//150 1224//150 1225//150
f  1225//150 1224//150 1222//150
f  1224//150 1221//800 1222//150
f  1223//801 1222//801 1221//801
f  1218//776 1243//802 1216//775
f  1243//802 1218//776 1231//803
f  1231//804 1218//777 1243//805
f  1216//779 1243//805 1218//777
f  1217//806 1244//807 1245//806
f  1244//807 1217//806 1216//808
f  1216//809 1217//810 1244//811
f  1245//810 1244//811 1217//810
f  1246//812 1247//812 1248//812
f  1247//812 1246//812 1249//151
f  1247//812 1249//151 1250//151
f  1250//151 1249//151 1251//813
f  1250//151 1251//813 1252//151
f  1252//151 1251//813 1253//814
f  1252//151 1253//814 1217//151
f  1217//151 1253//814 1254//815
f  1217//151 1254//815 1216//151
f  1216//151 1254//815 1255//816
f  1216//151 1255//816 1243//151
f  1243//151 1255//816 1256//817
f  1243//151 1256//817 1257//151
f  1257//151 1256//817 1258//818
f  1257//151 1258//818 1259//151
f  1259//151 1258//818 1260//819
f  1259//151 1260//819 1261//151
f  1261//151 1260//819 1262//820
f  1261//151 1262//820 1263//151
f  1263//151 1262//820 1264//151
f  1263//151 1264//151 1265//151
f  1265//151 1264//151 1266//151
f  1266//150 1264//150 1265//150
f  1265//150 1264//150 1263//150
f  1264//150 1262//150 1263//150
f  1263//150 1262//150 1261//150
f  1262//150 1260//150 1261//150
f  1261//150 1260//150 1259//150
f  1260//150 1258//821 1259//150
f  1259//150 1258//821 1257//150
f  1258//821 1256//150 1257//150
f  1257//150 1256//150 1243//150
f  1256//150 1255//822 1243//150
f  1243//150 1255//822 1216//150
f  1255//822 1254//823 1216//150
f  1216//150 1254//823 1217//150
f  1254//823 1253//150 1217//150
f  1217//150 1253//150 1252//150
f  1253//150 1251//824 1252//150
f  1252//150 1251//824 1250//150
f  1251//824 1249//150 1250//150
f  1250//150 1249//150 1247//825
f  1249//150 1246//150 1247//825
f  1248//150 1247//825 1246//150
f  1227//826 1217//774 1252//827
f  1217//774 1227//826 1215//774
f  1215//778 1227//828 1217//778
f  1252//829 1217//778 1227//828
f  1220//830 1267//831 1219//831
f  1267//831 1220//830 1268//832
f  1268//833 1220//834 1267//835
f  1219//835 1267//835 1220//834
f  1269//151 1270//151 1271//151
f  1270//151 1269//151 1272//836
f  1270//151 1272//836 1273//151
f  1273//151 1272//836 1274//837
f  1273//151 1274//837 1275//151
f  1275//151 1274//837 1276//838
f  1275//151 1276//838 1219//151
f  1219//151 1276//838 1277//839
f  1219//151 1277//839 1220//151
f  1220//151 1277//839 1278//840
f  1220//151 1278//840 1279//151
f  1279//151 1278//840 1280//151
f  1279//151 1280//151 1281//151
f  1281//151 1280//151 1282//841
f  1281//151 1282//841 1283//151
f  1283//151 1282//841 1284//842
f  1283//151 1284//842 1285//843
f  1285//843 1284//842 1286//844
f  1285//843 1286//844 1287//845
f  1287//845 1286//844 1288//846
f  1287//845 1288//846 1289//847
f  1289//848 1288//846 1290//848
f  1290//150 1288//150 1289//150
f  1289//150 1288//150 1287//150
f  1288//150 1286//849 1287//150
f  1287//150 1286//850 1285//850
f  1286//850 1284//150 1285//850
f  1285//850 1284//150 1283//150
f  1284//150 1282//851 1283//150
f  1283//150 1282//851 1281//150
f  1282//851 1280//150 1281//150
f  1281//150 1280//150 1279//150
f  1280//150 1278//150 1279//150
f  1279//150 1278//150 1220//150
f  1278//150 1277//150 1220//150
f  1220//150 1277//150 1219//150
f  1277//150 1276//852 1219//150
f  1219//150 1276//852 1275//150
f  1276//852 1274//853 1275//150
f  1275//150 1274//853 1273//150
f  1274//853 1272//854 1273//150
f  1273//150 1272//854 1270//150
f  1272//854 1269//150 1270//150
f  1271//150 1270//150 1269//150
f  1220//783 1231//855 1218//781
f  1231//855 1220//783 1279//856
f  1279//857 1220//784 1231//858
f  1218//786 1231//858 1220//784
f  1275//859 1215//782 1227//860
f  1215//782 1275//859 1219//780
f  1219//785 1275//861 1215//785
f  1227//862 1215//785 1275//861
f  1254//863 1228//864 1253//865
f  1228//864 1254//863 1229//866
f  1229//867 1254//868 1228//869
f  1253//870 1228//869 1254//868
f  1229//871 1276//872 1228//872
f  1276//872 1229//871 1277//871
f  1277//873 1229//873 1276//874
f  1228//874 1276//874 1229//873
f  1255//875 1229//866 1254//863
f  1229//866 1255//875 1230//875
f  1230//876 1255//877 1229//867
f  1254//868 1229//867 1255//877
f  1230//878 1277//871 1229//871
f  1277//871 1230//878 1278//878
f  1278//879 1230//879 1277//873
f  1229//873 1277//873 1230//879
f  1256//880 1230//875 1255//875
f  1230//875 1256//880 1232//881
f  1232//882 1256//883 1230//876
f  1255//877 1230//876 1256//883
f  1232//884 1278//878 1230//878
f  1278//878 1232//884 1280//885
f  1280//886 1232//886 1278//879
f  1230//879 1278//879 1232//886
f  1256//880 1234//887 1232//881
f  1234//887 1256//880 1258//888
f  1258//889 1256//883 1234//890
f  1232//882 1234//890 1256//883
f  1232//884 1282//891 1280//885
f  1282//891 1232//884 1234//891
f  1234//892 1232//886 1282//892
f  1280//886 1282//892 1232//886
f  1258//888 1236//893 1234//887
f  1236//893 1258//888 1260//893
f  1260//894 1258//889 1236//894
f  1234//890 1236//894 1258//889
f  1234//891 1284//895 1282//891
f  1284//895 1234//891 1236//895
f  1236//896 1234//892 1284//896
f  1282//892 1284//896 1234//892
f  1260//893 1238//897 1236//893
f  1238//897 1260//893 1262//898
f  1262//899 1260//894 1238//900
f  1236//894 1238//900 1260//894
f  1236//895 1286//901 1284//895
f  1286//901 1236//895 1238//901
f  1238//902 1236//896 1286//902
f  1284//896 1286//902 1236//896
f  1238//901 1288//903 1286//901
f  1288//903 1238//901 1240//903
f  1240//904 1238//902 1288//904
f  1286//902 1288//904 1238//902
f  1262//898 1240//905 1238//897
f  1240//905 1262//898 1264//905
f  1264//906 1262//899 1240//906
f  1238//900 1240//906 1262//899
f  1240//903 1290//907 1288//903
f  1290//907 1240//903 1242//907
f  1242//908 1240//904 1290//908
f  1288//904 1290//908 1240//904
f  1264//905 1242//909 1240//905
f  1242//909 1264//905 1266//909
f  1266//910 1264//906 1242//910
f  1240//906 1242//910 1264//906
f  1290//907 1241//911 1289//911
f  1241//911 1290//907 1242//907
f  1242//908 1290//908 1241//912
f  1289//912 1241//912 1290//908
f  1242//909 1265//913 1241//913
f  1265//913 1242//909 1266//909
f  1266//910 1242//910 1265//914
f  1241//914 1265//914 1242//910
f  1289//911 1239//915 1287//915
f  1239//915 1289//911 1241//911
f  1241//912 1289//912 1239//916
f  1287//916 1239//916 1289//912
f  1241//913 1263//917 1239//917
f  1263//917 1241//913 1265//913
f  1265//914 1241//914 1263//918
f  1239//918 1263//918 1241//914
f  1287//915 1237//919 1285//919
f  1237//919 1287//915 1239//915
f  1239//916 1287//916 1237//920
f  1285//920 1237//920 1287//916
f  1239//917 1261//921 1237//921
f  1261//921 1239//917 1263//917
f  1263//918 1239//918 1261//922
f  1237//922 1261//922 1239//918
f  1285//919 1235//923 1283//924
f  1235//923 1285//919 1237//919
f  1237//920 1285//920 1235//925
f  1283//926 1235//925 1285//920
f  1237//921 1259//927 1235//928
f  1259//927 1237//921 1261//921
f  1261//922 1237//922 1259//929
f  1235//930 1259//929 1237//922
f  1283//924 1233//931 1281//931
f  1233//931 1283//924 1235//923
f  1235//925 1283//926 1233//932
f  1281//932 1233//932 1283//926
f  1235//928 1257//933 1233//934
f  1257//933 1235//928 1259//927
f  1259//929 1235//930 1257//935
f  1233//936 1257//935 1235//930
f  1233//934 1243//802 1231//803
f  1243//802 1233//934 1257//933
f  1257//935 1233//936 1243//805
f  1231//804 1243//805 1233//936
f  1281//931 1231//855 1279//856
f  1231//855 1281//931 1233//931
f  1233//932 1281//932 1231//858
f  1279//857 1231//858 1281//932
f  1273//937 1227//860 1225//937
f  1227//860 1273//937 1275//859
f  1275//861 1273//938 1227//862
f  1225//938 1227//862 1273//938
f  1225//939 1252//827 1250//940
f  1252//827 1225//939 1227//826
f  1227//828 1225//941 1252//829
f  1250//942 1252//829 1225//941
f  1270//943 1225//937 1222//944
f  1225//937 1270//943 1273//937
f  1273//938 1270//945 1225//938
f  1222//946 1225//938 1270//945
f  1222//947 1250//940 1247//947
f  1250//940 1222//947 1225//939
f  1225//941 1222//948 1250//942
f  1247//948 1250//942 1222//948
f  1223//949 1247//947 1248//950
f  1247//947 1223//949 1222//947
f  1222//948 1223//951 1247//948
f  1248//952 1247//948 1223//951
f  1271//953 1222//944 1223//953
f  1222//944 1271//953 1270//943
f  1270//945 1271//954 1222//946
f  1223//954 1222//946 1271//954
f  1221//955 1271//953 1223//953
f  1271//953 1221//955 1269//955
f  1269//956 1221//956 1271//954
f  1223//954 1271//954 1221//956
f  1246//957 1223//949 1248//950
f  1223//949 1246//957 1221//958
f  1221//959 1246//960 1223//951
f  1248//952 1223//951 1246//960
f  1224//961 1269//955 1221//955
f  1269//955 1224//961 1272//961
f  1272//962 1224//962 1269//956
f  1221//956 1269//956 1224//962
f  1249//963 1221//958 1246//957
f  1221//958 1249//963 1224//963
f  1224//964 1249//965 1221//959
f  1246//960 1221//959 1249//965
f  1226//966 1272//961 1224//961
f  1272//961 1226//966 1274//967
f  1274//968 1226//969 1272//962
f  1224//962 1272//962 1226//969
f  1251//970 1224//963 1249//963
f  1224//963 1251//970 1226//971
f  1226//972 1251//973 1224//964
f  1249//965 1224//964 1251//973
f  1228//872 1274//967 1226//966
f  1274//967 1228//872 1276//872
f  1276//874 1228//874 1274//968
f  1226//969 1274//968 1228//874
f  1253//865 1226//971 1251//970
f  1226//971 1253//865 1228//864
f  1228//869 1253//870 1226//972
f  1251//973 1226//972 1253//870
f  1216//808 1291//974 1244//807
f  1291//974 1216//808 1243//974
f  1243//975 1216//809 1291//975
f  1244//811 1291//975 1216//809
f  1292//976 1293//976 1294//976
f  1293//976 1292//976 1295//150
f  1295//150 1292//976 1296//150
f  1295//150 1296//150 1297//150
f  1297//150 1296//150 1298//150
f  1297//977 1298//977 24//977
f  24//978 1298//978 1245//978
f  24//979 1245//979 1299//979
f  1299//980 1245//980 1300//980
f  1300//980 1245//980 1244//150
f  1300//980 1244//150 1301//150
f  1301//150 1244//150 1302//150
f  1302//150 1244//150 1291//981
f  1302//150 1291//981 1303//150
f  1303//150 1291//981 1304//150
f  1303//150 1304//150 1305//150
f  1305//150 1304//150 1306//982
f  1305//150 1306//982 1307//150
f  1307//150 1306//982 1308//983
f  1307//150 1308//983 1309//150
f  1309//150 1308//983 1310//984
f  1309//150 1310//984 1311//150
f  1311//150 1310//984 1312//150
f  1311//150 1312//150 1313//985
f  1313//151 1312//151 1311//151
f  1312//151 1310//151 1311//151
f  1311//151 1310//151 1309//151
f  1310//151 1308//151 1309//151
f  1309//151 1308//151 1307//151
f  1308//151 1306//151 1307//151
f  1307//151 1306//151 1305//151
f  1306//151 1304//986 1305//151
f  1305//151 1304//986 1303//151
f  1304//986 1291//151 1303//151
f  1303//151 1291//151 1302//151
f  1291//151 1244//151 1302//151
f  1302//151 1244//151 1301//151
f  1301//151 1244//151 1300//151
f  1244//151 1245//151 1300//151
f  1300//151 1245//151 1299//987
f  1299//988 1245//988 24//988
f  1245//989 1298//989 24//989
f  24//990 1298//990 1297//990
f  1298//151 1296//151 1297//151
f  1297//151 1296//151 1295//151
f  1296//151 1292//151 1295//151
f  1295//151 1292//151 1293//151
f  1294//151 1293//151 1292//151
f  1252//991 1245//806 1298//992
f  1245//806 1252//991 1217//806
f  1217//810 1252//993 1245//810
f  1298//994 1245//810 1252//993
f  24//995 1251//996 1297//997
f  1251//996 24//995 1253//998
f  1253//998 24//995 1299//999
f  1299//1000 24//1001 1253//1002
f  1253//1002 24//1001 1251//1003
f  1297//1004 1251//1003 24//1001
f  1254//1005 1299//999 1300//1006
f  1299//999 1254//1005 1253//998
f  1253//1002 1254//1007 1299//1000
f  1300//1008 1299//1000 1254//1007
f  1255//1009 1301//1010 1302//1009
f  1301//1010 1255//1009 1300//1006
f  1300//1006 1255//1009 1254//1005
f  1254//1007 1255//1011 1300//1008
f  1300//1008 1255//1011 1301//1012
f  1302//1013 1301//1012 1255//1011
f  1303//1014 1255//1009 1302//1009
f  1255//1009 1303//1014 1256//1014
f  1256//1015 1303//1016 1255//1011
f  1302//1013 1255//1011 1303//1016
f  1305//1017 1256//1014 1303//1014
f  1256//1014 1305//1017 1258//1017
f  1258//1018 1305//1019 1256//1015
f  1303//1016 1256//1015 1305//1019
f  1307//1020 1258//1017 1305//1017
f  1258//1017 1307//1020 1260//1020
f  1260//1021 1307//1021 1258//1018
f  1305//1019 1258//1018 1307//1021
f  1307//1020 1262//1022 1260//1020
f  1262//1022 1307//1020 1309//1022
f  1309//1023 1307//1021 1262//1023
f  1260//1021 1262//1023 1307//1021
f  1262//1022 1311//1024 1264//1024
f  1311//1024 1262//1022 1309//1022
f  1309//1023 1262//1023 1311//1025
f  1264//1025 1311//1025 1262//1023
f  1264//1024 1313//1026 1266//1026
f  1313//1026 1264//1024 1311//1024
f  1311//1025 1264//1025 1313//1027
f  1266//1027 1313//1027 1264//1025
f  1265//1028 1313//1026 1312//1029
f  1313//1026 1265//1028 1266//1026
f  1266//1027 1265//1030 1313//1027
f  1312//1031 1313//1027 1265//1030
f  1263//1032 1312//1029 1310//1032
f  1312//1029 1263//1032 1265//1028
f  1265//1030 1263//1033 1312//1031
f  1310//1033 1312//1031 1263//1033
f  1261//1034 1310//1032 1308//1035
f  1310//1032 1261//1034 1263//1032
f  1263//1033 1261//1036 1310//1033
f  1308//1037 1310//1033 1261//1036
f  1261//1034 1306//1038 1259//1038
f  1306//1038 1261//1034 1308//1035
f  1308//1037 1261//1036 1306//1039
f  1259//1039 1306//1039 1261//1036
f  1304//1040 1259//1038 1306//1038
f  1259//1038 1304//1040 1257//1040
f  1257//1041 1304//1041 1259//1039
f  1306//1039 1259//1039 1304//1041
f  1291//974 1257//1040 1304//1040
f  1257//1040 1291//974 1243//974
f  1243//975 1291//975 1257//1041
f  1304//1041 1257//1041 1291//975
f  1250//1042 1298//992 1296//1042
f  1298//992 1250//1042 1252//991
f  1252//993 1250//1043 1298//994
f  1296//1043 1298//994 1250//1043
f  1292//1044 1250//1042 1296//1042
f  1250//1042 1292//1044 1247//1045
f  1247//1046 1292//1047 1250//1043
f  1296//1043 1250//1043 1292//1047
f  1294//1048 1247//1045 1292//1044
f  1247//1045 1294//1048 1248//1048
f  1248//1049 1294//1049 1247//1046
f  1292//1047 1247//1046 1294//1049
f  1293//1050 1248//1048 1294//1048
f  1248//1048 1293//1050 1246//1051
f  1246//1052 1293//1053 1248//1049
f  1294//1049 1248//1049 1293//1053
f  1293//1050 1249//1054 1246//1051
f  1249//1054 1293//1050 1295//1055
f  1295//1056 1293//1053 1249//1057
f  1246//1052 1249//1057 1293//1053
f  1295//1055 1251//996 1249//1054
f  1251//996 1295//1055 1297//997
f  1297//1004 1295//1056 1251//1003
f  1249//1057 1251//1003 1295//1056
f  1314//1058 1315//1058 1316//1058
f  1315//1059 1314//1059 1317//1059
f  1315//1059 1317//1059 1318//151
f  1318//151 1317//1059 1319//151
f  1318//151 1319//151 1320//1060
f  1320//1060 1319//151 1321//1061
f  1320//1060 1321//1062 1267//1062
f  1267//1062 1321//1062 1322//1063
f  1267//1062 1322//1063 1268//151
f  1268//151 1322//1063 1323//1064
f  1268//151 1323//1064 1324//151
f  1324//151 1323//1064 1325//1065
f  1324//151 1325//1065 1326//151
f  1326//151 1325//1065 1327//1066
f  1326//151 1327//1066 1328//151
f  1328//151 1327//1066 1329//1067
f  1328//151 1329//1067 1330//151
f  1330//151 1329//1067 1331//1068
f  1330//151 1331//1069 1332//1069
f  1332//1070 1331//1068 1333//1070
f  1332//1069 1333//1071 1334//1071
f  1334//1072 1333//1072 1335//1072
f  1335//150 1333//150 1334//150
f  1334//1073 1333//1073 1332//1073
f  1333//1074 1331//1074 1332//1074
f  1332//1073 1331//1075 1330//1075
f  1331//1075 1329//150 1330//1075
f  1330//1075 1329//150 1328//150
f  1329//150 1327//150 1328//150
f  1328//150 1327//150 1326//150
f  1327//150 1325//1076 1326//150
f  1326//150 1325//1076 1324//150
f  1325//1076 1323//150 1324//150
f  1324//150 1323//150 1268//150
f  1323//150 1322//150 1268//150
f  1268//150 1322//150 1267//150
f  1322//150 1321//150 1267//150
f  1267//150 1321//150 1320//1077
f  1321//150 1319//1078 1320//1077
f  1320//1077 1319//1078 1318//150
f  1319//1078 1317//150 1318//150
f  1318//150 1317//150 1315//150
f  1317//150 1314//150 1315//150
f  1316//150 1315//150 1314//150
f  1268//1079 1336//1080 1267//1080
f  1336//1080 1268//1079 1337//1079
f  1337//1081 1268//1081 1336//1082
f  1267//1082 1336//1082 1268//1081
f  1219//831 1320//1083 1275//1083
f  1320//1083 1219//831 1267//831
f  1267//835 1219//835 1320//1084
f  1275//1084 1320//1084 1219//835
f  1279//1085 1268//832 1220//830
f  1268//832 1279//1085 1324//1085
f  1324//1086 1279//1086 1268//833
f  1220//834 1268//833 1279//1086
f  1322//1087 1278//1088 1277//1089
f  1278//1088 1322//1087 1323//1088
f  1323//1090 1322//1091 1278//1090
f  1277//1092 1278//1090 1322//1091
f  1323//1088 1280//1093 1278//1088
f  1280//1093 1323//1088 1325//1094
f  1325//1095 1323//1090 1280//1096
f  1278//1090 1280//1096 1323//1090
f  1327//1097 1280//1093 1325//1094
f  1280//1093 1327//1097 1282//1097
f  1282//1098 1327//1098 1280//1096
f  1325//1095 1280//1096 1327//1098
f  1329//1099 1282//1097 1327//1097
f  1282//1097 1329//1099 1284//1100
f  1284//1101 1329//1102 1282//1098
f  1327//1098 1282//1098 1329//1102
f  1331//1103 1284//1100 1329//1099
f  1284//1100 1331//1103 1286//1103
f  1286//1104 1331//1104 1284//1101
f  1329//1102 1284//1101 1331//1104
f  1333//1105 1286//1103 1331//1103
f  1286//1103 1333//1105 1288//1105
f  1288//1106 1333//1106 1286//1104
f  1331//1104 1286//1104 1333//1106
f  1335//1107 1288//1105 1333//1105
f  1288//1105 1335//1107 1290//1107
f  1290//1108 1335//1108 1288//1106
f  1333//1106 1288//1106 1335//1108
f  1289//1109 1335//1107 1334//1109
f  1335//1107 1289//1109 1290//1107
f  1290//1108 1289//1110 1335//1108
f  1334//1110 1335//1108 1289//1110
f  1287//1111 1334//1109 1332//1112
f  1334//1109 1287//1111 1289//1109
f  1289//1110 1287//1113 1334//1110
f  1332//1114 1334//1110 1287//1113
f  1285//1115 1332//1112 1330//1115
f  1332//1112 1285//1115 1287//1111
f  1287//1113 1285//1116 1332//1114
f  1330//1116 1332//1114 1285//1116
f  1283//1117 1330//1115 1328//1117
f  1330//1115 1283//1117 1285//1115
f  1285//1116 1283//1118 1330//1116
f  1328//1118 1330//1116 1283//1118
f  1281//1119 1328//1117 1326//1119
f  1328//1117 1281//1119 1283//1117
f  1283//1118 1281//1120 1328//1118
f  1326//1120 1328//1118 1281//1120
f  1279//1085 1326//1119 1324//1085
f  1326//1119 1279//1085 1281//1119
f  1281//1120 1279//1086 1326//1120
f  1324//1086 1326//1120 1279//1086
f  1275//1083 1318//1121 1273//1121
f  1318//1121 1275//1083 1320//1083
f  1320//1084 1275//1084 1318//1122
f  1273//1122 1318//1122 1275//1084
f  1273//1121 1315//1123 1270//1124
f  1315//1123 1273//1121 1318//1121
f  1318//1122 1273//1122 1315//1125
f  1270//1125 1315//1125 1273//1122
f  1270//1124 1316//1126 1271//1127
f  1316//1126 1270//1124 1315//1123
f  1315//1125 1270//1125 1316//1128
f  1271//1129 1316//1128 1270//1125
f  1316//1126 1269//1130 1271//1127
f  1269//1130 1316//1126 1314//1131
f  1314//1132 1316//1128 1269//1133
f  1271//1129 1269//1133 1316//1128
f  1272//1134 1314//1132 1269//1133
f  1314//1132 1272//1134 1317//1134
f  1317//1135 1272//1135 1314//1131
f  1269//1130 1314//1131 1272//1135
f  1274//1136 1317//1134 1272//1134
f  1317//1134 1274//1136 1319//1136
f  1319//1137 1274//1137 1317//1135
f  1272//1135 1317//1135 1274//1137
f  1319//1137 1276//1138 1274//1137
f  1276//1138 1319//1137 1321//1138
f  1321//1139 1319//1136 1276//1139
f  1274//1136 1276//1139 1319//1136
f  1321//1138 1277//1089 1276//1138
f  1277//1089 1321//1138 1322//1087
f  1322//1091 1321//1139 1277//1092
f  1276//1139 1277//1092 1321//1139
f  1338//1140 1319//1141 1317//1140
f  1319//1141 1338//1140 1339//1142
f  1339//1143 1338//1144 1319//1145
f  1317//1144 1319//1145 1338//1144
f  1339//1142 1321//1146 1319//1141
f  1321//1146 1339//1142 1340//1147
f  1340//1148 1339//1143 1321//1149
f  1319//1145 1321//1149 1339//1143
f  1340//1147 1322//1150 1321//1146
f  1322//1150 1340//1147 1341//1151
f  1341//1152 1340//1148 1322//1153
f  1321//1149 1322//1153 1340//1148
f  1341//1151 1323//1154 1322//1150
f  1323//1154 1341//1151 1342//1155
f  1342//1156 1341//1152 1323//1157
f  1322//1153 1323//1157 1341//1152
f  1342//1155 1325//1158 1323//1154
f  1325//1158 1342//1155 1343//1159
f  1343//1160 1342//1156 1325//1161
f  1323//1157 1325//1161 1342//1156
f  1344//1162 1325//1158 1343//1159
f  1325//1158 1344//1162 1327//1162
f  1327//1163 1344//1163 1325//1161
f  1343//1160 1325//1161 1344//1163
f  1345//1164 1327//1162 1344//1162
f  1327//1162 1345//1164 1329//1165
f  1329//1166 1345//1167 1327//1163
f  1344//1163 1327//1163 1345//1167
f  1346//1168 1329//1165 1345//1164
f  1329//1165 1346//1168 1331//1169
f  1331//1170 1346//1171 1329//1166
f  1345//1167 1329//1166 1346//1171
f  1347//1172 1331//1169 1346//1168
f  1331//1169 1347//1172 1333//1172
f  1333//1173 1347//1173 1331//1170
f  1346//1171 1331//1170 1347//1173
f  1348//1174 1333//1172 1347//1172
f  1333//1172 1348//1174 1335//1174
f  1335//1175 1348//1176 1333//1173
f  1347//1173 1333//1173 1348//1176
f  1334//1177 1348//1174 1349//1178
f  1348//1174 1334//1177 1335//1174
f  1335//1175 1334//1179 1348//1176
f  1349//1180 1348//1176 1334//1179
f  1332//1181 1349//1178 1350//1182
f  1349//1178 1332//1181 1334//1177
f  1334//1179 1332//1183 1349//1180
f  1350//1184 1349//1180 1332//1183
f  1330//1185 1350//1182 1351//1185
f  1350//1182 1330//1185 1332//1181
f  1332//1183 1330//1186 1350//1184
f  1351//1186 1350//1184 1330//1186
f  1328//1187 1351//1185 1352//1187
f  1351//1185 1328//1187 1330//1185
f  1330//1186 1328//1188 1351//1186
f  1352//1188 1351//1186 1328//1188
f  1326//1189 1352//1187 1353//1190
f  1352//1187 1326//1189 1328//1187
f  1328//1188 1326//1191 1352//1188
f  1353//1192 1352//1188 1326//1191
f  1324//1193 1353//1190 1354//1193
f  1353//1190 1324//1193 1326//1189
f  1326//1191 1324//1194 1353//1192
f  1354//1194 1353//1192 1324//1194
f  1324//1193 1337//1079 1268//1079
f  1337//1079 1324//1193 1354//1193
f  1354//1194 1324//1194 1337//1081
f  1268//1081 1337//1081 1324//1194
f  1267//1080 1355//1195 1320//1196
f  1355//1195 1267//1080 1336//1080
f  1336//1082 1267//1082 1355//1197
f  1320//1198 1355//1197 1267//1082
f  1320//1196 1356//1199 1318//1200
f  1356//1199 1320//1196 1355//1195
f  1355//1197 1320//1198 1356//1201
f  1318//1201 1356//1201 1320//1198
f  1318//1200 1357//1202 1315//1203
f  1357//1202 1318//1200 1356//1199
f  1356//1201 1318//1201 1357//1204
f  1315//1205 1357//1204 1318//1201
f  1315//1203 1358//1206 1316//1207
f  1358//1206 1315//1203 1357//1202
f  1357//1204 1315//1205 1358//1208
f  1316//1209 1358//1208 1315//1205
f  1358//1206 1314//1210 1316//1207
f  1314//1210 1358//1206 1359//1211
f  1359//1212 1358//1208 1314//1213
f  1316//1209 1314//1213 1358//1208
f  1359//1211 1317//1140 1314//1210
f  1317//1140 1359//1211 1338//1140
f  1338//1144 1359//1212 1317//1144
f  1314//1213 1317//1144 1359//1212
f  197//150 1336//1214 1337//1215
f  1337//1216 1336//1217 197//151
f  1357//1218 1359//1218 1358//1218
f  1359//1219 1357//1219 1338//1219
f  1338//150 1357//150 1356//150
f  1338//150 1356//150 1339//150
f  1339//150 1356//150 1355//1220
f  1339//1221 1355//1221 1340//1221
f  1340//1222 1355//1220 1336//1222
f  1340//1221 1336//1223 1341//1223
f  1341//1224 1336//1222 1337//1224
f  1341//1224 1337//1224 1342//150
f  1342//150 1337//1224 1354//1225
f  1342//150 1354//1225 1343//150
f  1343//150 1354//1225 1353//1226
f  1343//1227 1353//1227 1344//1227
f  1344//1228 1353//1226 1352//1228
f  1344//1227 1352//1229 1345//1229
f  1345//1230 1352//1228 1351//1230
f  1345//1229 1351//1231 1346//1231
f  1346//1232 1351//1230 1350//1232
f  1346//1232 1350//1232 1347//150
f  1347//1233 1350//1232 1349//1233
f  1347//150 1349//150 1348//150
f  1348//151 1349//151 1347//151
f  1349//1234 1350//1234 1347//1234
f  1347//151 1350//151 1346//151
f  1350//151 1351//151 1346//151
f  1346//1235 1351//1235 1345//1235
f  1351//1236 1352//1236 1345//1236
f  1345//1235 1352//1237 1344//1237
f  1352//1236 1353//1238 1344//1238
f  1344//1237 1353//1239 1343//1239
f  1353//151 1354//151 1343//151
f  1343//151 1354//151 1342//151
f  1354//151 1337//151 1342//151
f  1342//151 1337//151 1341//151
f  1337//1240 1336//1240 1341//1240
f  1341//1241 1336//1241 1340//1241
f  1336//1240 1355//1242 1340//1242
f  1340//1241 1355//1243 1339//1243
f  1355//1242 1356//1244 1339//1244
f  1339//1243 1356//1245 1338//1245
f  1356//151 1357//151 1338//151
f  1338//1245 1357//1246 1359//1246
f  1358//1247 1359//1247 1357//1247
f  197//150 1339//1248 1338//1249
f  1338//1250 1339//1251 197//151
f  197//150 1340//1252 1339//1248
f  1339//1251 1340//1253 197//151
f  197//150 1341//1254 1340//1252
f  1340//1253 1341//1255 197//151
f  197//150 1342//1256 1341//1254
f  1341//1255 1342//1257 197//151
f  1343//1258 1342//1256 197//150
f  197//151 1342//1257 1343//1259
f  1344//1260 1343//1258 197//150
f  197//151 1343//1259 1344//1261
f  1345//1262 1344//1260 197//150
f  197//151 1344//1261 1345//1263
f  1346//1264 1345//1262 197//150
f  197//151 1345//1263 1346//1265
f  1347//1266 1346//1264 197//150
f  197//151 1346//1265 1347//1267
f  1348//1268 1347//1266 197//150
f  197//151 1347//1267 1348//1269
f  1348//1268 197//150 1349//1270
f  1349//1271 197//151 1348//1269
f  1349//1270 197//150 1350//1272
f  1350//1273 197//151 1349//1271
f  1350//1272 197//150 1351//1274
f  1351//1275 197//151 1350//1273
f  1351//1274 197//150 1352//1276
f  1352//1277 197//151 1351//1275
f  1352//1276 197//150 1353//1278
f  1353//1279 197//151 1352//1277
f  1353//1278 197//150 1354//1280
f  1354//1281 197//151 1353//1279
f  1354//1280 197//150 1337//1215
f  1337//1216 197//151 1354//1281
f  197//150 1355//1282 1336//1214
f  1336//1217 1355//1283 197//151
f  197//150 1356//1284 1355//1282
f  1355//1283 1356//1285 197//151
f  197//150 1357//1286 1356//1284
f  1356//1285 1357//1287 197//151
f  197//150 1358//1288 1357//1286
f  1357//1287 1358//1289 197//151
f  197//150 1359//1290 1358//1288
f  1358//1289 1359//1291 197//151
f  197//150 1338//1249 1359//1290
f  1359//1291 1338//1250 197//151
f  361//74 367//74 363//74
f  367//74 361//74 364//74
f  363//1316 360//1316 361//1316
f  362//1316 361//1316 360//1316
f  367//1317 364//1317 365//1317
f  366//1317 365//1317 364//1317
f  363//1318 367//1318 360//1318
f  365//1318 360//1318 367//1318
f  366//77 362//77 365//77
f  360//77 365//77 362//77
f  390//1319 395//1319 1360//1319
f  613//1319 1360//1319 395//1319
f  1360//77 1361//77 390//77
f  387//77 390//77 1361//77
f  613//1320 614//1320 1360//1320
f  1361//1320 1360//1320 614//1320
f  392//1321 387//1321 614//1321
f  1361//1321 614//1321 387//1321
f  394//77 1362//77 1363//77
f  395//77 392//77 394//77
f  394//77 392//77 1362//77
f  1362//77 392//77 1364//77
f  392//77 393//77 1364//77
f  1365//77 1364//77 393//77
f  1363//1322 391//1322 394//1322
f  389//1322 394//1322 391//1322
f  1365//77 1366//77 1364//77
f  386//1323 1365//1323 384//1323
f  393//1324 384//1323 1365//1323
f  1367//1325 1366//1325 386//1325
f  1365//1325 386//1325 1366//1325
f  1367//74 386//74 385//74
f  614//74 395//74 392//74
f  395//74 614//74 613//74
f  1368//74 1362//74 1363//74
f  1369//1326 1368//1326 391//1326
f  1363//1327 391//1326 1368//1326
f  388//77 1369//77 391//77
f  397//89 403//89 399//89
f  403//89 397//89 400//89
f  399//1328 396//1328 397//1328
f  398//1328 397//1328 396//1328
f  403//1329 400//1329 401//1329
f  402//1329 401//1329 400//1329
f  399//1330 403//1330 396//1330
f  401//1330 396//1330 403//1330
f  402//93 398//93 401//93
f  396//93 401//93 398//93
f  426//1331 431//1331 1370//1331
f  615//1331 1370//1331 431//1331
f  1370//93 1371//93 426//93
f  423//93 426//93 1371//93
f  615//1332 616//1332 1370//1332
f  1371//1332 1370//1332 616//1332
f  428//1333 423//1333 616//1333
f  1371//1333 616//1333 423//1333
f  430//93 1372//93 1373//93
f  431//93 428//93 430//93
f  430//93 428//93 1372//93
f  1372//93 428//93 1374//93
f  428//93 429//93 1374//93
f  1375//93 1374//93 429//93
f  1373//1334 427//1334 430//1334
f  425//1334 430//1334 427//1334
f  1375//93 1376//93 1374//93
f  422//1335 1375//1335 420//1335
f  429//1336 420//1335 1375//1335
f  1377//1337 1376//1337 422//1337
f  1375//1337 422//1337 1376//1337
f  1377//89 422//89 421//89
f  616//89 431//89 428//89
f  431//89 616//89 615//89
f  1378//89 1372//89 1373//89
f  1379//1338 1378//1338 427//1338
f  1373//1339 427//1338 1378//1338
f  424//93 1379//93 427//93
f  1380//774 1381//775 1382//774
f  1381//775 1380//774 1383//776
f  1383//777 1380//778 1381//779
f  1382//778 1381//779 1380//778
f  1384//780 1383//781 1380//782
f  1383//781 1384//780 1385//783
f  1385//784 1384//785 1383//786
f  1380//785 1383//786 1384//785
f  1386//787 1387//787 1388//787
f  1387//788 1386//788 1389//788
f  1387//787 1389//788 1390//151
f  1390//151 1389//788 1391//789
f  1390//151 1391//789 1392//151
f  1392//151 1391//789 1393//790
f  1392//151 1393//790 1380//151
f  1380//151 1393//790 1394//791
f  1380//151 1394//791 1383//151
f  1383//151 1394//791 1395//792
f  1383//151 1395//792 1396//151
f  1396//151 1395//792 1397//793
f  1396//151 1397//793 1398//151
f  1398//151 1397//793 1399//794
f  1398//151 1399//794 1400//151
f  1400//151 1399//794 1401//795
f  1400//151 1401//795 1402//796
f  1402//796 1401//795 1403//797
f  1402//796 1403//797 1404//151
f  1404//151 1403//797 1405//798
f  1404//151 1405//798 1406//151
f  1406//151 1405//798 1407//151
f  1407//150 1405//150 1406//150
f  1406//150 1405//150 1404//150
f  1405//150 1403//150 1404//150
f  1404//150 1403//150 1402//150
f  1403//150 1401//150 1402//150
f  1402//150 1401//150 1400//150
f  1401//150 1399//150 1400//150
f  1400//150 1399//150 1398//150
f  1399//150 1397//150 1398//150
f  1398//150 1397//150 1396//150
f  1397//150 1395//799 1396//150
f  1396//150 1395//799 1383//150
f  1395//799 1394//150 1383//150
f  1383//150 1394//150 1380//150
f  1394//150 1393//150 1380//150
f  1380//150 1393//150 1392//150
f  1393//150 1391//150 1392//150
f  1392//150 1391//150 1390//150
f  1391//150 1389//150 1390//150
f  1390//150 1389//150 1387//150
f  1389//150 1386//800 1387//150
f  1388//801 1387//801 1386//801
f  1383//776 1408//802 1381//775
f  1408//802 1383//776 1396//803
f  1396//804 1383//777 1408//805
f  1381//779 1408//805 1383//777
f  1382//806 1409//807 1410//806
f  1409//807 1382//806 1381//808
f  1381//809 1382//810 1409//811
f  1410//810 1409//811 1382//810
f  1411//812 1412//812 1413//812
f  1412//812 1411//812 1414//151
f  1412//812 1414//151 1415//151
f  1415//151 1414//151 1416//813
f  1415//151 1416//813 1417//151
f  1417//151 1416//813 1418//814
f  1417//151 1418//814 1382//151
f  1382//151 1418//814 1419//815
f  1382//151 1419//815 1381//151
f  1381//151 1419//815 1420//816
f  1381//151 1420//816 1408//151
f  1408//151 1420//816 1421//817
f  1408//151 1421//817 1422//151
f  1422//151 1421//817 1423//818
f  1422//151 1423//818 1424//151
f  1424//151 1423//818 1425//819
f  1424//151 1425//819 1426//151
f  1426//151 1425//819 1427//820
f  1426//151 1427//820 1428//151
f  1428//151 1427//820 1429//151
f  1428//151 1429//151 1430//151
f  1430//151 1429//151 1431//151
f  1431//150 1429//150 1430//150
f  1430//150 1429//150 1428//150
f  1429//150 1427//150 1428//150
f  1428//150 1427//150 1426//150
f  1427//150 1425//150 1426//150
f  1426//150 1425//150 1424//150
f  1425//150 1423//821 1424//150
f  1424//150 1423//821 1422//150
f  1423//821 1421//150 1422//150
f  1422//150 1421//150 1408//150
f  1421//150 1420//822 1408//150
f  1408//150 1420//822 1381//150
f  1420//822 1419//823 1381//150
f  1381//150 1419//823 1382//150
f  1419//823 1418//150 1382//150
f  1382//150 1418//150 1417//150
f  1418//150 1416//824 1417//150
f  1417//150 1416//824 1415//150
f  1416//824 1414//150 1415//150
f  1415//150 1414//150 1412//825
f  1414//150 1411//150 1412//825
f  1413//150 1412//825 1411//150
f  1392//826 1382//774 1417//827
f  1382//774 1392//826 1380//774
f  1380//778 1392//828 1382//778
f  1417//829 1382//778 1392//828
f  1385//830 1432//831 1384//831
f  1432//831 1385//830 1433//832
f  1433//833 1385//834 1432//835
f  1384//835 1432//835 1385//834
f  1434//151 1435//151 1436//151
f  1435//151 1434//151 1437//836
f  1435//151 1437//836 1438//151
f  1438//151 1437//836 1439//837
f  1438//151 1439//837 1440//151
f  1440//151 1439//837 1441//838
f  1440//151 1441//838 1384//151
f  1384//151 1441//838 1442//839
f  1384//151 1442//839 1385//151
f  1385//151 1442//839 1443//840
f  1385//151 1443//840 1444//151
f  1444//151 1443//840 1445//151
f  1444//151 1445//151 1446//151
f  1446//151 1445//151 1447//841
f  1446//151 1447//841 1448//151
f  1448//151 1447//841 1449//842
f  1448//151 1449//842 1450//843
f  1450//843 1449//842 1451//844
f  1450//843 1451//844 1452//845
f  1452//845 1451//844 1453//846
f  1452//845 1453//846 1454//847
f  1454//848 1453//846 1455//848
f  1455//150 1453//150 1454//150
f  1454//150 1453//150 1452//150
f  1453//150 1451//849 1452//150
f  1452//150 1451//850 1450//850
f  1451//850 1449//150 1450//850
f  1450//850 1449//150 1448//150
f  1449//150 1447//851 1448//150
f  1448//150 1447//851 1446//150
f  1447//851 1445//150 1446//150
f  1446//150 1445//150 1444//150
f  1445//150 1443//150 1444//150
f  1444//150 1443//150 1385//150
f  1443//150 1442//150 1385//150
f  1385//150 1442//150 1384//150
f  1442//150 1441//852 1384//150
f  1384//150 1441//852 1440//150
f  1441//852 1439//853 1440//150
f  1440//150 1439//853 1438//150
f  1439//853 1437//854 1438//150
f  1438//150 1437//854 1435//150
f  1437//854 1434//150 1435//150
f  1436//150 1435//150 1434//150
f  1385//783 1396//855 1383//781
f  1396//855 1385//783 1444//856
f  1444//857 1385//784 1396//858
f  1383//786 1396//858 1385//784
f  1440//859 1380//782 1392//860
f  1380//782 1440//859 1384//780
f  1384//785 1440//861 1380//785
f  1392//862 1380//785 1440//861
f  1419//863 1393//864 1418//865
f  1393//864 1419//863 1394//866
f  1394//867 1419//868 1393//869
f  1418//870 1393//869 1419//868
f  1394//871 1441//872 1393//872
f  1441//872 1394//871 1442//871
f  1442//873 1394//873 1441//874
f  1393//874 1441//874 1394//873
f  1420//875 1394//866 1419//863
f  1394//866 1420//875 1395//875
f  1395//876 1420//877 1394//867
f  1419//868 1394//867 1420//877
f  1395//878 1442//871 1394//871
f  1442//871 1395//878 1443//878
f  1443//879 1395//879 1442//873
f  1394//873 1442//873 1395//879
f  1421//880 1395//875 1420//875
f  1395//875 1421//880 1397//881
f  1397//882 1421//883 1395//876
f  1420//877 1395//876 1421//883
f  1397//884 1443//878 1395//878
f  1443//878 1397//884 1445//885
f  1445//886 1397//886 1443//879
f  1395//879 1443//879 1397//886
f  1421//880 1399//887 1397//881
f  1399//887 1421//880 1423//888
f  1423//889 1421//883 1399//890
f  1397//882 1399//890 1421//883
f  1397//884 1447//891 1445//885
f  1447//891 1397//884 1399//891
f  1399//892 1397//886 1447//892
f  1445//886 1447//892 1397//886
f  1423//888 1401//893 1399//887
f  1401//893 1423//888 1425//893
f  1425//894 1423//889 1401//894
f  1399//890 1401//894 1423//889
f  1399//891 1449//895 1447//891
f  1449//895 1399//891 1401//895
f  1401//896 1399//892 1449//896
f  1447//892 1449//896 1399//892
f  1425//893 1403//897 1401//893
f  1403//897 1425//893 1427//898
f  1427//899 1425//894 1403//900
f  1401//894 1403//900 1425//894
f  1401//895 1451//901 1449//895
f  1451//901 1401//895 1403//901
f  1403//902 1401//896 1451//902
f  1449//896 1451//902 1401//896
f  1403//901 1453//903 1451//901
f  1453//903 1403//901 1405//903
f  1405//904 1403//902 1453//904
f  1451//902 1453//904 1403//902
f  1427//898 1405//905 1403//897
f  1405//905 1427//898 1429//905
f  1429//906 1427//899 1405//906
f  1403//900 1405//906 1427//899
f  1405//903 1455//907 1453//903
f  1455//907 1405//903 1407//907
f  1407//908 1405//904 1455//908
f  1453//904 1455//908 1405//904
f  1429//905 1407//909 1405//905
f  1407//909 1429//905 1431//909
f  1431//910 1429//906 1407//910
f  1405//906 1407//910 1429//906
f  1455//907 1406//911 1454//911
f  1406//911 1455//907 1407//907
f  1407//908 1455//908 1406//912
f  1454//912 1406//912 1455//908
f  1407//909 1430//913 1406//913
f  1430//913 1407//909 1431//909
f  1431//910 1407//910 1430//914
f  1406//914 1430//914 1407//910
f  1454//911 1404//915 1452//915
f  1404//915 1454//911 1406//911
f  1406//912 1454//912 1404//916
f  1452//916 1404//916 1454//912
f  1406//913 1428//917 1404//917
f  1428//917 1406//913 1430//913
f  1430//914 1406//914 1428//918
f  1404//918 1428//918 1406//914
f  1452//915 1402//919 1450//919
f  1402//919 1452//915 1404//915
f  1404//916 1452//916 1402//920
f  1450//920 1402//920 1452//916
f  1404//917 1426//921 1402//921
f  1426//921 1404//917 1428//917
f  1428//918 1404//918 1426//922
f  1402//922 1426//922 1404//918
f  1450//919 1400//923 1448//924
f  1400//923 1450//919 1402//919
f  1402//920 1450//920 1400//925
f  1448//926 1400//925 1450//920
f  1402//921 1424//927 1400//928
f  1424//927 1402//921 1426//921
f  1426//922 1402//922 1424//929
f  1400//930 1424//929 1402//922
f  1448//924 1398//931 1446//931
f  1398//931 1448//924 1400//923
f  1400//925 1448//926 1398//932
f  1446//932 1398//932 1448//926
f  1400//928 1422//933 1398//934
f  1422//933 1400//928 1424//927
f  1424//929 1400//930 1422//935
f  1398//936 1422//935 1400//930
f  1398//934 1408//802 1396//803
f  1408//802 1398//934 1422//933
f  1422//935 1398//936 1408//805
f  1396//804 1408//805 1398//936
f  1446//931 1396//855 1444//856
f  1396//855 1446//931 1398//931
f  1398//932 1446//932 1396//858
f  1444//857 1396//858 1446//932
f  1438//937 1392//860 1390//937
f  1392//860 1438//937 1440//859
f  1440//861 1438//938 1392//862
f  1390//938 1392//862 1438//938
f  1390//939 1417//827 1415//940
f  1417//827 1390//939 1392//826
f  1392//828 1390//941 1417//829
f  1415//942 1417//829 1390//941
f  1435//943 1390//937 1387//944
f  1390//937 1435//943 1438//937
f  1438//938 1435//945 1390//938
f  1387//946 1390//938 1435//945
f  1387//947 1415//940 1412//947
f  1415//940 1387//947 1390//939
f  1390//941 1387//948 1415//942
f  1412//948 1415//942 1387//948
f  1388//949 1412//947 1413//950
f  1412//947 1388//949 1387//947
f  1387//948 1388//951 1412//948
f  1413//952 1412//948 1388//951
f  1436//953 1387//944 1388//953
f  1387//944 1436//953 1435//943
f  1435//945 1436//954 1387//946
f  1388//954 1387//946 1436//954
f  1386//955 1436//953 1388//953
f  1436//953 1386//955 1434//955
f  1434//956 1386//956 1436//954
f  1388//954 1436//954 1386//956
f  1411//957 1388//949 1413//950
f  1388//949 1411//957 1386//958
f  1386//959 1411//960 1388//951
f  1413//952 1388//951 1411//960
f  1389//961 1434//955 1386//955
f  1434//955 1389//961 1437//961
f  1437//962 1389//962 1434//956
f  1386//956 1434//956 1389//962
f  1414//963 1386//958 1411//957
f  1386//958 1414//963 1389//963
f  1389//964 1414//965 1386//959
f  1411//960 1386//959 1414//965
f  1391//966 1437//961 1389//961
f  1437//961 1391//966 1439//967
f  1439//968 1391//969 1437//962
f  1389//962 1437//962 1391//969
f  1416//970 1389//963 1414//963
f  1389//963 1416//970 1391//971
f  1391//972 1416//973 1389//964
f  1414//965 1389//964 1416//973
f  1393//872 1439//967 1391//966
f  1439//967 1393//872 1441//872
f  1441//874 1393//874 1439//968
f  1391//969 1439//968 1393//874
f  1418//865 1391//971 1416//970
f  1391//971 1418//865 1393//864
f  1393//869 1418//870 1391//972
f  1416//973 1391//972 1418//870
f  1381//808 1456//974 1409//807
f  1456//974 1381//808 1408//974
f  1408//975 1381//809 1456//975
f  1409//811 1456//975 1381//809
f  1457//976 1458//976 1459//976
f  1458//976 1457//976 1460//150
f  1460//150 1457//976 1461//150
f  1460//150 1461//150 1462//150
f  1462//150 1461//150 1463//150
f  1462//977 1463//977 36//977
f  36//978 1463//978 1410//978
f  36//979 1410//979 1464//979
f  1464//980 1410//980 1465//980
f  1465//980 1410//980 1409//150
f  1465//980 1409//150 1466//150
f  1466//150 1409//150 1467//150
f  1467//150 1409//150 1456//981
f  1467//150 1456//981 1468//150
f  1468//150 1456//981 1469//150
f  1468//150 1469//150 1470//150
f  1470//150 1469//150 1471//982
f  1470//150 1471//982 1472//150
f  1472//150 1471//982 1473//983
f  1472//150 1473//983 1474//150
f  1474//150 1473//983 1475//984
f  1474//150 1475//984 1476//150
f  1476//150 1475//984 1477//150
f  1476//150 1477//150 1478//985
f  1478//151 1477//151 1476//151
f  1477//151 1475//151 1476//151
f  1476//151 1475//151 1474//151
f  1475//151 1473//151 1474//151
f  1474//151 1473//151 1472//151
f  1473//151 1471//151 1472//151
f  1472//151 1471//151 1470//151
f  1471//151 1469//986 1470//151
f  1470//151 1469//986 1468//151
f  1469//986 1456//151 1468//151
f  1468//151 1456//151 1467//151
f  1456//151 1409//151 1467//151
f  1467//151 1409//151 1466//151
f  1466//151 1409//151 1465//151
f  1409//151 1410//151 1465//151
f  1465//151 1410//151 1464//987
f  1464//988 1410//988 36//988
f  1410//989 1463//989 36//989
f  36//990 1463//990 1462//990
f  1463//151 1461//151 1462//151
f  1462//151 1461//151 1460//151
f  1461//151 1457//151 1460//151
f  1460//151 1457//151 1458//151
f  1459//151 1458//151 1457//151
f  1417//991 1410//806 1463//992
f  1410//806 1417//991 1382//806
f  1382//810 1417//993 1410//810
f  1463//994 1410//810 1417//993
f  36//995 1416//996 1462//997
f  1416//996 36//995 1418//998
f  1418//998 36//995 1464//999
f  1464//1000 36//1001 1418//1002
f  1418//1002 36//1001 1416//1003
f  1462//1004 1416//1003 36//1001
f  1419//1005 1464//999 1465//1006
f  1464//999 1419//1005 1418//998
f  1418//1002 1419//1007 1464//1000
f  1465//1008 1464//1000 1419//1007
f  1420//1009 1466//1010 1467//1009
f  1466//1010 1420//1009 1465//1006
f  1465//1006 1420//1009 1419//1005
f  1419//1007 1420//1011 1465//1008
f  1465//1008 1420//1011 1466//1012
f  1467//1013 1466//1012 1420//1011
f  1468//1014 1420//1009 1467//1009
f  1420//1009 1468//1014 1421//1014
f  1421//1015 1468//1016 1420//1011
f  1467//1013 1420//1011 1468//1016
f  1470//1017 1421//1014 1468//1014
f  1421//1014 1470//1017 1423//1017
f  1423//1018 1470//1019 1421//1015
f  1468//1016 1421//1015 1470//1019
f  1472//1020 1423//1017 1470//1017
f  1423//1017 1472//1020 1425//1020
f  1425//1021 1472//1021 1423//1018
f  1470//1019 1423//1018 1472//1021
f  1472//1020 1427//1022 1425//1020
f  1427//1022 1472//1020 1474//1022
f  1474//1023 1472//1021 1427//1023
f  1425//1021 1427//1023 1472//1021
f  1427//1022 1476//1024 1429//1024
f  1476//1024 1427//1022 1474//1022
f  1474//1023 1427//1023 1476//1025
f  1429//1025 1476//1025 1427//1023
f  1429//1024 1478//1026 1431//1026
f  1478//1026 1429//1024 1476//1024
f  1476//1025 1429//1025 1478//1027
f  1431//1027 1478//1027 1429//1025
f  1430//1028 1478//1026 1477//1029
f  1478//1026 1430//1028 1431//1026
f  1431//1027 1430//1030 1478//1027
f  1477//1031 1478//1027 1430//1030
f  1428//1032 1477//1029 1475//1032
f  1477//1029 1428//1032 1430//1028
f  1430//1030 1428//1033 1477//1031
f  1475//1033 1477//1031 1428//1033
f  1426//1034 1475//1032 1473//1035
f  1475//1032 1426//1034 1428//1032
f  1428//1033 1426//1036 1475//1033
f  1473//1037 1475//1033 1426//1036
f  1426//1034 1471//1038 1424//1038
f  1471//1038 1426//1034 1473//1035
f  1473//1037 1426//1036 1471//1039
f  1424//1039 1471//1039 1426//1036
f  1469//1040 1424//1038 1471//1038
f  1424//1038 1469//1040 1422//1040
f  1422//1041 1469//1041 1424//1039
f  1471//1039 1424//1039 1469//1041
f  1456//974 1422//1040 1469//1040
f  1422//1040 1456//974 1408//974
f  1408//975 1456//975 1422//1041
f  1469//1041 1422//1041 1456//975
f  1415//1042 1463//992 1461//1042
f  1463//992 1415//1042 1417//991
f  1417//993 1415//1043 1463//994
f  1461//1043 1463//994 1415//1043
f  1457//1044 1415//1042 1461//1042
f  1415//1042 1457//1044 1412//1045
f  1412//1046 1457//1047 1415//1043
f  1461//1043 1415//1043 1457//1047
f  1459//1048 1412//1045 1457//1044
f  1412//1045 1459//1048 1413//1048
f  1413//1049 1459//1049 1412//1046
f  1457//1047 1412//1046 1459//1049
f  1458//1050 1413//1048 1459//1048
f  1413//1048 1458//1050 1411//1051
f  1411//1052 1458//1053 1413//1049
f  1459//1049 1413//1049 1458//1053
f  1458//1050 1414//1054 1411//1051
f  1414//1054 1458//1050 1460//1055
f  1460//1056 1458//1053 1414//1057
f  1411//1052 1414//1057 1458//1053
f  1460//1055 1416//996 1414//1054
f  1416//996 1460//1055 1462//997
f  1462//1004 1460//1056 1416//1003
f  1414//1057 1416//1003 1460//1056
f  1479//1058 1480//1058 1481//1058
f  1480//1059 1479//1059 1482//1059
f  1480//1059 1482//1059 1483//151
f  1483//151 1482//1059 1484//151
f  1483//151 1484//151 1485//1060
f  1485//1060 1484//151 1486//1061
f  1485//1060 1486//1062 1432//1062
f  1432//1062 1486//1062 1487//1063
f  1432//1062 1487//1063 1433//151
f  1433//151 1487//1063 1488//1064
f  1433//151 1488//1064 1489//151
f  1489//151 1488//1064 1490//1065
f  1489//151 1490//1065 1491//151
f  1491//151 1490//1065 1492//1066
f  1491//151 1492//1066 1493//151
f  1493//151 1492//1066 1494//1067
f  1493//151 1494//1067 1495//151
f  1495//151 1494//1067 1496//1068
f  1495//151 1496//1069 1497//1069
f  1497//1070 1496//1068 1498//1070
f  1497//1069 1498//1071 1499//1071
f  1499//1072 1498//1072 1500//1072
f  1500//150 1498//150 1499//150
f  1499//1073 1498//1073 1497//1073
f  1498//1074 1496//1074 1497//1074
f  1497//1073 1496//1075 1495//1075
f  1496//1075 1494//150 1495//1075
f  1495//1075 1494//150 1493//150
f  1494//150 1492//150 1493//150
f  1493//150 1492//150 1491//150
f  1492//150 1490//1076 1491//150
f  1491//150 1490//1076 1489//150
f  1490//1076 1488//150 1489//150
f  1489//150 1488//150 1433//150
f  1488//150 1487//150 1433//150
f  1433//150 1487//150 1432//150
f  1487//150 1486//150 1432//150
f  1432//150 1486//150 1485//1077
f  1486//150 1484//1078 1485//1077
f  1485//1077 1484//1078 1483//150
f  1484//1078 1482//150 1483//150
f  1483//150 1482//150 1480//150
f  1482//150 1479//150 1480//150
f  1481//150 1480//150 1479//150
f  1433//1079 1501//1080 1432//1080
f  1501//1080 1433//1079 1502//1079
f  1502//1081 1433//1081 1501//1082
f  1432//1082 1501//1082 1433//1081
f  1384//831 1485//1083 1440//1083
f  1485//1083 1384//831 1432//831
f  1432//835 1384//835 1485//1084
f  1440//1084 1485//1084 1384//835
f  1444//1085 1433//832 1385//830
f  1433//832 1444//1085 1489//1085
f  1489//1086 1444//1086 1433//833
f  1385//834 1433//833 1444//1086
f  1487//1087 1443//1088 1442//1089
f  1443//1088 1487//1087 1488//1088
f  1488//1090 1487//1091 1443//1090
f  1442//1092 1443//1090 1487//1091
f  1488//1088 1445//1093 1443//1088
f  1445//1093 1488//1088 1490//1094
f  1490//1095 1488//1090 1445//1096
f  1443//1090 1445//1096 1488//1090
f  1492//1097 1445//1093 1490//1094
f  1445//1093 1492//1097 1447//1097
f  1447//1098 1492//1098 1445//1096
f  1490//1095 1445//1096 1492//1098
f  1494//1099 1447//1097 1492//1097
f  1447//1097 1494//1099 1449//1100
f  1449//1101 1494//1102 1447//1098
f  1492//1098 1447//1098 1494//1102
f  1496//1103 1449//1100 1494//1099
f  1449//1100 1496//1103 1451//1103
f  1451//1104 1496//1104 1449//1101
f  1494//1102 1449//1101 1496//1104
f  1498//1105 1451//1103 1496//1103
f  1451//1103 1498//1105 1453//1105
f  1453//1106 1498//1106 1451//1104
f  1496//1104 1451//1104 1498//1106
f  1500//1107 1453//1105 1498//1105
f  1453//1105 1500//1107 1455//1107
f  1455//1108 1500//1108 1453//1106
f  1498//1106 1453//1106 1500//1108
f  1454//1109 1500//1107 1499//1109
f  1500//1107 1454//1109 1455//1107
f  1455//1108 1454//1110 1500//1108
f  1499//1110 1500//1108 1454//1110
f  1452//1111 1499//1109 1497//1112
f  1499//1109 1452//1111 1454//1109
f  1454//1110 1452//1113 1499//1110
f  1497//1114 1499//1110 1452//1113
f  1450//1115 1497//1112 1495//1115
f  1497//1112 1450//1115 1452//1111
f  1452//1113 1450//1116 1497//1114
f  1495//1116 1497//1114 1450//1116
f  1448//1117 1495//1115 1493//1117
f  1495//1115 1448//1117 1450//1115
f  1450//1116 1448//1118 1495//1116
f  1493//1118 1495//1116 1448//1118
f  1446//1119 1493//1117 1491//1119
f  1493//1117 1446//1119 1448//1117
f  1448//1118 1446//1120 1493//1118
f  1491//1120 1493//1118 1446//1120
f  1444//1085 1491//1119 1489//1085
f  1491//1119 1444//1085 1446//1119
f  1446//1120 1444//1086 1491//1120
f  1489//1086 1491//1120 1444//1086
f  1440//1083 1483//1121 1438//1121
f  1483//1121 1440//1083 1485//1083
f  1485//1084 1440//1084 1483//1122
f  1438//1122 1483//1122 1440//1084
f  1438//1121 1480//1123 1435//1124
f  1480//1123 1438//1121 1483//1121
f  1483//1122 1438//1122 1480//1125
f  1435//1125 1480//1125 1438//1122
f  1435//1124 1481//1126 1436//1127
f  1481//1126 1435//1124 1480//1123
f  1480//1125 1435//1125 1481//1128
f  1436//1129 1481//1128 1435//1125
f  1481//1126 1434//1130 1436//1127
f  1434//1130 1481//1126 1479//1131
f  1479//1132 1481//1128 1434//1133
f  1436//1129 1434//1133 1481//1128
f  1437//1134 1479//1132 1434//1133
f  1479//1132 1437//1134 1482//1134
f  1482//1135 1437//1135 1479//1131
f  1434//1130 1479//1131 1437//1135
f  1439//1136 1482//1134 1437//1134
f  1482//1134 1439//1136 1484//1136
f  1484//1137 1439//1137 1482//1135
f  1437//1135 1482//1135 1439//1137
f  1484//1137 1441//1138 1439//1137
f  1441//1138 1484//1137 1486//1138
f  1486//1139 1484//1136 1441//1139
f  1439//1136 1441//1139 1484//1136
f  1486//1138 1442//1089 1441//1138
f  1442//1089 1486//1138 1487//1087
f  1487//1091 1486//1139 1442//1092
f  1441//1139 1442//1092 1486//1139
f  1503//1140 1484//1141 1482//1140
f  1484//1141 1503//1140 1504//1142
f  1504//1143 1503//1144 1484//1145
f  1482//1144 1484//1145 1503//1144
f  1504//1142 1486//1146 1484//1141
f  1486//1146 1504//1142 1505//1147
f  1505//1148 1504//1143 1486//1149
f  1484//1145 1486//1149 1504//1143
f  1505//1147 1487//1150 1486//1146
f  1487//1150 1505//1147 1506//1151
f  1506//1152 1505//1148 1487//1153
f  1486//1149 1487//1153 1505//1148
f  1506//1151 1488//1154 1487//1150
f  1488//1154 1506//1151 1507//1155
f  1507//1156 1506//1152 1488//1157
f  1487//1153 1488//1157 1506//1152
f  1507//1155 1490//1158 1488//1154
f  1490//1158 1507//1155 1508//1159
f  1508//1160 1507//1156 1490//1161
f  1488//1157 1490//1161 1507//1156
f  1509//1162 1490//1158 1508//1159
f  1490//1158 1509//1162 1492//1162
f  1492//1163 1509//1163 1490//1161
f  1508//1160 1490//1161 1509//1163
f  1510//1164 1492//1162 1509//1162
f  1492//1162 1510//1164 1494//1165
f  1494//1166 1510//1167 1492//1163
f  1509//1163 1492//1163 1510//1167
f  1511//1168 1494//1165 1510//1164
f  1494//1165 1511//1168 1496//1169
f  1496//1170 1511//1171 1494//1166
f  1510//1167 1494//1166 1511//1171
f  1512//1172 1496//1169 1511//1168
f  1496//1169 1512//1172 1498//1172
f  1498//1173 1512//1173 1496//1170
f  1511//1171 1496//1170 1512//1173
f  1513//1174 1498//1172 1512//1172
f  1498//1172 1513//1174 1500//1174
f  1500//1175 1513//1176 1498//1173
f  1512//1173 1498//1173 1513//1176
f  1499//1177 1513//1174 1514//1178
f  1513//1174 1499//1177 1500//1174
f  1500//1175 1499//1179 1513//1176
f  1514//1180 1513//1176 1499//1179
f  1497//1181 1514//1178 1515//1182
f  1514//1178 1497//1181 1499//1177
f  1499//1179 1497//1183 1514//1180
f  1515//1184 1514//1180 1497//1183
f  1495//1185 1515//1182 1516//1185
f  1515//1182 1495//1185 1497//1181
f  1497//1183 1495//1186 1515//1184
f  1516//1186 1515//1184 1495//1186
f  1493//1187 1516//1185 1517//1187
f  1516//1185 1493//1187 1495//1185
f  1495//1186 1493//1188 1516//1186
f  1517//1188 1516//1186 1493//1188
f  1491//1189 1517//1187 1518//1190
f  1517//1187 1491//1189 1493//1187
f  1493//1188 1491//1191 1517//1188
f  1518//1192 1517//1188 1491//1191
f  1489//1193 1518//1190 1519//1193
f  1518//1190 1489//1193 1491//1189
f  1491//1191 1489//1194 1518//1192
f  1519//1194 1518//1192 1489//1194
f  1489//1193 1502//1079 1433//1079
f  1502//1079 1489//1193 1519//1193
f  1519//1194 1489//1194 1502//1081
f  1433//1081 1502//1081 1489//1194
f  1432//1080 1520//1195 1485//1196
f  1520//1195 1432//1080 1501//1080
f  1501//1082 1432//1082 1520//1197
f  1485//1198 1520//1197 1432//1082
f  1485//1196 1521//1199 1483//1200
f  1521//1199 1485//1196 1520//1195
f  1520//1197 1485//1198 1521//1201
f  1483//1201 1521//1201 1485//1198
f  1483//1200 1522//1202 1480//1203
f  1522//1202 1483//1200 1521//1199
f  1521//1201 1483//1201 1522//1204
f  1480//1205 1522//1204 1483//1201
f  1480//1203 1523//1206 1481//1207
f  1523//1206 1480//1203 1522//1202
f  1522//1204 1480//1205 1523//1208
f  1481//1209 1523//1208 1480//1205
f  1523//1206 1479//1210 1481//1207
f  1479//1210 1523//1206 1524//1211
f  1524//1212 1523//1208 1479//1213
f  1481//1209 1479//1213 1523//1208
f  1524//1211 1482//1140 1479//1210
f  1482//1140 1524//1211 1503//1140
f  1503//1144 1524//1212 1482//1144
f  1479//1213 1482//1144 1524//1212
f  199//150 1501//1214 1502//1215
f  1502//1216 1501//1217 199//151
f  1522//1218 1524//1218 1523//1218
f  1524//1219 1522//1219 1503//1219
f  1503//150 1522//150 1521//150
f  1503//150 1521//150 1504//150
f  1504//150 1521//150 1520//1220
f  1504//1221 1520//1221 1505//1221
f  1505//1222 1520//1220 1501//1222
f  1505//1221 1501//1223 1506//1223
f  1506//1224 1501//1222 1502//1224
f  1506//1224 1502//1224 1507//150
f  1507//150 1502//1224 1519//1225
f  1507//150 1519//1225 1508//150
f  1508//150 1519//1225 1518//1226
f  1508//1227 1518//1227 1509//1227
f  1509//1228 1518//1226 1517//1228
f  1509//1227 1517//1229 1510//1229
f  1510//1230 1517//1228 1516//1230
f  1510//1229 1516//1231 1511//1231
f  1511//1232 1516//1230 1515//1232
f  1511//1232 1515//1232 1512//150
f  1512//1233 1515//1232 1514//1233
f  1512//150 1514//150 1513//150
f  1513//151 1514//151 1512//151
f  1514//1234 1515//1234 1512//1234
f  1512//151 1515//151 1511//151
f  1515//151 1516//151 1511//151
f  1511//1235 1516//1235 1510//1235
f  1516//1236 1517//1236 1510//1236
f  1510//1235 1517//1237 1509//1237
f  1517//1236 1518//1238 1509//1238
f  1509//1237 1518//1239 1508//1239
f  1518//151 1519//151 1508//151
f  1508//151 1519//151 1507//151
f  1519//151 1502//151 1507//151
f  1507//151 1502//151 1506//151
f  1502//1240 1501//1240 1506//1240
f  1506//1241 1501//1241 1505//1241
f  1501//1240 1520//1242 1505//1242
f  1505//1241 1520//1243 1504//1243
f  1520//1242 1521//1244 1504//1244
f  1504//1243 1521//1245 1503//1245
f  1521//151 1522//151 1503//151
f  1503//1245 1522//1246 1524//1246
f  1523//1247 1524//1247 1522//1247
f  199//150 1504//1248 1503//1249
f  1503//1250 1504//1251 199//151
f  199//150 1505//1252 1504//1248
f  1504//1251 1505//1253 199//151
f  199//150 1506//1254 1505//1252
f  1505//1253 1506//1255 199//151
f  199//150 1507//1256 1506//1254
f  1506//1255 1507//1257 199//151
f  1508//1258 1507//1256 199//150
f  199//151 1507//1257 1508//1259
f  1509//1260 1508//1258 199//150
f  199//151 1508//1259 1509//1261
f  1510//1262 1509//1260 199//150
f  199//151 1509//1261 1510//1263
f  1511//1264 1510//1262 199//150
f  199//151 1510//1263 1511//1265
f  1512//1266 1511//1264 199//150
f  199//151 1511//1265 1512//1267
f  1513//1268 1512//1266 199//150
f  199//151 1512//1267 1513//1269
f  1513//1268 199//150 1514//1270
f  1514//1271 199//151 1513//1269
f  1514//1270 199//150 1515//1272
f  1515//1273 199//151 1514//1271
f  1515//1272 199//150 1516//1274
f  1516//1275 199//151 1515//1273
f  1516//1274 199//150 1517//1276
f  1517//1277 199//151 1516//1275
f  1517//1276 199//150 1518//1278
f  1518//1279 199//151 1517//1277
f  1518//1278 199//150 1519//1280
f  1519//1281 199//151 1518//1279
f  1519//1280 199//150 1502//1215
f  1502//1216 199//151 1519//1281
f  199//150 1520//1282 1501//1214
f  1501//1217 1520//1283 199//151
f  199//150 1521//1284 1520//1282
f  1520//1283 1521//1285 199//151
f  199//150 1522//1286 1521//1284
f  1521//1285 1522//1287 199//151
f  199//150 1523//1288 1522//1286
f  1522//1287 1523//1289 199//151
f  199//150 1524//1290 1523//1288
f  1523//1289 1524//1291 199//151
f  199//150 1503//1249 1524//1290
f  1524//1291 1503//1250 199//151
f  437//105 443//105 439//105
f  443//105 437//105 440//105
f  439//1340 436//1340 437//1340
f  438//1340 437//1340 436//1340
f  443//1341 440//1341 441//1341
f  442//1341 441//1341 440//1341
f  439//1342 443//1342 436//1342
f  441//1342 436//1342 443//1342
f  442//109 438//109 441//109
f  436//109 441//109 438//109
f  466//1343 471//1343 1525//1343
f  617//1343 1525//1343 471//1343
f  1525//109 1526//109 466//109
f  463//109 466//109 1526//109
f  617//1344 618//1344 1525//1344
f  1526//1344 1525//1344 618//1344
f  468//1345 463//1345 618//1345
f  1526//1345 618//1345 463//1345
f  470//109 1527//109 1528//109
f  471//109 468//109 470//109
f  470//109 468//109 1527//109
f  1527//109 468//109 1529//109
f  468//109 469//109 1529//109
f  1530//109 1529//109 469//109
f  1528//1346 467//1346 470//1346
f  465//1346 470//1346 467//1346
f  1530//109 1531//109 1529//109
f  462//1347 1530//1347 460//1347
f  469//1348 460//1347 1530//1347
f  1532//1349 1531//1349 462//1349
f  1530//1349 462//1349 1531//1349
f  1532//105 462//105 461//105
f  618//105 471//105 468//105
f  471//105 618//105 617//105
f  1533//105 1527//105 1528//105
f  1534//1350 1533//1350 467//1350
f  1528//1351 467//1350 1533//1350
f  464//109 1534//109 467//109
f  473//121 479//121 475//121
f  479//121 473//121 476//121
f  475//1352 472//1352 473//1352
f  474//1352 473//1352 472//1352
f  479//1353 476//1353 477//1353
f  478//1353 477//1353 476//1353
f  475//1354 479//1354 472//1354
f  477//1354 472//1354 479//1354
f  478//125 474//125 477//125
f  472//125 477//125 474//125
f  502//1355 507//1355 1535//1355
f  619//1355 1535//1355 507//1355
f  1535//125 1536//125 502//125
f  499//125 502//125 1536//125
f  619//1356 620//1356 1535//1356
f  1536//1356 1535//1356 620//1356
f  504//1357 499//1357 620//1357
f  1536//1357 620//1357 499//1357
f  506//125 1537//125 1538//125
f  507//125 504//125 506//125
f  506//125 504//125 1537//125
f  1537//125 504//125 1539//125
f  504//125 505//125 1539//125
f  1540//125 1539//125 505//125
f  1538//1358 503//1358 506//1358
f  501//1358 506//1358 503//1358
f  1540//125 1541//125 1539//125
f  498//1359 1540//1359 496//1359
f  505//1360 496//1359 1540//1359
f  1542//1361 1541//1361 498//1361
f  1540//1361 498//1361 1541//1361
f  1542//121 498//121 497//121
f  620//121 507//121 504//121
f  507//121 620//121 619//121
f  1543//121 1537//121 1538//121
f  1544//1362 1543//1362 503//1362
f  1538//1363 503//1362 1543//1362
f  500//125 1544//125 503//125
f  1545//774 1546//775 1547//774
f  1546//775 1545//774 1548//776
f  1548//777 1545//778 1546//779
f  1547//778 1546//779 1545//778
f  1549//780 1548//781 1545//782
f  1548//781 1549//780 1550//783
f  1550//784 1549//785 1548//786
f  1545//785 1548//786 1549//785
f  1551//787 1552//787 1553//787
f  1552//788 1551//788 1554//788
f  1552//787 1554//788 1555//151
f  1555//151 1554//788 1556//789
f  1555//151 1556//789 1557//151
f  1557//151 1556//789 1558//790
f  1557//151 1558//790 1545//151
f  1545//151 1558//790 1559//791
f  1545//151 1559//791 1548//151
f  1548//151 1559//791 1560//792
f  1548//151 1560//792 1561//151
f  1561//151 1560//792 1562//793
f  1561//151 1562//793 1563//151
f  1563//151 1562//793 1564//794
f  1563//151 1564//794 1565//151
f  1565//151 1564//794 1566//795
f  1565//151 1566//795 1567//796
f  1567//796 1566//795 1568//797
f  1567//796 1568//797 1569//151
f  1569//151 1568//797 1570//798
f  1569//151 1570//798 1571//151
f  1571//151 1570//798 1572//151
f  1572//150 1570//150 1571//150
f  1571//150 1570//150 1569//150
f  1570//150 1568//150 1569//150
f  1569//150 1568//150 1567//150
f  1568//150 1566//150 1567//150
f  1567//150 1566//150 1565//150
f  1566//150 1564//150 1565//150
f  1565//150 1564//150 1563//150
f  1564//150 1562//150 1563//150
f  1563//150 1562//150 1561//150
f  1562//150 1560//799 1561//150
f  1561//150 1560//799 1548//150
f  1560//799 1559//150 1548//150
f  1548//150 1559//150 1545//150
f  1559//150 1558//150 1545//150
f  1545//150 1558//150 1557//150
f  1558//150 1556//150 1557//150
f  1557//150 1556//150 1555//150
f  1556//150 1554//150 1555//150
f  1555//150 1554//150 1552//150
f  1554//150 1551//800 1552//150
f  1553//801 1552//801 1551//801
f  1548//776 1573//802 1546//775
f  1573//802 1548//776 1561//803
f  1561//804 1548//777 1573//805
f  1546//779 1573//805 1548//777
f  1547//806 1574//807 1575//806
f  1574//807 1547//806 1546//808
f  1546//809 1547//810 1574//811
f  1575//810 1574//811 1547//810
f  1576//812 1577//812 1578//812
f  1577//812 1576//812 1579//151
f  1577//812 1579//151 1580//151
f  1580//151 1579//151 1581//813
f  1580//151 1581//813 1582//151
f  1582//151 1581//813 1583//814
f  1582//151 1583//814 1547//151
f  1547//151 1583//814 1584//815
f  1547//151 1584//815 1546//151
f  1546//151 1584//815 1585//816
f  1546//151 1585//816 1573//151
f  1573//151 1585//816 1586//817
f  1573//151 1586//817 1587//151
f  1587//151 1586//817 1588//818
f  1587//151 1588//818 1589//151
f  1589//151 1588//818 1590//819
f  1589//151 1590//819 1591//151
f  1591//151 1590//819 1592//820
f  1591//151 1592//820 1593//151
f  1593//151 1592//820 1594//151
f  1593//151 1594//151 1595//151
f  1595//151 1594//151 1596//151
f  1596//150 1594//150 1595//150
f  1595//150 1594//150 1593//150
f  1594//150 1592//150 1593//150
f  1593//150 1592//150 1591//150
f  1592//150 1590//150 1591//150
f  1591//150 1590//150 1589//150
f  1590//150 1588//821 1589//150
f  1589//150 1588//821 1587//150
f  1588//821 1586//150 1587//150
f  1587//150 1586//150 1573//150
f  1586//150 1585//822 1573//150
f  1573//150 1585//822 1546//150
f  1585//822 1584//823 1546//150
f  1546//150 1584//823 1547//150
f  1584//823 1583//150 1547//150
f  1547//150 1583//150 1582//150
f  1583//150 1581//824 1582//150
f  1582//150 1581//824 1580//150
f  1581//824 1579//150 1580//150
f  1580//150 1579//150 1577//825
f  1579//150 1576//150 1577//825
f  1578//150 1577//825 1576//150
f  1557//826 1547//774 1582//827
f  1547//774 1557//826 1545//774
f  1545//778 1557//828 1547//778
f  1582//829 1547//778 1557//828
f  1550//830 1597//831 1549//831
f  1597//831 1550//830 1598//832
f  1598//833 1550//834 1597//835
f  1549//835 1597//835 1550//834
f  1599//151 1600//151 1601//151
f  1600//151 1599//151 1602//836
f  1600//151 1602//836 1603//151
f  1603//151 1602//836 1604//837
f  1603//151 1604//837 1605//151
f  1605//151 1604//837 1606//838
f  1605//151 1606//838 1549//151
f  1549//151 1606//838 1607//839
f  1549//151 1607//839 1550//151
f  1550//151 1607//839 1608//840
f  1550//151 1608//840 1609//151
f  1609//151 1608//840 1610//151
f  1609//151 1610//151 1611//151
f  1611//151 1610//151 1612//841
f  1611//151 1612//841 1613//151
f  1613//151 1612//841 1614//842
f  1613//151 1614//842 1615//843
f  1615//843 1614//842 1616//844
f  1615//843 1616//844 1617//845
f  1617//845 1616//844 1618//846
f  1617//845 1618//846 1619//847
f  1619//848 1618//846 1620//848
f  1620//150 1618//150 1619//150
f  1619//150 1618//150 1617//150
f  1618//150 1616//849 1617//150
f  1617//150 1616//850 1615//850
f  1616//849 1614//150 1615//850
f  1615//850 1614//150 1613//150
f  1614//150 1612//851 1613//150
f  1613//150 1612//851 1611//150
f  1612//851 1610//150 1611//150
f  1611//150 1610//150 1609//150
f  1610//150 1608//150 1609//150
f  1609//150 1608//150 1550//150
f  1608//150 1607//150 1550//150
f  1550//150 1607//150 1549//150
f  1607//150 1606//852 1549//150
f  1549//150 1606//852 1605//150
f  1606//852 1604//853 1605//150
f  1605//150 1604//853 1603//150
f  1604//853 1602//854 1603//150
f  1603//150 1602//854 1600//150
f  1602//854 1599//150 1600//150
f  1601//150 1600//150 1599//150
f  1550//783 1561//855 1548//781
f  1561//855 1550//783 1609//856
f  1609//857 1550//784 1561//858
f  1548//786 1561//858 1550//784
f  1605//859 1545//782 1557//860
f  1545//782 1605//859 1549//780
f  1549//785 1605//861 1545//785
f  1557//862 1545//785 1605//861
f  1584//863 1558//864 1583//865
f  1558//864 1584//863 1559//866
f  1559//867 1584//868 1558//869
f  1583//870 1558//869 1584//868
f  1559//871 1606//872 1558//872
f  1606//872 1559//871 1607//871
f  1607//873 1559//873 1606//874
f  1558//874 1606//874 1559//873
f  1585//875 1559//866 1584//863
f  1559//866 1585//875 1560//875
f  1560//876 1585//877 1559//867
f  1584//868 1559//867 1585//877
f  1560//878 1607//871 1559//871
f  1607//871 1560//878 1608//878
f  1608//879 1560//879 1607//873
f  1559//873 1607//873 1560//879
f  1586//880 1560//875 1585//875
f  1560//875 1586//880 1562//881
f  1562//882 1586//883 1560//876
f  1585//877 1560//876 1586//883
f  1562//884 1608//878 1560//878
f  1608//878 1562//884 1610//885
f  1610//886 1562//886 1608//879
f  1560//879 1608//879 1562//886
f  1586//880 1564//887 1562//881
f  1564//887 1586//880 1588//888
f  1588//889 1586//883 1564//890
f  1562//882 1564//890 1586//883
f  1562//884 1612//891 1610//885
f  1612//891 1562//884 1564//891
f  1564//892 1562//886 1612//892
f  1610//886 1612//892 1562//886
f  1588//888 1566//893 1564//887
f  1566//893 1588//888 1590//893
f  1590//894 1588//889 1566//894
f  1564//890 1566//894 1588//889
f  1564//891 1614//895 1612//891
f  1614//895 1564//891 1566//895
f  1566//896 1564//892 1614//896
f  1612//892 1614//896 1564//892
f  1590//893 1568//897 1566//893
f  1568//897 1590//893 1592//898
f  1592//899 1590//894 1568//900
f  1566//894 1568//900 1590//894
f  1566//895 1616//901 1614//895
f  1616//901 1566//895 1568//901
f  1568//902 1566//896 1616//902
f  1614//896 1616//902 1566//896
f  1568//901 1618//903 1616//901
f  1618//903 1568//901 1570//903
f  1570//904 1568//902 1618//904
f  1616//902 1618//904 1568//902
f  1592//898 1570//905 1568//897
f  1570//905 1592//898 1594//905
f  1594//906 1592//899 1570//906
f  1568//900 1570//906 1592//899
f  1570//903 1620//907 1618//903
f  1620//907 1570//903 1572//907
f  1572//908 1570//904 1620//908
f  1618//904 1620//908 1570//904
f  1594//905 1572//909 1570//905
f  1572//909 1594//905 1596//909
f  1596//910 1594//906 1572//910
f  1570//906 1572//910 1594//906
f  1620//907 1571//911 1619//911
f  1571//911 1620//907 1572//907
f  1572//908 1620//908 1571//912
f  1619//912 1571//912 1620//908
f  1572//909 1595//913 1571//913
f  1595//913 1572//909 1596//909
f  1596//910 1572//910 1595//914
f  1571//914 1595//914 1572//910
f  1619//911 1569//915 1617//915
f  1569//915 1619//911 1571//911
f  1571//912 1619//912 1569//916
f  1617//916 1569//916 1619//912
f  1571//913 1593//917 1569//917
f  1593//917 1571//913 1595//913
f  1595//914 1571//914 1593//918
f  1569//918 1593//918 1571//914
f  1617//915 1567//919 1615//919
f  1567//919 1617//915 1569//915
f  1569//916 1617//916 1567//920
f  1615//920 1567//920 1617//916
f  1569//917 1591//921 1567//921
f  1591//921 1569//917 1593//917
f  1593//918 1569//918 1591//922
f  1567//922 1591//922 1569//918
f  1615//919 1565//923 1613//924
f  1565//923 1615//919 1567//919
f  1567//920 1615//920 1565//925
f  1613//926 1565//925 1615//920
f  1567//921 1589//927 1565//928
f  1589//927 1567//921 1591//921
f  1591//922 1567//922 1589//929
f  1565//930 1589//929 1567//922
f  1613//924 1563//931 1611//931
f  1563//931 1613//924 1565//923
f  1565//925 1613//926 1563//932
f  1611//932 1563//932 1613//926
f  1565//928 1587//933 1563//934
f  1587//933 1565//928 1589//927
f  1589//929 1565//930 1587//935
f  1563//936 1587//935 1565//930
f  1563//934 1573//802 1561//803
f  1573//802 1563//934 1587//933
f  1587//935 1563//936 1573//805
f  1561//804 1573//805 1563//936
f  1611//931 1561//855 1609//856
f  1561//855 1611//931 1563//931
f  1563//932 1611//932 1561//858
f  1609//857 1561//858 1611//932
f  1603//937 1557//860 1555//937
f  1557//860 1603//937 1605//859
f  1605//861 1603//938 1557//862
f  1555//938 1557//862 1603//938
f  1555//939 1582//827 1580//940
f  1582//827 1555//939 1557//826
f  1557//828 1555//941 1582//829
f  1580//942 1582//829 1555//941
f  1600//943 1555//937 1552//944
f  1555//937 1600//943 1603//937
f  1603//938 1600//945 1555//938
f  1552//946 1555//938 1600//945
f  1552//947 1580//940 1577//947
f  1580//940 1552//947 1555//939
f  1555//941 1552//948 1580//942
f  1577//948 1580//942 1552//948
f  1553//949 1577//947 1578//950
f  1577//947 1553//949 1552//947
f  1552//948 1553//951 1577//948
f  1578//952 1577//948 1553//951
f  1601//953 1552//944 1553//953
f  1552//944 1601//953 1600//943
f  1600//945 1601//954 1552//946
f  1553//954 1552//946 1601//954
f  1551//955 1601//953 1553//953
f  1601//953 1551//955 1599//955
f  1599//956 1551//956 1601//954
f  1553//954 1601//954 1551//956
f  1576//957 1553//949 1578//950
f  1553//949 1576//957 1551//958
f  1551//959 1576//960 1553//951
f  1578//952 1553//951 1576//960
f  1554//961 1599//955 1551//955
f  1599//955 1554//961 1602//961
f  1602//962 1554//962 1599//956
f  1551//956 1599//956 1554//962
f  1579//963 1551//958 1576//957
f  1551//958 1579//963 1554//963
f  1554//964 1579//965 1551//959
f  1576//960 1551//959 1579//965
f  1556//966 1602//961 1554//961
f  1602//961 1556//966 1604//967
f  1604//968 1556//969 1602//962
f  1554//962 1602//962 1556//969
f  1581//970 1554//963 1579//963
f  1554//963 1581//970 1556//971
f  1556//972 1581//973 1554//964
f  1579//965 1554//964 1581//973
f  1558//872 1604//967 1556//966
f  1604//967 1558//872 1606//872
f  1606//874 1558//874 1604//968
f  1556//969 1604//968 1558//874
f  1583//865 1556//971 1581//970
f  1556//971 1583//865 1558//864
f  1558//869 1583//870 1556//972
f  1581//973 1556//972 1583//870
f  1546//808 1621//974 1574//807
f  1621//974 1546//808 1573//974
f  1573//975 1546//809 1621//975
f  1574//811 1621//975 1546//809
f  1622//976 1623//976 1624//976
f  1623//976 1622//976 1625//150
f  1625//150 1622//976 1626//150
f  1625//150 1626//150 1627//150
f  1627//150 1626//150 1628//150
f  1627//977 1628//977 48//977
f  48//978 1628//978 1575//978
f  48//979 1575//979 1629//979
f  1629//980 1575//980 1630//980
f  1630//980 1575//980 1574//150
f  1630//980 1574//150 1631//150
f  1631//150 1574//150 1632//150
f  1632//150 1574//150 1621//981
f  1632//150 1621//981 1633//150
f  1633//150 1621//981 1634//150
f  1633//150 1634//150 1635//150
f  1635//150 1634//150 1636//982
f  1635//150 1636//982 1637//150
f  1637//150 1636//982 1638//983
f  1637//150 1638//983 1639//150
f  1639//150 1638//983 1640//984
f  1639//150 1640//984 1641//150
f  1641//150 1640//984 1642//150
f  1641//150 1642//150 1643//985
f  1643//151 1642//151 1641//151
f  1642//151 1640//151 1641//151
f  1641//151 1640//151 1639//151
f  1640//151 1638//151 1639//151
f  1639//151 1638//151 1637//151
f  1638//151 1636//151 1637//151
f  1637//151 1636//151 1635//151
f  1636//151 1634//986 1635//151
f  1635//151 1634//986 1633//151
f  1634//986 1621//151 1633//151
f  1633//151 1621//151 1632//151
f  1621//151 1574//151 1632//151
f  1632//151 1574//151 1631//151
f  1631//151 1574//151 1630//151
f  1574//151 1575//151 1630//151
f  1630//151 1575//151 1629//987
f  1629//988 1575//988 48//988
f  1575//989 1628//989 48//989
f  48//990 1628//990 1627//990
f  1628//151 1626//151 1627//151
f  1627//151 1626//151 1625//151
f  1626//151 1622//151 1625//151
f  1625//151 1622//151 1623//151
f  1624//151 1623//151 1622//151
f  1582//991 1575//806 1628//992
f  1575//806 1582//991 1547//806
f  1547//810 1582//993 1575//810
f  1628//994 1575//810 1582//993
f  48//995 1581//996 1627//997
f  1581//996 48//995 1583//998
f  1583//998 48//995 1629//999
f  1629//1000 48//1001 1583//1002
f  1583//1002 48//1001 1581//1003
f  1627//1004 1581//1003 48//1001
f  1584//1005 1629//999 1630//1006
f  1629//999 1584//1005 1583//998
f  1583//1002 1584//1007 1629//1000
f  1630//1008 1629//1000 1584//1007
f  1585//1009 1631//1010 1632//1009
f  1631//1010 1585//1009 1630//1006
f  1630//1006 1585//1009 1584//1005
f  1584//1007 1585//1011 1630//1008
f  1630//1008 1585//1011 1631//1012
f  1632//1013 1631//1012 1585//1011
f  1633//1014 1585//1009 1632//1009
f  1585//1009 1633//1014 1586//1014
f  1586//1015 1633//1016 1585//1011
f  1632//1013 1585//1011 1633//1016
f  1635//1017 1586//1014 1633//1014
f  1586//1014 1635//1017 1588//1017
f  1588//1018 1635//1019 1586//1015
f  1633//1016 1586//1015 1635//1019
f  1637//1020 1588//1017 1635//1017
f  1588//1017 1637//1020 1590//1020
f  1590//1021 1637//1021 1588//1018
f  1635//1019 1588//1018 1637//1021
f  1637//1020 1592//1022 1590//1020
f  1592//1022 1637//1020 1639//1022
f  1639//1023 1637//1021 1592//1023
f  1590//1021 1592//1023 1637//1021
f  1592//1022 1641//1024 1594//1024
f  1641//1024 1592//1022 1639//1022
f  1639//1023 1592//1023 1641//1025
f  1594//1025 1641//1025 1592//1023
f  1594//1024 1643//1026 1596//1026
f  1643//1026 1594//1024 1641//1024
f  1641//1025 1594//1025 1643//1027
f  1596//1027 1643//1027 1594//1025
f  1595//1028 1643//1026 1642//1029
f  1643//1026 1595//1028 1596//1026
f  1596//1027 1595//1030 1643//1027
f  1642//1031 1643//1027 1595//1030
f  1593//1032 1642//1029 1640//1032
f  1642//1029 1593//1032 1595//1028
f  1595//1030 1593//1033 1642//1031
f  1640//1033 1642//1031 1593//1033
f  1591//1034 1640//1032 1638//1035
f  1640//1032 1591//1034 1593//1032
f  1593//1033 1591//1036 1640//1033
f  1638//1037 1640//1033 1591//1036
f  1591//1034 1636//1038 1589//1038
f  1636//1038 1591//1034 1638//1035
f  1638//1037 1591//1036 1636//1039
f  1589//1039 1636//1039 1591//1036
f  1634//1040 1589//1038 1636//1038
f  1589//1038 1634//1040 1587//1040
f  1587//1041 1634//1041 1589//1039
f  1636//1039 1589//1039 1634//1041
f  1621//974 1587//1040 1634//1040
f  1587//1040 1621//974 1573//974
f  1573//975 1621//975 1587//1041
f  1634//1041 1587//1041 1621//975
f  1580//1042 1628//992 1626//1042
f  1628//992 1580//1042 1582//991
f  1582//993 1580//1043 1628//994
f  1626//1043 1628//994 1580//1043
f  1622//1044 1580//1042 1626//1042
f  1580//1042 1622//1044 1577//1045
f  1577//1046 1622//1047 1580//1043
f  1626//1043 1580//1043 1622//1047
f  1624//1048 1577//1045 1622//1044
f  1577//1045 1624//1048 1578//1048
f  1578//1049 1624//1049 1577//1046
f  1622//1047 1577//1046 1624//1049
f  1623//1050 1578//1048 1624//1048
f  1578//1048 1623//1050 1576//1051
f  1576//1052 1623//1053 1578//1049
f  1624//1049 1578//1049 1623//1053
f  1623//1050 1579//1054 1576//1051
f  1579//1054 1623//1050 1625//1055
f  1625//1056 1623//1053 1579//1057
f  1576//1052 1579//1057 1623//1053
f  1625//1055 1581//996 1579//1054
f  1581//996 1625//1055 1627//997
f  1627//1004 1625//1056 1581//1003
f  1579//1057 1581//1003 1625//1056
f  1644//1058 1645//1058 1646//1058
f  1645//1059 1644//1059 1647//1059
f  1645//1059 1647//1059 1648//151
f  1648//151 1647//1059 1649//151
f  1648//151 1649//151 1650//1060
f  1650//1060 1649//151 1651//1061
f  1650//1060 1651//1062 1597//1062
f  1597//1062 1651//1062 1652//1063
f  1597//1062 1652//1063 1598//151
f  1598//151 1652//1063 1653//1064
f  1598//151 1653//1064 1654//151
f  1654//151 1653//1064 1655//1065
f  1654//151 1655//1065 1656//151
f  1656//151 1655//1065 1657//1066
f  1656//151 1657//1066 1658//151
f  1658//151 1657//1066 1659//1067
f  1658//151 1659//1067 1660//151
f  1660//151 1659//1067 1661//1068
f  1660//151 1661//1069 1662//1069
f  1662//1070 1661//1068 1663//1070
f  1662//1069 1663//1071 1664//1071
f  1664//1072 1663//1072 1665//1072
f  1665//150 1663//150 1664//150
f  1664//1073 1663//1073 1662//1073
f  1663//1074 1661//1074 1662//1074
f  1662//1073 1661//1075 1660//1075
f  1661//1075 1659//150 1660//1075
f  1660//1075 1659//150 1658//150
f  1659//150 1657//150 1658//150
f  1658//150 1657//150 1656//150
f  1657//150 1655//1076 1656//150
f  1656//150 1655//1076 1654//150
f  1655//1076 1653//150 1654//150
f  1654//150 1653//150 1598//150
f  1653//150 1652//150 1598//150
f  1598//150 1652//150 1597//150
f  1652//150 1651//150 1597//150
f  1597//150 1651//150 1650//1077
f  1651//150 1649//1078 1650//1077
f  1650//1077 1649//1078 1648//150
f  1649//1078 1647//150 1648//150
f  1648//150 1647//150 1645//150
f  1647//150 1644//150 1645//150
f  1646//150 1645//150 1644//150
f  1598//1079 1666//1080 1597//1080
f  1666//1080 1598//1079 1667//1079
f  1667//1081 1598//1081 1666//1082
f  1597//1082 1666//1082 1598//1081
f  1549//831 1650//1083 1605//1083
f  1650//1083 1549//831 1597//831
f  1597//835 1549//835 1650//1084
f  1605//1084 1650//1084 1549//835
f  1609//1085 1598//832 1550//830
f  1598//832 1609//1085 1654//1085
f  1654//1086 1609//1086 1598//833
f  1550//834 1598//833 1609//1086
f  1652//1087 1608//1088 1607//1089
f  1608//1088 1652//1087 1653//1088
f  1653//1090 1652//1091 1608//1090
f  1607//1092 1608//1090 1652//1091
f  1653//1088 1610//1093 1608//1088
f  1610//1093 1653//1088 1655//1094
f  1655//1095 1653//1090 1610//1096
f  1608//1090 1610//1096 1653//1090
f  1657//1097 1610//1093 1655//1094
f  1610//1093 1657//1097 1612//1097
f  1612//1098 1657//1098 1610//1096
f  1655//1095 1610//1096 1657//1098
f  1659//1099 1612//1097 1657//1097
f  1612//1097 1659//1099 1614//1100
f  1614//1101 1659//1102 1612//1098
f  1657//1098 1612//1098 1659//1102
f  1661//1103 1614//1100 1659//1099
f  1614//1100 1661//1103 1616//1103
f  1616//1104 1661//1104 1614//1101
f  1659//1102 1614//1101 1661//1104
f  1663//1105 1616//1103 1661//1103
f  1616//1103 1663//1105 1618//1105
f  1618//1106 1663//1106 1616//1104
f  1661//1104 1616//1104 1663//1106
f  1665//1107 1618//1105 1663//1105
f  1618//1105 1665//1107 1620//1107
f  1620//1108 1665//1108 1618//1106
f  1663//1106 1618//1106 1665//1108
f  1619//1109 1665//1107 1664//1109
f  1665//1107 1619//1109 1620//1107
f  1620//1108 1619//1110 1665//1108
f  1664//1110 1665//1108 1619//1110
f  1617//1111 1664//1109 1662//1112
f  1664//1109 1617//1111 1619//1109
f  1619//1110 1617//1113 1664//1110
f  1662//1114 1664//1110 1617//1113
f  1615//1115 1662//1112 1660//1115
f  1662//1112 1615//1115 1617//1111
f  1617//1113 1615//1116 1662//1114
f  1660//1116 1662//1114 1615//1116
f  1613//1117 1660//1115 1658//1117
f  1660//1115 1613//1117 1615//1115
f  1615//1116 1613//1118 1660//1116
f  1658//1118 1660//1116 1613//1118
f  1611//1119 1658//1117 1656//1119
f  1658//1117 1611//1119 1613//1117
f  1613//1118 1611//1120 1658//1118
f  1656//1120 1658//1118 1611//1120
f  1609//1085 1656//1119 1654//1085
f  1656//1119 1609//1085 1611//1119
f  1611//1120 1609//1086 1656//1120
f  1654//1086 1656//1120 1609//1086
f  1605//1083 1648//1121 1603//1121
f  1648//1121 1605//1083 1650//1083
f  1650//1084 1605//1084 1648//1122
f  1603//1122 1648//1122 1605//1084
f  1603//1121 1645//1123 1600//1124
f  1645//1123 1603//1121 1648//1121
f  1648//1122 1603//1122 1645//1125
f  1600//1125 1645//1125 1603//1122
f  1600//1124 1646//1126 1601//1127
f  1646//1126 1600//1124 1645//1123
f  1645//1125 1600//1125 1646//1128
f  1601//1129 1646//1128 1600//1125
f  1646//1126 1599//1130 1601//1127
f  1599//1130 1646//1126 1644//1131
f  1644//1132 1646//1128 1599//1133
f  1601//1129 1599//1133 1646//1128
f  1602//1134 1644//1132 1599//1133
f  1644//1132 1602//1134 1647//1134
f  1647//1135 1602//1135 1644//1131
f  1599//1130 1644//1131 1602//1135
f  1604//1136 1647//1134 1602//1134
f  1647//1134 1604//1136 1649//1136
f  1649//1137 1604//1137 1647//1135
f  1602//1135 1647//1135 1604//1137
f  1649//1137 1606//1138 1604//1137
f  1606//1138 1649//1137 1651//1138
f  1651//1139 1649//1136 1606//1139
f  1604//1136 1606//1139 1649//1136
f  1651//1138 1607//1089 1606//1138
f  1607//1089 1651//1138 1652//1087
f  1652//1091 1651//1139 1607//1092
f  1606//1139 1607//1092 1651//1139
f  1668//1140 1649//1141 1647//1140
f  1649//1141 1668//1140 1669//1142
f  1669//1143 1668//1144 1649//1145
f  1647//1144 1649//1145 1668//1144
f  1669//1142 1651//1146 1649//1141
f  1651//1146 1669//1142 1670//1147
f  1670//1148 1669//1143 1651//1149
f  1649//1145 1651//1149 1669//1143
f  1670//1147 1652//1150 1651//1146
f  1652//1150 1670//1147 1671//1151
f  1671//1152 1670//1148 1652//1153
f  1651//1149 1652//1153 1670//1148
f  1671//1151 1653//1154 1652//1150
f  1653//1154 1671//1151 1672//1155
f  1672//1156 1671//1152 1653//1157
f  1652//1153 1653//1157 1671//1152
f  1672//1155 1655//1158 1653//1154
f  1655//1158 1672//1155 1673//1159
f  1673//1160 1672//1156 1655//1161
f  1653//1157 1655//1161 1672//1156
f  1674//1162 1655//1158 1673//1159
f  1655//1158 1674//1162 1657//1162
f  1657//1163 1674//1163 1655//1161
f  1673//1160 1655//1161 1674//1163
f  1675//1164 1657//1162 1674//1162
f  1657//1162 1675//1164 1659//1165
f  1659//1166 1675//1167 1657//1163
f  1674//1163 1657//1163 1675//1167
f  1676//1168 1659//1165 1675//1164
f  1659//1165 1676//1168 1661//1169
f  1661//1170 1676//1171 1659//1166
f  1675//1167 1659//1166 1676//1171
f  1677//1172 1661//1169 1676//1168
f  1661//1169 1677//1172 1663//1172
f  1663//1173 1677//1173 1661//1170
f  1676//1171 1661//1170 1677//1173
f  1678//1174 1663//1172 1677//1172
f  1663//1172 1678//1174 1665//1174
f  1665//1175 1678//1176 1663//1173
f  1677//1173 1663//1173 1678//1176
f  1664//1177 1678//1174 1679//1178
f  1678//1174 1664//1177 1665//1174
f  1665//1175 1664//1179 1678//1176
f  1679//1180 1678//1176 1664//1179
f  1662//1181 1679//1178 1680//1182
f  1679//1178 1662//1181 1664//1177
f  1664//1179 1662//1183 1679//1180
f  1680//1184 1679//1180 1662//1183
f  1660//1185 1680//1182 1681//1185
f  1680//1182 1660//1185 1662//1181
f  1662//1183 1660//1186 1680//1184
f  1681//1186 1680//1184 1660//1186
f  1658//1187 1681//1185 1682//1187
f  1681//1185 1658//1187 1660//1185
f  1660//1186 1658//1188 1681//1186
f  1682//1188 1681//1186 1658//1188
f  1656//1189 1682//1187 1683//1190
f  1682//1187 1656//1189 1658//1187
f  1658//1188 1656//1191 1682//1188
f  1683//1192 1682//1188 1656//1191
f  1654//1193 1683//1190 1684//1193
f  1683//1190 1654//1193 1656//1189
f  1656//1191 1654//1194 1683//1192
f  1684//1194 1683//1192 1654//1194
f  1654//1193 1667//1079 1598//1079
f  1667//1079 1654//1193 1684//1193
f  1684//1194 1654//1194 1667//1081
f  1598//1081 1667//1081 1654//1194
f  1597//1080 1685//1195 1650//1196
f  1685//1195 1597//1080 1666//1080
f  1666//1082 1597//1082 1685//1197
f  1650//1198 1685//1197 1597//1082
f  1650//1196 1686//1199 1648//1200
f  1686//1199 1650//1196 1685//1195
f  1685//1197 1650//1198 1686//1201
f  1648//1201 1686//1201 1650//1198
f  1648//1200 1687//1202 1645//1203
f  1687//1202 1648//1200 1686//1199
f  1686//1201 1648//1201 1687//1204
f  1645//1205 1687//1204 1648//1201
f  1645//1203 1688//1206 1646//1207
f  1688//1206 1645//1203 1687//1202
f  1687//1204 1645//1205 1688//1208
f  1646//1209 1688//1208 1645//1205
f  1688//1206 1644//1210 1646//1207
f  1644//1210 1688//1206 1689//1211
f  1689//1212 1688//1208 1644//1213
f  1646//1209 1644//1213 1688//1208
f  1689//1211 1647//1140 1644//1210
f  1647//1140 1689//1211 1668//1140
f  1668//1144 1689//1212 1647//1144
f  1644//1213 1647//1144 1689//1212
f  201//150 1666//1214 1667//1215
f  1667//1216 1666//1217 201//151
f  1687//1218 1689//1218 1688//1218
f  1689//1219 1687//1219 1668//1219
f  1668//150 1687//150 1686//150
f  1668//150 1686//150 1669//150
f  1669//150 1686//150 1685//1220
f  1669//1221 1685//1221 1670//1221
f  1670//1222 1685//1220 1666//1222
f  1670//1221 1666//1223 1671//1223
f  1671//1224 1666//1222 1667//1224
f  1671//1224 1667//1224 1672//150
f  1672//150 1667//1224 1684//1225
f  1672//150 1684//1225 1673//150
f  1673//150 1684//1225 1683//1226
f  1673//1227 1683//1227 1674//1227
f  1674//1228 1683//1226 1682//1228
f  1674//1227 1682//1229 1675//1229
f  1675//1230 1682//1228 1681//1230
f  1675//1229 1681//1231 1676//1231
f  1676//1232 1681//1230 1680//1232
f  1676//1232 1680//1232 1677//150
f  1677//1233 1680//1232 1679//1233
f  1677//150 1679//150 1678//150
f  1678//151 1679//151 1677//151
f  1679//1234 1680//1234 1677//1234
f  1677//151 1680//151 1676//151
f  1680//151 1681//151 1676//151
f  1676//1235 1681//1235 1675//1235
f  1681//1236 1682//1236 1675//1236
f  1675//1235 1682//1237 1674//1237
f  1682//1236 1683//1238 1674//1238
f  1674//1237 1683//1239 1673//1239
f  1683//151 1684//151 1673//151
f  1673//151 1684//151 1672//151
f  1684//151 1667//151 1672//151
f  1672//151 1667//151 1671//151
f  1667//1240 1666//1240 1671//1240
f  1671//1241 1666//1241 1670//1241
f  1666//1240 1685//1242 1670//1242
f  1670//1241 1685//1243 1669//1243
f  1685//1242 1686//1244 1669//1244
f  1669//1243 1686//1245 1668//1245
f  1686//151 1687//151 1668//151
f  1668//1245 1687//1246 1689//1246
f  1688//1247 1689//1247 1687//1247
f  201//150 1669//1248 1668//1249
f  1668//1250 1669//1251 201//151
f  201//150 1670//1252 1669//1248
f  1669//1251 1670//1253 201//151
f  201//150 1671//1254 1670//1252
f  1670//1253 1671//1255 201//151
f  201//150 1672//1256 1671//1254
f  1671//1255 1672//1257 201//151
f  1673//1258 1672//1256 201//150
f  201//151 1672//1257 1673//1259
f  1674//1260 1673//1258 201//150
f  201//151 1673//1259 1674//1261
f  1675//1262 1674//1260 201//150
f  201//151 1674//1261 1675//1263
f  1676//1264 1675//1262 201//150
f  201//151 1675//1263 1676//1265
f  1677//1266 1676//1264 201//150
f  201//151 1676//1265 1677//1267
f  1678//1268 1677//1266 201//150
f  201//151 1677//1267 1678//1269
f  1678//1268 201//150 1679//1270
f  1679//1271 201//151 1678//1269
f  1679//1270 201//150 1680//1272
f  1680//1273 201//151 1679//1271
f  1680//1272 201//150 1681//1274
f  1681//1275 201//151 1680//1273
f  1681//1274 201//150 1682//1276
f  1682//1277 201//151 1681//1275
f  1682//1276 201//150 1683//1278
f  1683//1279 201//151 1682//1277
f  1683//1278 201//150 1684//1280
f  1684//1281 201//151 1683//1279
f  1684//1280 201//150 1667//1215
f  1667//1216 201//151 1684//1281
f  201//150 1685//1282 1666//1214
f  1666//1217 1685//1283 201//151
f  201//150 1686//1284 1685//1282
f  1685//1283 1686//1285 201//151
f  201//150 1687//1286 1686//1284
f  1686//1285 1687//1287 201//151
f  201//150 1688//1288 1687//1286
f  1687//1287 1688//1289 201//151
f  201//150 1689//1290 1688//1288
f  1688//1289 1689//1291 201//151
f  201//150 1668//1249 1689//1290
f  1689//1291 1668//1250 201//151

# Mesh 'ID1567.001' with 3728 faces
g ID1567.001
f  221//12 220//12 217//12
f  220//12 219//12 217//12
f  219//12 218//12 217//12
f  218//12 216//12 217//12
f  217//12 216//12 214//12
f  210//12 214//12 216//12
f  214//1364 212//1364 217//1364
f  222//1365 217//1364 212//1364
f  209//1366 210//1366 223//1366
f  216//1366 223//1366 210//1366
f  223//8 212//8 209//8
f  212//8 223//8 222//8
f  222//8 223//8 230//8
f  222//8 230//8 231//8
f  222//8 231//8 226//8
f  222//8 226//8 225//8
f  243//1367 1030//1367 605//1367
f  1030//1367 243//1367 238//1367
f  1031//8 238//8 235//8
f  238//8 1031//8 1030//8
f  606//1368 1030//1368 1031//1368
f  1030//1368 606//1368 605//1368
f  235//1369 606//1369 1031//1369
f  606//1369 235//1369 240//1369
f  237//12 236//12 239//12
f  238//12 235//12 237//12
f  237//12 235//12 236//12
f  236//12 235//12 233//12
f  235//12 232//12 233//12
f  234//12 233//12 232//12
f  241//1370 232//1370 240//1370
f  235//1371 240//1370 232//1370
f  237//1372 242//1372 238//1372
f  243//1372 238//1372 242//1372
f  241//8 1034//8 1035//8
f  1034//8 241//8 240//8
f  1034//8 240//8 1032//8
f  1032//8 240//8 242//8
f  242//8 240//8 243//8
f  1033//8 1032//8 242//8
f  239//1373 242//1373 237//1373
f  242//1373 239//1373 1033//1373
f  1034//8 1036//8 1035//8
f  1035//1374 232//1374 241//1374
f  232//1374 1035//1374 234//1375
f  1036//1376 234//1376 1035//1376
f  234//1376 1036//1376 1037//1376
f  233//12 234//12 1037//12
f  1033//12 1032//12 1038//12
f  1038//1377 239//1377 1033//1377
f  239//1377 1038//1377 1039//1378
f  239//8 1039//8 236//8
f  257//28 256//28 253//28
f  256//28 255//28 253//28
f  255//28 254//28 253//28
f  254//28 252//28 253//28
f  253//28 252//28 250//28
f  246//28 250//28 252//28
f  250//1379 248//1379 253//1379
f  258//1380 253//1379 248//1379
f  245//1381 246//1381 259//1381
f  252//1381 259//1381 246//1381
f  259//24 248//24 245//24
f  248//24 259//24 258//24
f  258//24 259//24 266//24
f  258//24 266//24 267//24
f  258//24 267//24 262//24
f  258//24 262//24 261//24
f  279//1382 1040//1382 607//1382
f  1040//1382 279//1382 274//1382
f  1041//24 274//24 271//24
f  274//24 1041//24 1040//24
f  608//1383 1040//1383 1041//1383
f  1040//1383 608//1383 607//1383
f  271//1384 608//1384 1041//1384
f  608//1384 271//1384 276//1384
f  273//28 272//28 275//28
f  274//28 271//28 273//28
f  273//28 271//28 272//28
f  272//28 271//28 269//28
f  271//28 268//28 269//28
f  270//28 269//28 268//28
f  277//1385 268//1385 276//1385
f  271//1386 276//1385 268//1385
f  273//1387 278//1387 274//1387
f  279//1387 274//1387 278//1387
f  277//24 1044//24 1045//24
f  1044//24 277//24 276//24
f  1044//24 276//24 1042//24
f  1042//24 276//24 278//24
f  278//24 276//24 279//24
f  1043//24 1042//24 278//24
f  275//1388 278//1388 273//1388
f  278//1388 275//1388 1043//1388
f  1044//24 1046//24 1045//24
f  1045//1389 268//1389 277//1389
f  268//1389 1045//1389 270//1390
f  1046//1391 270//1391 1045//1391
f  270//1391 1046//1391 1047//1391
f  269//28 270//28 1047//28
f  1043//28 1042//28 1048//28
f  1048//1392 275//1392 1043//1392
f  275//1392 1048//1392 1049//1393
f  275//24 1049//24 272//24
f  1690//1394 1691//1395 1692//1396
f  1691//1395 1690//1394 1693//1397
f  1693//1398 1690//1399 1691//1400
f  1692//1401 1691//1400 1690//1399
f  1694//1402 1690//1394 1695//1403
f  1690//1394 1694//1402 1693//1397
f  1693//1398 1694//1404 1690//1399
f  1695//1405 1690//1399 1694//1404
f  1692//1396 1696//1406 1697//1406
f  1696//1406 1692//1396 1691//1395
f  1691//1400 1692//1401 1696//1407
f  1697//1407 1696//1407 1692//1401
f  1698//1408 1695//1403 1699//1408
f  1695//1403 1698//1408 1694//1402
f  1694//1404 1698//1409 1695//1405
f  1699//1409 1695//1405 1698//1409
f  1697//1406 1700//161 1701//161
f  1700//161 1697//1406 1696//1406
f  1696//1407 1697//1407 1700//163
f  1701//163 1700//163 1697//1407
f  1702//160 1699//1408 1703//160
f  1699//1408 1702//160 1698//1408
f  1698//1409 1702//162 1699//1409
f  1703//162 1699//1409 1702//162
f  1700//161 1704//1410 1701//161
f  1704//1410 1700//161 1705//1410
f  1705//1411 1700//163 1704//1411
f  1701//163 1704//1411 1700//163
f  1706//1412 1703//160 1707//1412
f  1703//160 1706//1412 1702//160
f  1702//162 1706//1413 1703//162
f  1707//1413 1703//162 1706//1413
f  1705//1410 1708//1414 1704//1410
f  1708//1414 1705//1410 1709//1415
f  1709//1416 1705//1411 1708//1417
f  1704//1411 1708//1417 1705//1411
f  1710//1418 1707//1412 1711//1418
f  1707//1412 1710//1418 1706//1412
f  1706//1413 1710//1419 1707//1413
f  1711//1419 1707//1413 1710//1419
f  1709//1415 1712//147 1708//1414
f  1712//147 1709//1415 1713//147
f  1713//3 1709//1416 1712//3
f  1708//1417 1712//3 1709//1416
f  1714//1420 1711//1418 1715//1421
f  1711//1418 1714//1420 1710//1418
f  1710//1419 1714//1422 1711//1419
f  1715//1423 1711//1419 1714//1422
f  1712//147 1716//1424 1717//1424
f  1716//1424 1712//147 1713//147
f  1713//3 1712//3 1716//1425
f  1717//1425 1716//1425 1712//3
f  1718//1416 1714//1420 1715//1421
f  1714//1420 1718//1416 1719//1416
f  1719//1415 1718//1415 1714//1422
f  1715//1423 1714//1422 1718//1415
f  1717//1424 1720//1426 1721//1426
f  1720//1426 1717//1424 1716//1424
f  1716//1425 1717//1425 1720//1427
f  1721//1427 1720//1427 1717//1425
f  1722//1428 1719//1416 1718//1416
f  1719//1416 1722//1428 1723//1428
f  1723//1429 1722//1429 1719//1415
f  1718//1415 1719//1415 1722//1429
f  1721//1426 1724//162 1725//162
f  1724//162 1721//1426 1720//1426
f  1720//1427 1721//1427 1724//160
f  1725//160 1724//160 1721//1427
f  1726//163 1723//1428 1722//1428
f  1723//1428 1726//163 1727//163
f  1727//161 1726//161 1723//1429
f  1722//1429 1723//1429 1726//161
f  1725//162 1728//1430 1729//1430
f  1728//1430 1725//162 1724//162
f  1724//160 1725//160 1728//1431
f  1729//1431 1728//1431 1725//160
f  1730//1432 1726//163 1731//1432
f  1726//163 1730//1432 1727//163
f  1727//161 1730//1433 1726//161
f  1731//1433 1726//161 1730//1433
f  1729//1430 1732//1434 1733//1404
f  1732//1434 1729//1430 1728//1430
f  1728//1431 1729//1431 1732//1435
f  1733//1402 1732//1435 1729//1431
f  1734//1400 1731//1432 1735//1401
f  1731//1432 1734//1400 1730//1432
f  1730//1433 1734//1395 1731//1433
f  1735//1396 1731//1433 1734//1395
f  1733//1404 1736//1399 1737//1436
f  1736//1399 1733//1404 1732//1434
f  1732//1435 1733//1402 1736//1394
f  1737//1437 1736//1394 1733//1402
f  1736//1399 1735//1401 1737//1436
f  1735//1401 1736//1399 1734//1400
f  1734//1395 1736//1394 1735//1396
f  1737//1437 1735//1396 1736//1394
f  1139//1438 1738//1439 1739//1438
f  1738//1439 1139//1438 1126//1439
f  1126//1440 1139//1441 1738//1440
f  1739//1441 1738//1440 1139//1441
f  1738//1439 1079//1442 1740//1443
f  1079//1442 1738//1439 1126//1439
f  1126//1440 1738//1440 1079//1444
f  1740//1445 1079//1444 1738//1440
f  1141//1446 1739//1438 1741//1447
f  1739//1438 1141//1446 1139//1438
f  1139//1441 1141//1448 1739//1441
f  1741//1449 1739//1441 1141//1448
f  1742//1442 1080//1450 1743//1450
f  1080//1450 1742//1442 1744//1443
f  1080//1450 1744//1443 1740//1443
f  1080//1450 1740//1443 1079//1442
f  1079//1444 1740//1445 1080//1451
f  1740//1445 1744//1445 1080//1451
f  1744//1445 1742//1444 1080//1451
f  1743//1451 1080//1451 1742//1444
f  1143//1452 1745//1446 1746//1452
f  1745//1446 1143//1452 1747//1447
f  1747//1447 1143//1452 1741//1447
f  1741//1447 1143//1452 1141//1446
f  1141//1448 1143//1453 1741//1449
f  1741//1449 1143//1453 1747//1449
f  1747//1449 1143//1453 1745//1448
f  1746//1453 1745//1448 1143//1453
f  1748//1454 1749//1454 1750//1454
f  1749//1454 1748//1454 1751//151
f  1749//1455 1751//1455 1752//1455
f  1752//151 1751//151 1753//151
f  1753//151 1751//151 1754//151
f  1754//1456 1751//1456 1755//1456
f  1755//1457 1751//1457 1756//1457
f  1756//151 1751//151 1757//151
f  1756//151 1757//151 1758//1458
f  1758//1459 1757//151 1759//1459
f  1759//1459 1757//151 1760//151
f  1760//151 1757//151 1761//151
f  1761//1460 1757//1460 1762//1460
f  1762//151 1757//151 1763//151
f  1763//151 1757//151 1702//151
f  1763//151 1702//151 1743//1461
f  1702//1462 1757//1460 1698//1462
f  1698//151 1757//151 1694//151
f  1694//151 1757//151 1764//1463
f  1694//151 1764//1463 1693//151
f  1693//151 1764//1463 1691//151
f  1691//151 1764//1463 1765//1464
f  1691//151 1765//1464 1696//151
f  1696//151 1765//1464 1766//1465
f  1696//151 1766//1465 1700//151
f  1700//151 1766//1465 1705//151
f  1705//151 1766//1465 1709//151
f  1709//151 1766//1465 1767//1466
f  1709//151 1767//1466 1713//151
f  1713//151 1767//1466 1716//151
f  1716//151 1767//1466 1720//151
f  1720//151 1767//1466 1724//151
f  1768//151 1769//151 1767//1466
f  1769//1467 1768//1467 1770//1467
f  1770//1468 1768//1468 1771//1468
f  1771//151 1768//151 1772//151
f  1772//151 1768//151 1773//151
f  1773//151 1768//151 1774//151
f  1774//151 1768//151 1775//151
f  1775//151 1768//151 1776//151
f  1776//151 1768//151 1777//151
f  1777//151 1768//151 1778//1469
f  1777//1470 1778//1470 1779//1470
f  1779//151 1778//1469 1780//151
f  1780//151 1778//1469 1781//151
f  1781//1471 1778//1471 1782//1471
f  1782//151 1778//1469 1746//151
f  1746//151 1778//1469 1783//151
f  1783//151 1778//1469 1784//151
f  1783//151 1784//151 1785//1472
f  1785//1472 1784//151 1786//151
f  1743//1461 1706//151 1742//151
f  1706//151 1743//1461 1702//151
f  1742//151 1706//151 1710//1473
f  1742//151 1710//1474 1714//1474
f  1742//151 1714//1474 1719//1475
f  1742//151 1719//1475 1723//1476
f  1742//151 1723//1476 1787//151
f  1787//151 1723//1476 1727//1477
f  1787//151 1727//1477 1730//1478
f  1787//151 1730//1478 1734//1479
f  1787//151 1734//1479 1788//151
f  1788//151 1734//1479 1736//1480
f  1788//151 1736//1480 1732//1481
f  1788//151 1732//1481 1728//1482
f  1788//151 1728//1482 1789//1483
f  1788//151 1789//1483 1745//1484
f  1789//1483 1728//1482 1724//151
f  1789//1483 1724//151 1769//151
f  1769//151 1724//151 1767//1466
f  1745//1485 1789//1485 1790//1485
f  1745//1486 1790//1486 1791//1486
f  1745//1487 1791//1487 1792//1487
f  1745//1486 1792//1488 1793//1488
f  1745//1487 1793//1489 1794//1489
f  1745//1486 1794//1490 1795//1490
f  1745//1484 1795//1490 1746//151
f  1746//151 1795//1490 1796//151
f  1746//151 1796//151 1797//1491
f  1746//151 1797//1491 1798//1492
f  1746//151 1798//1492 1799//1493
f  1746//151 1799//1493 1782//151
f  1800//151 1801//151 1802//151
f  1801//151 1800//151 1803//1494
f  1801//151 1803//1494 1804//151
f  1804//151 1803//1494 1748//1454
f  1804//151 1748//1454 1805//1495
f  1805//1495 1748//1454 1750//1454
f  1805//1496 1750//1496 1806//1496
f  1805//1497 1806//1497 1807//1497
f  1805//1498 1807//1498 1808//1498
f  1805//1497 1808//1499 1809//1499
f  1805//1495 1809//1500 1743//1461
f  1743//1461 1809//1500 1810//1501
f  1743//1461 1810//1501 1811//1502
f  1743//1461 1811//1502 1812//1503
f  1743//1461 1812//1503 1813//1504
f  1743//1461 1813//1504 1814//1505
f  1743//1461 1814//1505 1815//1506
f  1743//1507 1815//1507 1816//1507
f  1743//1508 1816//1508 1763//1508
f  1763//150 1816//150 1743//150
f  1816//150 1815//150 1743//150
f  1815//1509 1814//1509 1743//1509
f  1814//150 1813//150 1743//150
f  1813//150 1812//150 1743//150
f  1812//150 1811//150 1743//150
f  1811//150 1810//150 1743//150
f  1810//150 1809//150 1743//150
f  1743//150 1809//150 1805//1510
f  1809//1511 1808//1511 1805//1511
f  1808//1512 1807//1512 1805//1512
f  1807//150 1806//150 1805//1510
f  1806//150 1750//150 1805//1510
f  1750//150 1748//1513 1805//1510
f  1805//1510 1748//1513 1804//1514
f  1748//1513 1803//150 1804//1514
f  1804//1514 1803//150 1801//150
f  1803//150 1800//1515 1801//150
f  1802//150 1801//150 1800//1515
f  1782//150 1799//150 1746//150
f  1799//150 1798//150 1746//150
f  1798//150 1797//1516 1746//150
f  1797//1517 1796//1517 1746//150
f  1796//1517 1795//150 1746//150
f  1746//150 1795//150 1745//150
f  1795//1518 1794//1518 1745//1518
f  1794//150 1793//150 1745//150
f  1793//1519 1792//1519 1745//1518
f  1792//1520 1791//1520 1745//1520
f  1791//150 1790//150 1745//150
f  1790//150 1789//150 1745//150
f  1767//1521 1724//1521 1769//1521
f  1769//1521 1724//1521 1789//150
f  1724//1521 1728//1522 1789//150
f  1745//150 1789//150 1788//150
f  1789//150 1728//1522 1788//150
f  1728//1522 1732//150 1788//150
f  1732//150 1736//150 1788//150
f  1736//150 1734//150 1788//150
f  1788//150 1734//150 1787//1523
f  1734//150 1730//150 1787//1523
f  1730//150 1727//150 1787//1523
f  1727//150 1723//150 1787//1523
f  1787//1523 1723//150 1742//150
f  1723//150 1719//150 1742//150
f  1719//150 1714//1524 1742//150
f  1714//1524 1710//150 1742//150
f  1710//150 1706//150 1742//150
f  1702//1525 1743//1525 1706//1525
f  1742//150 1706//150 1743//150
f  1786//150 1784//150 1785//150
f  1785//150 1784//150 1783//150
f  1784//150 1778//150 1783//150
f  1783//150 1778//150 1746//150
f  1746//150 1778//150 1782//150
f  1782//150 1778//150 1781//150
f  1781//150 1778//150 1780//150
f  1780//150 1778//150 1779//150
f  1779//1526 1778//1526 1777//1526
f  1778//150 1768//150 1777//150
f  1777//150 1768//150 1776//150
f  1776//150 1768//150 1775//150
f  1775//150 1768//150 1774//150
f  1774//150 1768//150 1773//150
f  1773//150 1768//150 1772//150
f  1772//150 1768//150 1771//150
f  1771//1527 1768//1527 1770//1527
f  1770//150 1768//150 1769//1521
f  1767//1521 1769//1521 1768//150
f  1724//1521 1767//1521 1720//150
f  1720//150 1767//1521 1716//150
f  1716//150 1767//1521 1713//150
f  1713//150 1767//1521 1709//150
f  1767//1521 1766//1528 1709//150
f  1709//150 1766//1528 1705//150
f  1705//150 1766//1528 1700//150
f  1700//150 1766//1528 1696//150
f  1766//1528 1765//150 1696//150
f  1696//150 1765//150 1691//150
f  1765//150 1764//1529 1691//150
f  1691//150 1764//1529 1693//150
f  1693//150 1764//1529 1694//150
f  1764//1529 1757//150 1694//150
f  1694//150 1757//150 1698//150
f  1698//150 1757//150 1702//150
f  1743//150 1702//150 1763//150
f  1702//150 1757//150 1763//150
f  1763//150 1757//150 1762//150
f  1762//1530 1757//1530 1761//1530
f  1761//1531 1757//1531 1760//1531
f  1760//150 1757//150 1759//150
f  1759//150 1757//150 1758//1532
f  1758//1532 1757//150 1756//150
f  1757//150 1751//150 1756//150
f  1756//150 1751//150 1755//150
f  1755//1533 1751//1533 1754//1533
f  1754//150 1751//150 1753//150
f  1753//150 1751//150 1752//150
f  1752//1534 1751//1534 1749//1534
f  1751//150 1748//1513 1749//150
f  1750//150 1749//150 1748//1513
f  1817//1439 1742//1442 1787//1439
f  1742//1442 1817//1439 1744//1443
f  1744//1445 1817//1440 1742//1444
f  1787//1440 1742//1444 1817//1440
f  1743//1450 1133//1535 1805//1535
f  1133//1535 1743//1450 1080//1450
f  1080//1451 1743//1451 1133//1536
f  1805//1536 1133//1536 1743//1451
f  1783//1537 1143//1452 1746//1452
f  1143//1452 1783//1537 1145//1537
f  1145//1538 1783//1538 1143//1453
f  1746//1453 1143//1453 1783//1538
f  1747//1447 1788//1438 1745//1446
f  1788//1438 1747//1447 1818//1438
f  1818//1441 1747//1449 1788//1441
f  1745//1448 1788//1441 1747//1449
f  1818//1438 1787//1439 1788//1438
f  1787//1439 1818//1438 1817//1439
f  1817//1440 1818//1441 1787//1440
f  1788//1441 1787//1440 1818//1441
f  1133//1535 1804//1539 1805//1535
f  1804//1539 1133//1535 1131//1539
f  1131//1540 1133//1536 1804//1540
f  1805//1536 1804//1540 1133//1536
f  1131//1539 1801//1541 1804//1539
f  1801//1541 1131//1539 1127//1541
f  1127//1542 1131//1540 1801//1542
f  1804//1540 1801//1542 1131//1540
f  1129//1543 1801//1541 1127//1541
f  1801//1541 1129//1543 1802//1543
f  1802//1544 1129//1544 1801//1542
f  1127//1542 1801//1542 1129//1544
f  1129//1543 1800//1545 1802//1543
f  1800//1545 1129//1543 1128//1545
f  1128//1546 1129//1544 1800//1546
f  1802//1544 1800//1546 1129//1544
f  1128//1545 1803//1538 1800//1545
f  1803//1538 1128//1545 1130//1538
f  1130//1537 1128//1546 1803//1537
f  1800//1546 1803//1537 1128//1546
f  1130//1538 1748//1547 1803//1538
f  1748//1547 1130//1538 1132//1548
f  1132//1549 1130//1537 1748//1550
f  1803//1537 1748//1550 1130//1537
f  1748//1547 1819//1448 1751//1448
f  1819//1448 1748//1547 1132//1548
f  1819//1448 1132//1548 1134//1551
f  1134//1551 1132//1548 12//1552
f  12//1553 1132//1549 1134//1554
f  1134//1554 1132//1549 1819//1446
f  1132//1549 1748//1550 1819//1446
f  1751//1446 1819//1446 1748//1550
f  1751//1448 1820//1441 1757//1441
f  1820//1441 1751//1448 1819//1448
f  1819//1446 1751//1446 1820//1438
f  1757//1438 1820//1438 1751//1446
f  1764//1555 1821//1440 1765//1440
f  1821//1440 1764//1555 1757//1441
f  1821//1440 1757//1441 1820//1441
f  1820//1438 1757//1438 1821//1439
f  1757//1438 1764//1556 1821//1439
f  1765//1439 1821//1439 1764//1556
f  1821//1440 1766//1444 1765//1440
f  1766//1444 1821//1440 1822//1444
f  1822//1442 1821//1439 1766//1442
f  1765//1439 1766//1442 1821//1439
f  1822//1444 1767//1451 1766//1444
f  1767//1451 1822//1444 1140//1451
f  1140//1451 1822//1444 1138//1444
f  1138//1442 1822//1442 1140//1450
f  1140//1450 1822//1442 1767//1450
f  1766//1442 1767//1450 1822//1442
f  1140//1451 1768//1536 1767//1451
f  1768//1536 1140//1451 1142//1536
f  1142//1535 1140//1450 1768//1535
f  1767//1450 1768//1535 1140//1450
f  1768//1536 1144//1540 1778//1540
f  1144//1540 1768//1536 1142//1536
f  1142//1535 1768//1535 1144//1539
f  1778//1539 1144//1539 1768//1535
f  1778//1540 1146//1542 1784//1542
f  1146//1542 1778//1540 1144//1540
f  1144//1539 1778//1539 1146//1541
f  1784//1541 1146//1541 1778//1539
f  1784//1542 1148//1544 1786//1544
f  1148//1544 1784//1542 1146//1542
f  1146//1541 1784//1541 1148//1543
f  1786//1543 1148//1543 1784//1541
f  1785//1546 1148//1544 1147//1546
f  1148//1544 1785//1546 1786//1544
f  1786//1543 1785//1545 1148//1543
f  1147//1545 1148//1543 1785//1545
f  1785//1546 1145//1537 1783//1537
f  1145//1537 1785//1546 1147//1546
f  1147//1545 1785//1545 1145//1538
f  1783//1538 1145//1538 1785//1545
f  1819//1448 1135//1441 1820//1441
f  1135//1441 1819//1448 1134//1551
f  1134//1554 1819//1446 1135//1438
f  1820//1438 1135//1438 1819//1446
f  1820//1441 1137//1440 1821//1440
f  1137//1440 1820//1441 1135//1441
f  1137//1440 1135//1441 1136//150
f  1136//150 1135//1438 1137//1439
f  1135//1438 1820//1438 1137//1439
f  1821//1439 1137//1439 1820//1438
f  1137//1440 1822//1444 1821//1440
f  1822//1444 1137//1440 1138//1444
f  1138//1442 1137//1439 1822//1442
f  1821//1439 1822//1442 1137//1439
f  1789//1557 1823//1558 1824//1559
f  1823//1558 1789//1557 1769//1560
f  1769//1561 1789//1562 1823//1563
f  1824//1564 1823//1563 1789//1562
f  1790//1565 1824//1559 1825//1565
f  1824//1559 1790//1565 1789//1557
f  1789//1562 1790//1566 1824//1564
f  1825//1566 1824//1564 1790//1566
f  1769//1560 1826//1431 1823//1558
f  1826//1431 1769//1560 1770//1567
f  1770//1568 1769//1561 1826//1430
f  1823//1563 1826//1430 1769//1561
f  1791//1569 1825//1565 1827//1569
f  1825//1565 1791//1569 1790//1565
f  1790//1566 1791//1570 1825//1566
f  1827//1570 1825//1566 1791//1570
f  1770//1567 1828//1571 1826//1431
f  1828//1571 1770//1567 1771//1571
f  1771//1572 1770//1568 1828//1572
f  1826//1430 1828//1572 1770//1568
f  1829//1573 1791//1569 1827//1569
f  1791//1569 1829//1573 1792//1573
f  1792//1574 1829//1574 1791//1570
f  1827//1570 1791//1570 1829//1574
f  1771//1571 1830//1397 1828//1571
f  1830//1397 1771//1571 1772//1397
f  1772//1398 1771//1572 1830//1398
f  1828//1572 1830//1398 1771//1572
f  1831//1575 1792//1573 1829//1573
f  1792//1573 1831//1575 1793//1428
f  1793//1429 1831//1576 1792//1574
f  1829//1574 1792//1574 1831//1576
f  1830//1397 1773//1577 1832//1578
f  1773//1577 1830//1397 1772//1397
f  1772//1398 1830//1398 1773//1579
f  1832//1580 1773//1579 1830//1398
f  1833//163 1793//1428 1831//1575
f  1793//1428 1833//163 1794//1581
f  1794//1582 1833//161 1793//1429
f  1831//1576 1793//1429 1833//161
f  1832//1578 1774//1583 1834//1433
f  1774//1583 1832//1578 1773//1577
f  1773//1579 1832//1580 1774//1584
f  1834//1432 1774//1584 1832//1580
f  1795//1432 1833//163 1835//1585
f  1833//163 1795//1432 1794//1581
f  1794//1582 1795//1433 1833//161
f  1835//1586 1833//161 1795//1433
f  1834//1433 1775//161 1836//1587
f  1775//161 1834//1433 1774//1583
f  1774//1584 1834//1432 1775//163
f  1836//1588 1775//163 1834//1432
f  1796//1589 1835//1585 1837//1400
f  1835//1585 1796//1589 1795//1432
f  1795//1433 1796//1590 1835//1586
f  1837//1395 1835//1586 1796//1590
f  1775//161 1838//1429 1836//1587
f  1838//1429 1775//161 1776//1591
f  1776//1592 1775//163 1838//1428
f  1836//1588 1838//1428 1775//163
f  1797//1593 1837//1400 1839//1436
f  1837//1400 1797//1593 1796//1589
f  1796//1590 1797//1594 1837//1395
f  1839//1437 1837//1395 1797//1594
f  1776//1591 1840//1595 1838//1429
f  1840//1595 1776//1591 1777//1415
f  1777//1416 1776//1592 1840//1596
f  1838//1428 1840//1596 1776//1592
f  1841//1434 1797//1593 1839//1436
f  1797//1593 1841//1434 1798//1434
f  1798//1435 1841//1435 1797//1594
f  1839//1437 1797//1594 1841//1435
f  1777//1415 1842//1422 1840//1595
f  1842//1422 1777//1415 1779//1597
f  1779//1598 1777//1416 1842//1420
f  1840//1596 1842//1420 1777//1416
f  1843//1430 1798//1434 1841//1434
f  1798//1434 1843//1430 1799//1599
f  1799//1600 1843//1431 1798//1435
f  1841//1435 1798//1435 1843//1431
f  1842//1422 1780//1424 1844//1424
f  1780//1424 1842//1422 1779//1597
f  1779//1598 1842//1420 1780//1425
f  1844//1425 1780//1425 1842//1420
f  1845//1601 1799//1599 1843//1430
f  1799//1599 1845//1601 1782//1602
f  1782//1603 1845//1604 1799//1600
f  1843//1431 1799//1600 1845//1604
f  1844//1424 1781//1605 1846//1606
f  1781//1605 1844//1424 1780//1424
f  1780//1425 1844//1425 1781//1607
f  1846//1608 1781//1607 1844//1425
f  1846//1606 1782//1602 1845//1601
f  1782//1602 1846//1606 1781//1605
f  1781//1607 1846//1608 1782//1603
f  1845//1604 1782//1603 1846//1608
f  1847//1609 1848//1610 1849//1610
f  1848//1610 1847//1609 1850//1609
f  1850//1611 1847//1611 1848//1612
f  1849//1612 1848//1612 1847//1611
f  3//1613 1850//1609 1847//1609
f  1850//1609 3//1613 1851//1613
f  1851//1614 3//1614 1850//1611
f  1847//1611 1850//1611 3//1614
f  1852//150 1853//150 1854//150
f  1853//150 1852//150 1855//1615
f  1855//1615 1852//150 1856//1616
f  1855//1615 1856//1616 1857//1617
f  1857//1617 1856//1616 1858//150
f  1857//1617 1858//150 1859//1618
f  1859//1619 1858//1619 1860//1619
f  1860//1620 1858//150 1861//1620
f  1861//1620 1858//150 1862//1621
f  1861//1620 1862//1621 1863//1622
f  1863//1622 1862//1621 1864//150
f  1864//150 1862//1621 1865//150
f  1865//150 1862//1621 1866//150
f  1866//150 1862//1621 1867//150
f  1867//150 1862//1621 1868//150
f  1868//150 1862//1621 1869//150
f  1869//150 1862//1621 1870//1623
f  1870//1623 1862//1621 1871//150
f  1871//150 1862//1621 1872//150
f  1850//1624 1699//1624 1848//1624
f  1699//1624 1850//1624 1703//1625
f  1848//1624 1699//1624 1695//1626
f  1848//1624 1695//1626 1690//1627
f  1848//1624 1690//1627 1692//1628
f  1848//1624 1692//1628 1697//150
f  1848//1624 1697//150 1873//150
f  1873//150 1697//150 1701//981
f  1873//150 1701//981 1704//1629
f  1873//150 1704//1629 1708//150
f  1873//150 1708//150 1874//150
f  1874//150 1708//150 1712//150
f  1874//150 1712//150 1717//1630
f  1874//150 1717//1630 1721//1631
f  1874//150 1721//1631 1725//1632
f  1874//150 1725//1632 1875//1633
f  1874//150 1875//1633 1823//150
f  1823//150 1875//1633 1824//150
f  1824//150 1875//1633 1876//150
f  1824//150 1876//150 1825//150
f  1825//150 1876//150 1827//150
f  1827//150 1876//150 1829//150
f  1829//150 1876//150 1831//150
f  1831//150 1876//150 1833//150
f  1833//150 1876//150 1835//150
f  1835//150 1876//150 1837//150
f  1837//150 1876//150 1839//150
f  1839//150 1876//150 1877//1634
f  1839//150 1877//1634 1841//150
f  1841//150 1877//1634 1843//1635
f  1843//1635 1877//1634 1845//150
f  1874//150 1826//150 1878//150
f  1826//150 1874//150 1823//150
f  1878//150 1826//150 1828//1636
f  1878//150 1828//1636 1830//1637
f  1878//150 1830//1637 1832//1638
f  1878//150 1832//1638 1834//1639
f  1878//150 1834//1639 1836//1640
f  1878//150 1836//1640 1838//1641
f  1878//150 1838//1641 1840//1642
f  1878//150 1840//1642 1842//1643
f  1878//150 1842//1643 1844//1644
f  1878//150 1844//1644 1879//150
f  1879//150 1844//1644 1846//1645
f  1879//150 1846//1645 1845//150
f  1879//150 1845//150 1877//1634
f  1879//150 1877//1634 1880//1646
f  1879//150 1880//1646 1881//150
f  1881//150 1880//1646 1882//1647
f  1881//150 1882//1647 1883//150
f  1859//1618 1851//1648 1857//1617
f  1851//1649 1859//1649 1884//1649
f  1851//1648 1884//1650 1885//1650
f  1851//1648 1885//1650 1886//1651
f  1851//1648 1886//1651 1887//1652
f  1851//1648 1887//1652 1850//1624
f  1850//1624 1887//1652 1888//1653
f  1850//1624 1888//1653 1889//1654
f  1850//1624 1889//1654 1890//1655
f  1850//1624 1890//1655 1891//1656
f  1850//1624 1891//1656 1892//1657
f  1850//1624 1892//1657 1893//1658
f  1850//1624 1893//1658 1894//1659
f  1850//1624 1894//1659 1872//150
f  1850//1624 1872//150 1862//1621
f  1850//1624 1862//1621 1703//1625
f  1703//1625 1862//1621 1707//150
f  1707//150 1862//1621 1895//150
f  1707//150 1895//150 1711//1660
f  1711//1660 1895//150 1715//150
f  1715//150 1895//150 1718//150
f  1718//150 1895//150 1722//150
f  1722//150 1895//150 1896//150
f  1722//150 1896//150 1726//150
f  1726//150 1896//150 1731//150
f  1731//150 1896//150 1735//150
f  1735//150 1896//150 1875//1633
f  1735//150 1875//1633 1737//150
f  1737//150 1875//1633 1733//1661
f  1733//1661 1875//1633 1729//150
f  1729//150 1875//1633 1725//1632
f  1725//1662 1875//1662 1729//1662
f  1729//1662 1875//1662 1733//151
f  1733//151 1875//1662 1737//1663
f  1737//1663 1875//1662 1735//151
f  1875//1662 1896//151 1735//151
f  1735//151 1896//151 1731//151
f  1731//151 1896//151 1726//151
f  1726//151 1896//151 1722//151
f  1896//151 1895//151 1722//151
f  1722//151 1895//151 1718//151
f  1718//151 1895//151 1715//151
f  1715//151 1895//151 1711//151
f  1711//151 1895//151 1707//151
f  1895//151 1862//151 1707//151
f  1707//151 1862//151 1703//151
f  1703//151 1862//151 1850//1664
f  1862//151 1872//151 1850//1664
f  1872//151 1894//151 1850//1664
f  1894//151 1893//151 1850//1664
f  1893//151 1892//1665 1850//1664
f  1892//1665 1891//151 1850//1664
f  1891//151 1890//151 1850//1664
f  1890//151 1889//151 1850//1664
f  1889//151 1888//151 1850//1664
f  1888//151 1887//151 1850//1664
f  1850//1664 1887//151 1851//151
f  1887//151 1886//151 1851//151
f  1886//151 1885//151 1851//151
f  1885//151 1884//151 1851//151
f  1884//1666 1859//1666 1851//1666
f  1857//151 1851//151 1859//151
f  1883//151 1882//151 1881//151
f  1882//151 1880//151 1881//151
f  1881//151 1880//151 1879//151
f  1880//151 1877//1667 1879//151
f  1877//1667 1845//151 1879//151
f  1845//151 1846//151 1879//151
f  1846//151 1844//1668 1879//151
f  1879//151 1844//1668 1878//151
f  1844//1668 1842//151 1878//151
f  1842//151 1840//1669 1878//151
f  1840//1669 1838//1670 1878//151
f  1838//1670 1836//1671 1878//151
f  1836//1671 1834//1672 1878//151
f  1834//1672 1832//1673 1878//151
f  1832//1673 1830//1674 1878//151
f  1830//1674 1828//151 1878//151
f  1828//1675 1826//1675 1878//1675
f  1823//151 1874//151 1826//151
f  1878//151 1826//151 1874//151
f  1845//151 1877//1667 1843//151
f  1843//151 1877//1667 1841//1676
f  1841//1676 1877//1667 1839//151
f  1877//1667 1876//1677 1839//151
f  1839//151 1876//1677 1837//151
f  1837//151 1876//1677 1835//151
f  1835//151 1876//1677 1833//151
f  1833//151 1876//1677 1831//151
f  1831//151 1876//1677 1829//151
f  1829//151 1876//1677 1827//151
f  1827//151 1876//1677 1825//151
f  1825//151 1876//1677 1824//151
f  1876//1677 1875//1662 1824//151
f  1824//151 1875//1662 1823//151
f  1823//151 1875//1662 1874//151
f  1875//1662 1725//1662 1874//151
f  1725//1662 1721//151 1874//151
f  1721//151 1717//1678 1874//151
f  1717//1678 1712//151 1874//151
f  1712//151 1708//151 1874//151
f  1874//151 1708//151 1873//151
f  1708//151 1704//151 1873//151
f  1704//151 1701//151 1873//151
f  1701//151 1697//151 1873//151
f  1873//151 1697//151 1848//151
f  1697//151 1692//151 1848//151
f  1692//151 1690//1679 1848//151
f  1690//1679 1695//151 1848//151
f  1695//151 1699//151 1848//151
f  1703//151 1850//1664 1699//151
f  1848//151 1699//151 1850//1664
f  1872//151 1862//151 1871//151
f  1871//151 1862//151 1870//151
f  1870//151 1862//151 1869//1680
f  1869//1680 1862//151 1868//151
f  1868//151 1862//151 1867//151
f  1867//151 1862//151 1866//151
f  1866//151 1862//151 1865//151
f  1865//151 1862//151 1864//151
f  1864//151 1862//151 1863//151
f  1863//151 1862//151 1861//1681
f  1862//151 1858//1682 1861//1681
f  1861//1681 1858//1682 1860//1683
f  1860//1684 1858//1684 1859//1684
f  1859//151 1858//1682 1857//151
f  1858//1682 1856//151 1857//151
f  1857//151 1856//151 1855//1685
f  1856//151 1852//1686 1855//1685
f  1855//1685 1852//1686 1853//1687
f  1854//151 1853//1687 1852//1686
f  1848//1610 1897//1688 1849//1610
f  1897//1688 1848//1610 1873//1688
f  1873//1689 1848//1612 1897//1689
f  1849//1612 1897//1689 1848//1612
f  1898//1690 1851//1613 3//1613
f  1851//1613 1898//1690 1857//1690
f  1857//1691 1898//1691 1851//1614
f  3//1614 1851//1614 1898//1691
f  1857//1690 1899//1692 1855//1692
f  1899//1692 1857//1690 1898//1690
f  1898//1691 1857//1691 1899//1693
f  1855//1693 1899//1693 1857//1691
f  1853//1694 1899//1692 1900//1694
f  1899//1692 1853//1694 1855//1692
f  1855//1693 1853//1695 1899//1693
f  1900//1695 1899//1693 1853//1695
f  1853//1694 1901//1696 1854//1697
f  1901//1696 1853//1694 1900//1694
f  1900//1695 1853//1695 1901//1698
f  1854//1699 1901//1698 1853//1695
f  1854//1697 1902//1700 1852//1701
f  1902//1700 1854//1697 1901//1696
f  1901//1698 1854//1699 1902//1702
f  1852//1703 1902//1702 1854//1699
f  1856//1704 1902//1700 4//1704
f  1902//1700 1856//1704 1852//1701
f  1852//1703 1856//1705 1902//1702
f  4//1705 1902//1702 1856//1705
f  1858//1706 4//1704 1903//1706
f  4//1704 1858//1706 1856//1704
f  1856//1705 1858//1707 4//1705
f  1903//1707 4//1705 1858//1707
f  1904//1708 1858//1706 1903//1706
f  1858//1706 1904//1708 1862//1708
f  1862//1709 1904//1709 1858//1707
f  1903//1707 1858//1707 1904//1709
f  1905//1710 1862//1708 1904//1708
f  1862//1708 1905//1710 1895//1710
f  1895//1711 1905//1711 1862//1709
f  1904//1709 1862//1709 1905//1711
f  1906//1612 1895//1710 1905//1710
f  1895//1710 1906//1612 1896//1712
f  1896//1713 1906//1610 1895//1711
f  1905//1711 1895//1711 1906//1610
f  1875//1611 1906//1612 1907//1611
f  1906//1612 1875//1611 1896//1712
f  1896//1713 1875//1609 1906//1610
f  1907//1609 1906//1610 1875//1609
f  1876//1614 1907//1611 1//1614
f  1907//1611 1876//1614 1875//1611
f  1875//1609 1876//1613 1907//1609
f  1//1613 1907//1609 1876//1613
f  1877//1691 1//1614 1908//1691
f  1//1614 1877//1691 1876//1614
f  1876//1613 1877//1690 1//1613
f  1908//1690 1//1613 1877//1690
f  1909//1693 1877//1691 1908//1691
f  1877//1691 1909//1693 1880//1693
f  1880//1692 1909//1692 1877//1690
f  1908//1690 1877//1690 1909//1692
f  1910//1714 1880//1693 1909//1693
f  1880//1693 1910//1714 1882//1714
f  1882//1715 1910//1715 1880//1692
f  1909//1692 1880//1692 1910//1715
f  1911//1699 1882//1714 1910//1714
f  1882//1714 1911//1699 1883//1699
f  1883//1697 1911//1697 1882//1715
f  1910//1715 1882//1715 1911//1697
f  1912//1702 1883//1699 1911//1699
f  1883//1699 1912//1702 1881//1702
f  1881//1700 1912//1700 1883//1697
f  1911//1697 1883//1697 1912//1700
f  1912//1702 1879//1705 1881//1702
f  1879//1705 1912//1702 1913//1705
f  1913//1704 1912//1700 1879//1704
f  1881//1700 1879//1704 1912//1700
f  1914//1707 1879//1705 1913//1705
f  1879//1705 1914//1707 1878//1707
f  1878//1706 1914//1706 1879//1704
f  1913//1704 1879//1704 1914//1706
f  1874//1716 1914//1707 1915//1716
f  1914//1707 1874//1716 1878//1707
f  1878//1706 1874//1717 1914//1706
f  1915//1717 1914//1706 1874//1717
f  1873//1688 1915//1716 1897//1688
f  1915//1716 1873//1688 1874//1716
f  1874//1717 1873//1689 1915//1717
f  1897//1689 1915//1717 1873//1689
f  297//46 296//46 293//46
f  296//46 295//46 293//46
f  295//46 294//46 293//46
f  294//46 292//46 293//46
f  293//46 292//46 290//46
f  286//46 290//46 292//46
f  290//1718 288//1718 293//1718
f  298//1719 293//1718 288//1718
f  285//1720 286//1720 299//1720
f  292//1720 299//1720 286//1720
f  299//42 288//42 285//42
f  288//42 299//42 298//42
f  298//42 299//42 306//42
f  298//42 306//42 307//42
f  298//42 307//42 302//42
f  298//42 302//42 301//42
f  319//1721 1195//1721 609//1721
f  1195//1721 319//1721 314//1721
f  1196//42 314//42 311//42
f  314//42 1196//42 1195//42
f  610//1722 1195//1722 1196//1722
f  1195//1722 610//1722 609//1722
f  311//1723 610//1723 1196//1723
f  610//1723 311//1723 316//1723
f  313//46 312//46 315//46
f  314//46 311//46 313//46
f  313//46 311//46 312//46
f  312//46 311//46 309//46
f  311//46 308//46 309//46
f  310//46 309//46 308//46
f  317//1724 308//1724 316//1724
f  311//1725 316//1724 308//1724
f  313//1726 318//1726 314//1726
f  319//1726 314//1726 318//1726
f  317//42 1199//42 1200//42
f  1199//42 317//42 316//42
f  1199//42 316//42 1197//42
f  1197//42 316//42 318//42
f  318//42 316//42 319//42
f  1198//42 1197//42 318//42
f  315//1727 318//1727 313//1727
f  318//1727 315//1727 1198//1727
f  1199//42 1201//42 1200//42
f  1200//1728 308//1728 317//1728
f  308//1728 1200//1728 310//1729
f  1201//1730 310//1730 1200//1730
f  310//1730 1201//1730 1202//1730
f  309//46 310//46 1202//46
f  1198//46 1197//46 1203//46
f  1203//1731 315//1731 1198//1731
f  315//1731 1203//1731 1204//1732
f  315//42 1204//42 312//42
f  333//62 332//62 329//62
f  332//62 331//62 329//62
f  331//62 330//62 329//62
f  330//62 328//62 329//62
f  329//62 328//62 326//62
f  322//62 326//62 328//62
f  326//1733 324//1733 329//1733
f  334//1734 329//1733 324//1733
f  321//1735 322//1735 335//1735
f  328//1735 335//1735 322//1735
f  335//58 324//58 321//58
f  324//58 335//58 334//58
f  334//58 335//58 342//58
f  334//58 342//58 343//58
f  334//58 343//58 338//58
f  334//58 338//58 337//58
f  355//1736 1205//1736 611//1736
f  1205//1736 355//1736 350//1736
f  1206//58 350//58 347//58
f  350//58 1206//58 1205//58
f  612//1737 1205//1737 1206//1737
f  1205//1737 612//1737 611//1737
f  347//1738 612//1738 1206//1738
f  612//1738 347//1738 352//1738
f  349//62 348//62 351//62
f  350//62 347//62 349//62
f  349//62 347//62 348//62
f  348//62 347//62 345//62
f  347//62 344//62 345//62
f  346//62 345//62 344//62
f  353//1739 344//1739 352//1739
f  347//1740 352//1739 344//1739
f  349//1741 354//1741 350//1741
f  355//1741 350//1741 354//1741
f  353//58 1209//58 1210//58
f  1209//58 353//58 352//58
f  1209//58 352//58 1207//58
f  1207//58 352//58 354//58
f  354//58 352//58 355//58
f  1208//58 1207//58 354//58
f  351//1742 354//1742 349//1742
f  354//1742 351//1742 1208//1742
f  1209//58 1211//58 1210//58
f  1210//1743 344//1743 353//1743
f  344//1743 1210//1743 346//1744
f  1211//1745 346//1745 1210//1745
f  346//1745 1211//1745 1212//1745
f  345//62 346//62 1212//62
f  1208//62 1207//62 1213//62
f  1213//1746 351//1746 1208//1746
f  351//1746 1213//1746 1214//1747
f  351//58 1214//58 348//58
f  1916//1394 1917//1395 1918//1396
f  1917//1395 1916//1394 1919//1397
f  1919//1398 1916//1399 1917//1400
f  1918//1401 1917//1400 1916//1399
f  1920//1402 1916//1394 1921//1403
f  1916//1394 1920//1402 1919//1397
f  1919//1398 1920//1404 1916//1399
f  1921//1405 1916//1399 1920//1404
f  1918//1396 1922//1406 1923//1406
f  1922//1406 1918//1396 1917//1395
f  1917//1400 1918//1401 1922//1407
f  1923//1407 1922//1407 1918//1401
f  1924//1408 1921//1403 1925//1408
f  1921//1403 1924//1408 1920//1402
f  1920//1404 1924//1409 1921//1405
f  1925//1409 1921//1405 1924//1409
f  1923//1406 1926//161 1927//161
f  1926//161 1923//1406 1922//1406
f  1922//1407 1923//1407 1926//163
f  1927//163 1926//163 1923//1407
f  1928//160 1925//1408 1929//160
f  1925//1408 1928//160 1924//1408
f  1924//1409 1928//162 1925//1409
f  1929//162 1925//1409 1928//162
f  1926//161 1930//1410 1927//161
f  1930//1410 1926//161 1931//1410
f  1931//1411 1926//163 1930//1411
f  1927//163 1930//1411 1926//163
f  1932//1412 1929//160 1933//1412
f  1929//160 1932//1412 1928//160
f  1928//162 1932//1413 1929//162
f  1933//1413 1929//162 1932//1413
f  1931//1410 1934//1414 1930//1410
f  1934//1414 1931//1410 1935//1415
f  1935//1416 1931//1411 1934//1417
f  1930//1411 1934//1417 1931//1411
f  1936//1418 1933//1412 1937//1418
f  1933//1412 1936//1418 1932//1412
f  1932//1413 1936//1419 1933//1413
f  1937//1419 1933//1413 1936//1419
f  1935//1415 1938//147 1934//1414
f  1938//147 1935//1415 1939//147
f  1939//3 1935//1416 1938//3
f  1934//1417 1938//3 1935//1416
f  1940//1420 1937//1418 1941//1421
f  1937//1418 1940//1420 1936//1418
f  1936//1419 1940//1422 1937//1419
f  1941//1423 1937//1419 1940//1422
f  1938//147 1942//1424 1943//1424
f  1942//1424 1938//147 1939//147
f  1939//3 1938//3 1942//1425
f  1943//1425 1942//1425 1938//3
f  1944//1416 1940//1420 1941//1421
f  1940//1420 1944//1416 1945//1416
f  1945//1415 1944//1415 1940//1422
f  1941//1423 1940//1422 1944//1415
f  1943//1424 1946//1426 1947//1426
f  1946//1426 1943//1424 1942//1424
f  1942//1425 1943//1425 1946//1427
f  1947//1427 1946//1427 1943//1425
f  1948//1428 1945//1416 1944//1416
f  1945//1416 1948//1428 1949//1428
f  1949//1429 1948//1429 1945//1415
f  1944//1415 1945//1415 1948//1429
f  1947//1426 1950//162 1951//162
f  1950//162 1947//1426 1946//1426
f  1946//1427 1947//1427 1950//160
f  1951//160 1950//160 1947//1427
f  1952//163 1949//1428 1948//1428
f  1949//1428 1952//163 1953//163
f  1953//161 1952//161 1949//1429
f  1948//1429 1949//1429 1952//161
f  1951//162 1954//1430 1955//1430
f  1954//1430 1951//162 1950//162
f  1950//160 1951//160 1954//1431
f  1955//1431 1954//1431 1951//160
f  1956//1432 1952//163 1957//1432
f  1952//163 1956//1432 1953//163
f  1953//161 1956//1433 1952//161
f  1957//1433 1952//161 1956//1433
f  1955//1430 1958//1434 1959//1404
f  1958//1434 1955//1430 1954//1430
f  1954//1431 1955//1431 1958//1435
f  1959//1402 1958//1435 1955//1431
f  1960//1400 1957//1432 1961//1401
f  1957//1432 1960//1400 1956//1432
f  1956//1433 1960//1395 1957//1433
f  1961//1396 1957//1433 1960//1395
f  1959//1404 1962//1399 1963//1436
f  1962//1399 1959//1404 1958//1434
f  1958//1435 1959//1402 1962//1394
f  1963//1437 1962//1394 1959//1402
f  1962//1399 1961//1401 1963//1436
f  1961//1401 1962//1399 1960//1400
f  1960//1395 1962//1394 1961//1396
f  1963//1437 1961//1396 1962//1394
f  1304//1438 1964//1439 1965//1438
f  1964//1439 1304//1438 1291//1439
f  1291//1440 1304//1441 1964//1440
f  1965//1441 1964//1440 1304//1441
f  1964//1439 1244//1442 1966//1443
f  1244//1442 1964//1439 1291//1439
f  1291//1440 1964//1440 1244//1444
f  1966//1445 1244//1444 1964//1440
f  1306//1446 1965//1438 1967//1447
f  1965//1438 1306//1446 1304//1438
f  1304//1441 1306//1448 1965//1441
f  1967//1449 1965//1441 1306//1448
f  1968//1442 1245//1450 1969//1450
f  1245//1450 1968//1442 1970//1443
f  1245//1450 1970//1443 1966//1443
f  1245//1450 1966//1443 1244//1442
f  1244//1444 1966//1445 1245//1451
f  1966//1445 1970//1445 1245//1451
f  1970//1445 1968//1444 1245//1451
f  1969//1451 1245//1451 1968//1444
f  1308//1452 1971//1446 1972//1452
f  1971//1446 1308//1452 1973//1447
f  1973//1447 1308//1452 1967//1447
f  1967//1447 1308//1452 1306//1446
f  1306//1448 1308//1453 1967//1449
f  1967//1449 1308//1453 1973//1449
f  1973//1449 1308//1453 1971//1448
f  1972//1453 1971//1448 1308//1453
f  1974//1454 1975//1454 1976//1454
f  1975//1454 1974//1454 1977//151
f  1975//1455 1977//1455 1978//1455
f  1978//151 1977//151 1979//151
f  1979//151 1977//151 1980//151
f  1980//1456 1977//1456 1981//1456
f  1981//1457 1977//1457 1982//1457
f  1982//151 1977//151 1983//151
f  1982//151 1983//151 1984//1458
f  1984//1459 1983//151 1985//1459
f  1985//1459 1983//151 1986//151
f  1986//151 1983//151 1987//151
f  1987//1460 1983//1460 1988//1460
f  1988//151 1983//151 1989//151
f  1989//151 1983//151 1928//151
f  1989//151 1928//151 1969//1461
f  1928//1462 1983//1460 1924//1462
f  1924//151 1983//151 1920//151
f  1920//151 1983//151 1990//1463
f  1920//151 1990//1463 1919//151
f  1919//151 1990//1463 1917//151
f  1917//151 1990//1463 1991//1464
f  1917//151 1991//1464 1922//151
f  1922//151 1991//1464 1992//1465
f  1922//151 1992//1465 1926//151
f  1926//151 1992//1465 1931//151
f  1931//151 1992//1465 1935//151
f  1935//151 1992//1465 1993//1466
f  1935//151 1993//1466 1939//151
f  1939//151 1993//1466 1942//151
f  1942//151 1993//1466 1946//151
f  1946//151 1993//1466 1950//151
f  1994//151 1995//151 1993//1466
f  1995//1467 1994//1467 1996//1467
f  1996//1468 1994//1468 1997//1468
f  1997//151 1994//151 1998//151
f  1998//151 1994//151 1999//151
f  1999//151 1994//151 2000//151
f  2000//151 1994//151 2001//151
f  2001//151 1994//151 2002//151
f  2002//151 1994//151 2003//151
f  2003//151 1994//151 2004//1469
f  2003//1470 2004//1470 2005//1470
f  2005//151 2004//1469 2006//151
f  2006//151 2004//1469 2007//151
f  2007//1471 2004//1471 2008//1471
f  2008//151 2004//1469 1972//151
f  1972//151 2004//1469 2009//151
f  2009//151 2004//1469 2010//151
f  2009//151 2010//151 2011//1472
f  2011//1472 2010//151 2012//151
f  1969//1461 1932//151 1968//151
f  1932//151 1969//1461 1928//151
f  1968//151 1932//151 1936//1473
f  1968//151 1936//1474 1940//1474
f  1968//151 1940//1474 1945//1475
f  1968//151 1945//1475 1949//1476
f  1968//151 1949//1476 2013//151
f  2013//151 1949//1476 1953//1477
f  2013//151 1953//1477 1956//1478
f  2013//151 1956//1478 1960//1479
f  2013//151 1960//1479 2014//151
f  2014//151 1960//1479 1962//1480
f  2014//151 1962//1480 1958//1481
f  2014//151 1958//1481 1954//1482
f  2014//151 1954//1482 2015//1483
f  2014//151 2015//1483 1971//1484
f  2015//1483 1954//1482 1950//151
f  2015//1483 1950//151 1995//151
f  1995//151 1950//151 1993//1466
f  1971//1485 2015//1485 2016//1485
f  1971//1486 2016//1486 2017//1486
f  1971//1487 2017//1487 2018//1487
f  1971//1486 2018//1488 2019//1488
f  1971//1487 2019//1489 2020//1489
f  1971//1486 2020//1490 2021//1490
f  1971//1484 2021//1490 1972//151
f  1972//151 2021//1490 2022//151
f  1972//151 2022//151 2023//1491
f  1972//151 2023//1491 2024//1492
f  1972//151 2024//1492 2025//1493
f  1972//151 2025//1493 2008//151
f  2026//151 2027//151 2028//151
f  2027//151 2026//151 2029//1494
f  2027//151 2029//1494 2030//151
f  2030//151 2029//1494 1974//1454
f  2030//151 1974//1454 2031//1495
f  2031//1495 1974//1454 1976//1454
f  2031//1496 1976//1496 2032//1496
f  2031//1497 2032//1497 2033//1497
f  2031//1498 2033//1498 2034//1498
f  2031//1497 2034//1499 2035//1499
f  2031//1495 2035//1500 1969//1461
f  1969//1461 2035//1500 2036//1501
f  1969//1461 2036//1501 2037//1502
f  1969//1461 2037//1502 2038//1503
f  1969//1461 2038//1503 2039//1504
f  1969//1461 2039//1504 2040//1505
f  1969//1461 2040//1505 2041//1506
f  1969//1507 2041//1507 2042//1507
f  1969//1508 2042//1508 1989//1508
f  1989//150 2042//150 1969//150
f  2042//150 2041//150 1969//150
f  2041//1509 2040//1509 1969//1509
f  2040//150 2039//150 1969//150
f  2039//150 2038//150 1969//150
f  2038//150 2037//150 1969//150
f  2037//150 2036//150 1969//150
f  2036//150 2035//150 1969//150
f  1969//150 2035//150 2031//1510
f  2035//1511 2034//1511 2031//1511
f  2034//1512 2033//1512 2031//1512
f  2033//150 2032//150 2031//1510
f  2032//150 1976//150 2031//1510
f  1976//150 1974//1513 2031//1510
f  2031//1510 1974//1513 2030//1514
f  1974//1513 2029//150 2030//1514
f  2030//1514 2029//150 2027//150
f  2029//150 2026//1515 2027//150
f  2028//150 2027//150 2026//1515
f  2008//150 2025//150 1972//150
f  2025//150 2024//150 1972//150
f  2024//150 2023//1516 1972//150
f  2023//1517 2022//1517 1972//150
f  2022//1517 2021//150 1972//150
f  1972//150 2021//150 1971//150
f  2021//1518 2020//1518 1971//1518
f  2020//150 2019//150 1971//150
f  2019//1519 2018//1519 1971//1518
f  2018//1520 2017//1520 1971//1520
f  2017//150 2016//150 1971//150
f  2016//150 2015//150 1971//150
f  1993//1521 1950//1521 1995//1521
f  1995//1521 1950//1521 2015//150
f  1950//1521 1954//1522 2015//150
f  1971//150 2015//150 2014//150
f  2015//150 1954//1522 2014//150
f  1954//1522 1958//150 2014//150
f  1958//150 1962//150 2014//150
f  1962//150 1960//150 2014//150
f  2014//150 1960//150 2013//1523
f  1960//150 1956//150 2013//1523
f  1956//150 1953//150 2013//1523
f  1953//150 1949//150 2013//1523
f  2013//1523 1949//150 1968//150
f  1949//150 1945//150 1968//150
f  1945//150 1940//1524 1968//150
f  1940//1524 1936//150 1968//150
f  1936//150 1932//150 1968//150
f  1928//1525 1969//1525 1932//1525
f  1968//150 1932//150 1969//150
f  2012//150 2010//150 2011//150
f  2011//150 2010//150 2009//150
f  2010//150 2004//150 2009//150
f  2009//150 2004//150 1972//150
f  1972//150 2004//150 2008//150
f  2008//150 2004//150 2007//150
f  2007//150 2004//150 2006//150
f  2006//150 2004//150 2005//150
f  2005//1526 2004//1526 2003//1526
f  2004//150 1994//150 2003//150
f  2003//150 1994//150 2002//150
f  2002//150 1994//150 2001//150
f  2001//150 1994//150 2000//150
f  2000//150 1994//150 1999//150
f  1999//150 1994//150 1998//150
f  1998//150 1994//150 1997//150
f  1997//1527 1994//1527 1996//1527
f  1996//150 1994//150 1995//1521
f  1993//1521 1995//1521 1994//150
f  1950//1521 1993//1521 1946//150
f  1946//150 1993//1521 1942//150
f  1942//150 1993//1521 1939//150
f  1939//150 1993//1521 1935//150
f  1993//1521 1992//1528 1935//150
f  1935//150 1992//1528 1931//150
f  1931//150 1992//1528 1926//150
f  1926//150 1992//1528 1922//150
f  1992//1528 1991//150 1922//150
f  1922//150 1991//150 1917//150
f  1991//150 1990//1529 1917//150
f  1917//150 1990//1529 1919//150
f  1919//150 1990//1529 1920//150
f  1990//1529 1983//150 1920//150
f  1920//150 1983//150 1924//150
f  1924//150 1983//150 1928//150
f  1969//150 1928//150 1989//150
f  1928//150 1983//150 1989//150
f  1989//150 1983//150 1988//150
f  1988//1530 1983//1530 1987//1530
f  1987//1531 1983//1531 1986//1531
f  1986//150 1983//150 1985//150
f  1985//150 1983//150 1984//1532
f  1984//1532 1983//150 1982//150
f  1983//150 1977//150 1982//150
f  1982//150 1977//150 1981//150
f  1981//1533 1977//1533 1980//1533
f  1980//150 1977//150 1979//150
f  1979//150 1977//150 1978//150
f  1978//1534 1977//1534 1975//1534
f  1977//150 1974//1513 1975//150
f  1976//150 1975//150 1974//1513
f  2043//1439 1968//1442 2013//1439
f  1968//1442 2043//1439 1970//1443
f  1970//1445 2043//1440 1968//1444
f  2013//1440 1968//1444 2043//1440
f  1969//1450 1298//1535 2031//1535
f  1298//1535 1969//1450 1245//1450
f  1245//1451 1969//1451 1298//1536
f  2031//1536 1298//1536 1969//1451
f  2009//1537 1308//1452 1972//1452
f  1308//1452 2009//1537 1310//1537
f  1310//1538 2009//1538 1308//1453
f  1972//1453 1308//1453 2009//1538
f  1973//1447 2014//1438 1971//1446
f  2014//1438 1973//1447 2044//1438
f  2044//1441 1973//1449 2014//1441
f  1971//1448 2014//1441 1973//1449
f  2044//1438 2013//1439 2014//1438
f  2013//1439 2044//1438 2043//1439
f  2043//1440 2044//1441 2013//1440
f  2014//1441 2013//1440 2044//1441
f  1298//1535 2030//1539 2031//1535
f  2030//1539 1298//1535 1296//1539
f  1296//1540 1298//1536 2030//1540
f  2031//1536 2030//1540 1298//1536
f  1296//1539 2027//1541 2030//1539
f  2027//1541 1296//1539 1292//1541
f  1292//1542 1296//1540 2027//1542
f  2030//1540 2027//1542 1296//1540
f  1294//1543 2027//1541 1292//1541
f  2027//1541 1294//1543 2028//1543
f  2028//1544 1294//1544 2027//1542
f  1292//1542 2027//1542 1294//1544
f  1294//1543 2026//1545 2028//1543
f  2026//1545 1294//1543 1293//1545
f  1293//1546 1294//1544 2026//1546
f  2028//1544 2026//1546 1294//1544
f  1293//1545 2029//1538 2026//1545
f  2029//1538 1293//1545 1295//1538
f  1295//1537 1293//1546 2029//1537
f  2026//1546 2029//1537 1293//1546
f  1295//1538 1974//1547 2029//1538
f  1974//1547 1295//1538 1297//1548
f  1297//1549 1295//1537 1974//1550
f  2029//1537 1974//1550 1295//1537
f  1974//1547 2045//1448 1977//1448
f  2045//1448 1974//1547 1297//1548
f  2045//1448 1297//1548 1299//1551
f  1299//1551 1297//1548 24//1552
f  24//1553 1297//1549 1299//1554
f  1299//1554 1297//1549 2045//1446
f  1297//1549 1974//1550 2045//1446
f  1977//1446 2045//1446 1974//1550
f  1977//1448 2046//1441 1983//1441
f  2046//1441 1977//1448 2045//1448
f  2045//1446 1977//1446 2046//1438
f  1983//1438 2046//1438 1977//1446
f  1990//1555 2047//1440 1991//1440
f  2047//1440 1990//1555 1983//1441
f  2047//1440 1983//1441 2046//1441
f  2046//1438 1983//1438 2047//1439
f  1983//1438 1990//1556 2047//1439
f  1991//1439 2047//1439 1990//1556
f  2047//1440 1992//1444 1991//1440
f  1992//1444 2047//1440 2048//1444
f  2048//1442 2047//1439 1992//1442
f  1991//1439 1992//1442 2047//1439
f  2048//1444 1993//1451 1992//1444
f  1993//1451 2048//1444 1305//1451
f  1305//1451 2048//1444 1303//1444
f  1303//1442 2048//1442 1305//1450
f  1305//1450 2048//1442 1993//1450
f  1992//1442 1993//1450 2048//1442
f  1305//1451 1994//1536 1993//1451
f  1994//1536 1305//1451 1307//1536
f  1307//1535 1305//1450 1994//1535
f  1993//1450 1994//1535 1305//1450
f  1994//1536 1309//1540 2004//1540
f  1309//1540 1994//1536 1307//1536
f  1307//1535 1994//1535 1309//1539
f  2004//1539 1309//1539 1994//1535
f  2004//1540 1311//1542 2010//1542
f  1311//1542 2004//1540 1309//1540
f  1309//1539 2004//1539 1311//1541
f  2010//1541 1311//1541 2004//1539
f  2010//1542 1313//1544 2012//1544
f  1313//1544 2010//1542 1311//1542
f  1311//1541 2010//1541 1313//1543
f  2012//1543 1313//1543 2010//1541
f  2011//1546 1313//1544 1312//1546
f  1313//1544 2011//1546 2012//1544
f  2012//1543 2011//1545 1313//1543
f  1312//1545 1313//1543 2011//1545
f  2011//1546 1310//1537 2009//1537
f  1310//1537 2011//1546 1312//1546
f  1312//1545 2011//1545 1310//1538
f  2009//1538 1310//1538 2011//1545
f  2045//1448 1300//1441 2046//1441
f  1300//1441 2045//1448 1299//1551
f  1299//1554 2045//1446 1300//1438
f  2046//1438 1300//1438 2045//1446
f  2046//1441 1302//1440 2047//1440
f  1302//1440 2046//1441 1300//1441
f  1302//1440 1300//1441 1301//150
f  1301//150 1300//1438 1302//1439
f  1300//1438 2046//1438 1302//1439
f  2047//1439 1302//1439 2046//1438
f  1302//1440 2048//1444 2047//1440
f  2048//1444 1302//1440 1303//1444
f  1303//1442 1302//1439 2048//1442
f  2047//1439 2048//1442 1302//1439
f  2015//1557 2049//1558 2050//1559
f  2049//1558 2015//1557 1995//1560
f  1995//1561 2015//1562 2049//1563
f  2050//1564 2049//1563 2015//1562
f  2016//1565 2050//1559 2051//1565
f  2050//1559 2016//1565 2015//1557
f  2015//1562 2016//1566 2050//1564
f  2051//1566 2050//1564 2016//1566
f  1995//1560 2052//1431 2049//1558
f  2052//1431 1995//1560 1996//1567
f  1996//1568 1995//1561 2052//1430
f  2049//1563 2052//1430 1995//1561
f  2017//1569 2051//1565 2053//1569
f  2051//1565 2017//1569 2016//1565
f  2016//1566 2017//1570 2051//1566
f  2053//1570 2051//1566 2017//1570
f  1996//1567 2054//1571 2052//1431
f  2054//1571 1996//1567 1997//1571
f  1997//1572 1996//1568 2054//1572
f  2052//1430 2054//1572 1996//1568
f  2055//1573 2017//1569 2053//1569
f  2017//1569 2055//1573 2018//1573
f  2018//1574 2055//1574 2017//1570
f  2053//1570 2017//1570 2055//1574
f  1997//1571 2056//1397 2054//1571
f  2056//1397 1997//1571 1998//1397
f  1998//1398 1997//1572 2056//1398
f  2054//1572 2056//1398 1997//1572
f  2057//1575 2018//1573 2055//1573
f  2018//1573 2057//1575 2019//1428
f  2019//1429 2057//1576 2018//1574
f  2055//1574 2018//1574 2057//1576
f  2056//1397 1999//1577 2058//1578
f  1999//1577 2056//1397 1998//1397
f  1998//1398 2056//1398 1999//1579
f  2058//1580 1999//1579 2056//1398
f  2059//163 2019//1428 2057//1575
f  2019//1428 2059//163 2020//1581
f  2020//1582 2059//161 2019//1429
f  2057//1576 2019//1429 2059//161
f  2058//1578 2000//1583 2060//1433
f  2000//1583 2058//1578 1999//1577
f  1999//1579 2058//1580 2000//1584
f  2060//1432 2000//1584 2058//1580
f  2021//1432 2059//163 2061//1585
f  2059//163 2021//1432 2020//1581
f  2020//1582 2021//1433 2059//161
f  2061//1586 2059//161 2021//1433
f  2060//1433 2001//161 2062//1587
f  2001//161 2060//1433 2000//1583
f  2000//1584 2060//1432 2001//163
f  2062//1588 2001//163 2060//1432
f  2022//1589 2061//1585 2063//1400
f  2061//1585 2022//1589 2021//1432
f  2021//1433 2022//1590 2061//1586
f  2063//1395 2061//1586 2022//1590
f  2001//161 2064//1429 2062//1587
f  2064//1429 2001//161 2002//1591
f  2002//1592 2001//163 2064//1428
f  2062//1588 2064//1428 2001//163
f  2023//1593 2063//1400 2065//1436
f  2063//1400 2023//1593 2022//1589
f  2022//1590 2023//1594 2063//1395
f  2065//1437 2063//1395 2023//1594
f  2002//1591 2066//1595 2064//1429
f  2066//1595 2002//1591 2003//1415
f  2003//1416 2002//1592 2066//1596
f  2064//1428 2066//1596 2002//1592
f  2067//1434 2023//1593 2065//1436
f  2023//1593 2067//1434 2024//1434
f  2024//1435 2067//1435 2023//1594
f  2065//1437 2023//1594 2067//1435
f  2003//1415 2068//1422 2066//1595
f  2068//1422 2003//1415 2005//1597
f  2005//1598 2003//1416 2068//1420
f  2066//1596 2068//1420 2003//1416
f  2069//1430 2024//1434 2067//1434
f  2024//1434 2069//1430 2025//1599
f  2025//1600 2069//1431 2024//1435
f  2067//1435 2024//1435 2069//1431
f  2068//1422 2006//1424 2070//1424
f  2006//1424 2068//1422 2005//1597
f  2005//1598 2068//1420 2006//1425
f  2070//1425 2006//1425 2068//1420
f  2071//1601 2025//1599 2069//1430
f  2025//1599 2071//1601 2008//1602
f  2008//1603 2071//1604 2025//1600
f  2069//1431 2025//1600 2071//1604
f  2070//1424 2007//1605 2072//1606
f  2007//1605 2070//1424 2006//1424
f  2006//1425 2070//1425 2007//1607
f  2072//1608 2007//1607 2070//1425
f  2072//1606 2008//1602 2071//1601
f  2008//1602 2072//1606 2007//1605
f  2007//1607 2072//1608 2008//1603
f  2071//1604 2008//1603 2072//1608
f  2073//1609 2074//1610 2075//1610
f  2074//1610 2073//1609 2076//1609
f  2076//1611 2073//1611 2074//1612
f  2075//1612 2074//1612 2073//1611
f  15//1613 2076//1609 2073//1609
f  2076//1609 15//1613 2077//1613
f  2077//1614 15//1614 2076//1611
f  2073//1611 2076//1611 15//1614
f  2078//150 2079//150 2080//150
f  2079//150 2078//150 2081//1615
f  2081//1615 2078//150 2082//1616
f  2081//1615 2082//1616 2083//1617
f  2083//1617 2082//1616 2084//150
f  2083//1617 2084//150 2085//1618
f  2085//1619 2084//1619 2086//1619
f  2086//1620 2084//150 2087//1620
f  2087//1620 2084//150 2088//1621
f  2087//1620 2088//1621 2089//1622
f  2089//1622 2088//1621 2090//150
f  2090//150 2088//1621 2091//150
f  2091//150 2088//1621 2092//150
f  2092//150 2088//1621 2093//150
f  2093//150 2088//1621 2094//150
f  2094//150 2088//1621 2095//150
f  2095//150 2088//1621 2096//1623
f  2096//1623 2088//1621 2097//150
f  2097//150 2088//1621 2098//150
f  2076//1624 1925//1624 2074//1624
f  1925//1624 2076//1624 1929//1625
f  2074//1624 1925//1624 1921//1626
f  2074//1624 1921//1626 1916//1627
f  2074//1624 1916//1627 1918//1628
f  2074//1624 1918//1628 1923//150
f  2074//1624 1923//150 2099//150
f  2099//150 1923//150 1927//981
f  2099//150 1927//981 1930//1629
f  2099//150 1930//1629 1934//150
f  2099//150 1934//150 2100//150
f  2100//150 1934//150 1938//150
f  2100//150 1938//150 1943//1630
f  2100//150 1943//1630 1947//1631
f  2100//150 1947//1631 1951//1632
f  2100//150 1951//1632 2101//1633
f  2100//150 2101//1633 2049//150
f  2049//150 2101//1633 2050//150
f  2050//150 2101//1633 2102//150
f  2050//150 2102//150 2051//150
f  2051//150 2102//150 2053//150
f  2053//150 2102//150 2055//150
f  2055//150 2102//150 2057//150
f  2057//150 2102//150 2059//150
f  2059//150 2102//150 2061//150
f  2061//150 2102//150 2063//150
f  2063//150 2102//150 2065//150
f  2065//150 2102//150 2103//1634
f  2065//150 2103//1634 2067//150
f  2067//150 2103//1634 2069//1635
f  2069//1635 2103//1634 2071//150
f  2100//150 2052//150 2104//150
f  2052//150 2100//150 2049//150
f  2104//150 2052//150 2054//1636
f  2104//150 2054//1636 2056//1637
f  2104//150 2056//1637 2058//1638
f  2104//150 2058//1638 2060//1639
f  2104//150 2060//1639 2062//1640
f  2104//150 2062//1640 2064//1641
f  2104//150 2064//1641 2066//1642
f  2104//150 2066//1642 2068//1643
f  2104//150 2068//1643 2070//1644
f  2104//150 2070//1644 2105//150
f  2105//150 2070//1644 2072//1645
f  2105//150 2072//1645 2071//150
f  2105//150 2071//150 2103//1634
f  2105//150 2103//1634 2106//1646
f  2105//150 2106//1646 2107//150
f  2107//150 2106//1646 2108//1647
f  2107//150 2108//1647 2109//150
f  2085//1618 2077//1648 2083//1617
f  2077//1649 2085//1649 2110//1649
f  2077//1648 2110//1650 2111//1650
f  2077//1648 2111//1650 2112//1651
f  2077//1648 2112//1651 2113//1652
f  2077//1648 2113//1652 2076//1624
f  2076//1624 2113//1652 2114//1653
f  2076//1624 2114//1653 2115//1654
f  2076//1624 2115//1654 2116//1655
f  2076//1624 2116//1655 2117//1656
f  2076//1624 2117//1656 2118//1657
f  2076//1624 2118//1657 2119//1658
f  2076//1624 2119//1658 2120//1659
f  2076//1624 2120//1659 2098//150
f  2076//1624 2098//150 2088//1621
f  2076//1624 2088//1621 1929//1625
f  1929//1625 2088//1621 1933//150
f  1933//150 2088//1621 2121//150
f  1933//150 2121//150 1937//1660
f  1937//1660 2121//150 1941//150
f  1941//150 2121//150 1944//150
f  1944//150 2121//150 1948//150
f  1948//150 2121//150 2122//150
f  1948//150 2122//150 1952//150
f  1952//150 2122//150 1957//150
f  1957//150 2122//150 1961//150
f  1961//150 2122//150 2101//1633
f  1961//150 2101//1633 1963//150
f  1963//150 2101//1633 1959//1661
f  1959//1661 2101//1633 1955//150
f  1955//150 2101//1633 1951//1632
f  1951//1662 2101//1662 1955//1662
f  1955//1662 2101//1662 1959//151
f  1959//151 2101//1662 1963//1663
f  1963//1663 2101//1662 1961//151
f  2101//1662 2122//151 1961//151
f  1961//151 2122//151 1957//151
f  1957//151 2122//151 1952//151
f  1952//151 2122//151 1948//151
f  2122//151 2121//151 1948//151
f  1948//151 2121//151 1944//151
f  1944//151 2121//151 1941//151
f  1941//151 2121//151 1937//151
f  1937//151 2121//151 1933//151
f  2121//151 2088//151 1933//151
f  1933//151 2088//151 1929//151
f  1929//151 2088//151 2076//1664
f  2088//151 2098//151 2076//1664
f  2098//151 2120//151 2076//1664
f  2120//151 2119//151 2076//1664
f  2119//151 2118//1665 2076//1664
f  2118//1665 2117//151 2076//1664
f  2117//151 2116//151 2076//1664
f  2116//151 2115//151 2076//1664
f  2115//151 2114//151 2076//1664
f  2114//151 2113//151 2076//1664
f  2076//1664 2113//151 2077//151
f  2113//151 2112//151 2077//151
f  2112//151 2111//151 2077//151
f  2111//151 2110//151 2077//151
f  2110//1666 2085//1666 2077//1666
f  2083//151 2077//151 2085//151
f  2109//151 2108//151 2107//151
f  2108//151 2106//151 2107//151
f  2107//151 2106//151 2105//151
f  2106//151 2103//1667 2105//151
f  2103//1667 2071//151 2105//151
f  2071//151 2072//151 2105//151
f  2072//151 2070//1668 2105//151
f  2105//151 2070//1668 2104//151
f  2070//1668 2068//151 2104//151
f  2068//151 2066//1669 2104//151
f  2066//1669 2064//1670 2104//151
f  2064//1670 2062//1671 2104//151
f  2062//1671 2060//1672 2104//151
f  2060//1672 2058//1673 2104//151
f  2058//1673 2056//1674 2104//151
f  2056//1674 2054//151 2104//151
f  2054//1675 2052//1675 2104//1675
f  2049//151 2100//151 2052//151
f  2104//151 2052//151 2100//151
f  2071//151 2103//1667 2069//151
f  2069//151 2103//1667 2067//1676
f  2067//1676 2103//1667 2065//151
f  2103//1667 2102//1677 2065//151
f  2065//151 2102//1677 2063//151
f  2063//151 2102//1677 2061//151
f  2061//151 2102//1677 2059//151
f  2059//151 2102//1677 2057//151
f  2057//151 2102//1677 2055//151
f  2055//151 2102//1677 2053//151
f  2053//151 2102//1677 2051//151
f  2051//151 2102//1677 2050//151
f  2102//1677 2101//1662 2050//151
f  2050//151 2101//1662 2049//151
f  2049//151 2101//1662 2100//151
f  2101//1662 1951//1662 2100//151
f  1951//1662 1947//151 2100//151
f  1947//151 1943//1678 2100//151
f  1943//1678 1938//151 2100//151
f  1938//151 1934//151 2100//151
f  2100//151 1934//151 2099//151
f  1934//151 1930//151 2099//151
f  1930//151 1927//151 2099//151
f  1927//151 1923//151 2099//151
f  2099//151 1923//151 2074//151
f  1923//151 1918//151 2074//151
f  1918//151 1916//1679 2074//151
f  1916//1679 1921//151 2074//151
f  1921//151 1925//151 2074//151
f  1929//151 2076//1664 1925//151
f  2074//151 1925//151 2076//1664
f  2098//151 2088//151 2097//151
f  2097//151 2088//151 2096//151
f  2096//151 2088//151 2095//1680
f  2095//1680 2088//151 2094//151
f  2094//151 2088//151 2093//151
f  2093//151 2088//151 2092//151
f  2092//151 2088//151 2091//151
f  2091//151 2088//151 2090//151
f  2090//151 2088//151 2089//151
f  2089//151 2088//151 2087//1681
f  2088//151 2084//1682 2087//1681
f  2087//1681 2084//1682 2086//1683
f  2086//1684 2084//1684 2085//1684
f  2085//151 2084//1682 2083//151
f  2084//1682 2082//151 2083//151
f  2083//151 2082//151 2081//1685
f  2082//151 2078//1686 2081//1685
f  2081//1685 2078//1686 2079//1687
f  2080//151 2079//1687 2078//1686
f  2074//1610 2123//1688 2075//1610
f  2123//1688 2074//1610 2099//1688
f  2099//1689 2074//1612 2123//1689
f  2075//1612 2123//1689 2074//1612
f  2124//1690 2077//1613 15//1613
f  2077//1613 2124//1690 2083//1690
f  2083//1691 2124//1691 2077//1614
f  15//1614 2077//1614 2124//1691
f  2083//1690 2125//1692 2081//1692
f  2125//1692 2083//1690 2124//1690
f  2124//1691 2083//1691 2125//1693
f  2081//1693 2125//1693 2083//1691
f  2079//1694 2125//1692 2126//1694
f  2125//1692 2079//1694 2081//1692
f  2081//1693 2079//1695 2125//1693
f  2126//1695 2125//1693 2079//1695
f  2079//1694 2127//1696 2080//1697
f  2127//1696 2079//1694 2126//1694
f  2126//1695 2079//1695 2127//1698
f  2080//1699 2127//1698 2079//1695
f  2080//1697 2128//1700 2078//1701
f  2128//1700 2080//1697 2127//1696
f  2127//1698 2080//1699 2128//1702
f  2078//1703 2128//1702 2080//1699
f  2082//1704 2128//1700 16//1704
f  2128//1700 2082//1704 2078//1701
f  2078//1703 2082//1705 2128//1702
f  16//1705 2128//1702 2082//1705
f  2084//1706 16//1704 2129//1706
f  16//1704 2084//1706 2082//1704
f  2082//1705 2084//1707 16//1705
f  2129//1707 16//1705 2084//1707
f  2130//1708 2084//1706 2129//1706
f  2084//1706 2130//1708 2088//1708
f  2088//1709 2130//1709 2084//1707
f  2129//1707 2084//1707 2130//1709
f  2131//1710 2088//1708 2130//1708
f  2088//1708 2131//1710 2121//1710
f  2121//1711 2131//1711 2088//1709
f  2130//1709 2088//1709 2131//1711
f  2132//1612 2121//1710 2131//1710
f  2121//1710 2132//1612 2122//1712
f  2122//1713 2132//1610 2121//1711
f  2131//1711 2121//1711 2132//1610
f  2101//1611 2132//1612 2133//1611
f  2132//1612 2101//1611 2122//1712
f  2122//1713 2101//1609 2132//1610
f  2133//1609 2132//1610 2101//1609
f  2102//1614 2133//1611 13//1614
f  2133//1611 2102//1614 2101//1611
f  2101//1609 2102//1613 2133//1609
f  13//1613 2133//1609 2102//1613
f  2103//1691 13//1614 2134//1691
f  13//1614 2103//1691 2102//1614
f  2102//1613 2103//1690 13//1613
f  2134//1690 13//1613 2103//1690
f  2135//1693 2103//1691 2134//1691
f  2103//1691 2135//1693 2106//1693
f  2106//1692 2135//1692 2103//1690
f  2134//1690 2103//1690 2135//1692
f  2136//1714 2106//1693 2135//1693
f  2106//1693 2136//1714 2108//1714
f  2108//1715 2136//1715 2106//1692
f  2135//1692 2106//1692 2136//1715
f  2137//1699 2108//1714 2136//1714
f  2108//1714 2137//1699 2109//1699
f  2109//1697 2137//1697 2108//1715
f  2136//1715 2108//1715 2137//1697
f  2138//1702 2109//1699 2137//1699
f  2109//1699 2138//1702 2107//1702
f  2107//1700 2138//1700 2109//1697
f  2137//1697 2109//1697 2138//1700
f  2138//1702 2105//1705 2107//1702
f  2105//1705 2138//1702 2139//1705
f  2139//1704 2138//1700 2105//1704
f  2107//1700 2105//1704 2138//1700
f  2140//1707 2105//1705 2139//1705
f  2105//1705 2140//1707 2104//1707
f  2104//1706 2140//1706 2105//1704
f  2139//1704 2105//1704 2140//1706
f  2100//1716 2140//1707 2141//1716
f  2140//1707 2100//1716 2104//1707
f  2104//1706 2100//1717 2140//1706
f  2141//1717 2140//1706 2100//1717
f  2099//1688 2141//1716 2123//1688
f  2141//1716 2099//1688 2100//1716
f  2100//1717 2099//1689 2141//1717
f  2123//1689 2141//1717 2099//1689
f  373//77 372//77 369//77
f  372//77 371//77 369//77
f  371//77 370//77 369//77
f  370//77 368//77 369//77
f  369//77 368//77 366//77
f  362//77 366//77 368//77
f  366//1748 364//1748 369//1748
f  374//1749 369//1748 364//1748
f  361//750 362//750 375//750
f  368//750 375//750 362//750
f  375//74 364//74 361//74
f  364//74 375//74 374//74
f  374//74 375//74 382//74
f  374//74 382//74 383//74
f  374//74 383//74 378//74
f  374//74 378//74 377//74
f  395//1750 1360//1750 613//1750
f  1360//1750 395//1750 390//1750
f  1361//74 390//74 387//74
f  390//74 1361//74 1360//74
f  614//1751 1360//1751 1361//1751
f  1360//1751 614//1751 613//1751
f  387//1752 614//1752 1361//1752
f  614//1752 387//1752 392//1752
f  389//77 388//77 391//77
f  390//77 387//77 389//77
f  389//77 387//77 388//77
f  388//77 387//77 385//77
f  387//77 384//77 385//77
f  386//77 385//77 384//77
f  393//1753 384//1753 392//1753
f  387//1754 392//1753 384//1753
f  389//1755 394//1755 390//1755
f  395//1755 390//1755 394//1755
f  393//74 1364//74 1365//74
f  1364//74 393//74 392//74
f  1364//74 392//74 1362//74
f  1362//74 392//74 394//74
f  394//74 392//74 395//74
f  1363//74 1362//74 394//74
f  391//1756 394//1756 389//1756
f  394//1756 391//1756 1363//1756
f  1364//74 1366//74 1365//74
f  1365//1757 384//1757 393//1757
f  384//1757 1365//1757 386//1758
f  1366//1759 386//1759 1365//1759
f  386//1759 1366//1759 1367//1759
f  385//77 386//77 1367//77
f  1363//77 1362//77 1368//77
f  1368//1760 391//1760 1363//1760
f  391//1760 1368//1760 1369//1761
f  391//74 1369//74 388//74
f  409//93 408//93 405//93
f  408//93 407//93 405//93
f  407//93 406//93 405//93
f  406//93 404//93 405//93
f  405//93 404//93 402//93
f  398//93 402//93 404//93
f  402//1762 400//1762 405//1762
f  410//1763 405//1762 400//1762
f  397//1764 398//1764 411//1764
f  404//1764 411//1764 398//1764
f  411//89 400//89 397//89
f  400//89 411//89 410//89
f  410//89 411//89 418//89
f  410//89 418//89 419//89
f  410//89 419//89 414//89
f  410//89 414//89 413//89
f  431//1765 1370//1765 615//1765
f  1370//1765 431//1765 426//1765
f  1371//89 426//89 423//89
f  426//89 1371//89 1370//89
f  616//1766 1370//1766 1371//1766
f  1370//1766 616//1766 615//1766
f  423//1767 616//1767 1371//1767
f  616//1767 423//1767 428//1767
f  425//93 424//93 427//93
f  426//93 423//93 425//93
f  425//93 423//93 424//93
f  424//93 423//93 421//93
f  423//93 420//93 421//93
f  422//93 421//93 420//93
f  429//1768 420//1768 428//1768
f  423//1769 428//1768 420//1768
f  425//1770 430//1770 426//1770
f  431//1770 426//1770 430//1770
f  429//89 1374//89 1375//89
f  1374//89 429//89 428//89
f  1374//89 428//89 1372//89
f  1372//89 428//89 430//89
f  430//89 428//89 431//89
f  1373//89 1372//89 430//89
f  427//1771 430//1771 425//1771
f  430//1771 427//1771 1373//1771
f  1374//89 1376//89 1375//89
f  1375//1772 420//1772 429//1772
f  420//1772 1375//1772 422//1773
f  1376//1774 422//1774 1375//1774
f  422//1774 1376//1774 1377//1774
f  421//93 422//93 1377//93
f  1373//93 1372//93 1378//93
f  1378//1775 427//1775 1373//1775
f  427//1775 1378//1775 1379//1776
f  427//89 1379//89 424//89
f  2142//1394 2143//1395 2144//1396
f  2143//1395 2142//1394 2145//1397
f  2145//1398 2142//1399 2143//1400
f  2144//1401 2143//1400 2142//1399
f  2146//1402 2142//1394 2147//1403
f  2142//1394 2146//1402 2145//1397
f  2145//1398 2146//1404 2142//1399
f  2147//1405 2142//1399 2146//1404
f  2144//1396 2148//1406 2149//1406
f  2148//1406 2144//1396 2143//1395
f  2143//1400 2144//1401 2148//1407
f  2149//1407 2148//1407 2144//1401
f  2150//1408 2147//1403 2151//1408
f  2147//1403 2150//1408 2146//1402
f  2146//1404 2150//1409 2147//1405
f  2151//1409 2147//1405 2150//1409
f  2149//1406 2152//161 2153//161
f  2152//161 2149//1406 2148//1406
f  2148//1407 2149//1407 2152//163
f  2153//163 2152//163 2149//1407
f  2154//160 2151//1408 2155//160
f  2151//1408 2154//160 2150//1408
f  2150//1409 2154//162 2151//1409
f  2155//162 2151//1409 2154//162
f  2152//161 2156//1410 2153//161
f  2156//1410 2152//161 2157//1410
f  2157//1411 2152//163 2156//1411
f  2153//163 2156//1411 2152//163
f  2158//1412 2155//160 2159//1412
f  2155//160 2158//1412 2154//160
f  2154//162 2158//1413 2155//162
f  2159//1413 2155//162 2158//1413
f  2157//1410 2160//1414 2156//1410
f  2160//1414 2157//1410 2161//1415
f  2161//1416 2157//1411 2160//1417
f  2156//1411 2160//1417 2157//1411
f  2162//1418 2159//1412 2163//1418
f  2159//1412 2162//1418 2158//1412
f  2158//1413 2162//1419 2159//1413
f  2163//1419 2159//1413 2162//1419
f  2161//1415 2164//147 2160//1414
f  2164//147 2161//1415 2165//147
f  2165//3 2161//1416 2164//3
f  2160//1417 2164//3 2161//1416
f  2166//1420 2163//1418 2167//1421
f  2163//1418 2166//1420 2162//1418
f  2162//1419 2166//1422 2163//1419
f  2167//1423 2163//1419 2166//1422
f  2164//147 2168//1424 2169//1424
f  2168//1424 2164//147 2165//147
f  2165//3 2164//3 2168//1425
f  2169//1425 2168//1425 2164//3
f  2170//1416 2166//1420 2167//1421
f  2166//1420 2170//1416 2171//1416
f  2171//1415 2170//1415 2166//1422
f  2167//1423 2166//1422 2170//1415
f  2169//1424 2172//1426 2173//1426
f  2172//1426 2169//1424 2168//1424
f  2168//1425 2169//1425 2172//1427
f  2173//1427 2172//1427 2169//1425
f  2174//1428 2171//1416 2170//1416
f  2171//1416 2174//1428 2175//1428
f  2175//1429 2174//1429 2171//1415
f  2170//1415 2171//1415 2174//1429
f  2173//1426 2176//162 2177//162
f  2176//162 2173//1426 2172//1426
f  2172//1427 2173//1427 2176//160
f  2177//160 2176//160 2173//1427
f  2178//163 2175//1428 2174//1428
f  2175//1428 2178//163 2179//163
f  2179//161 2178//161 2175//1429
f  2174//1429 2175//1429 2178//161
f  2177//162 2180//1430 2181//1430
f  2180//1430 2177//162 2176//162
f  2176//160 2177//160 2180//1431
f  2181//1431 2180//1431 2177//160
f  2182//1432 2178//163 2183//1432
f  2178//163 2182//1432 2179//163
f  2179//161 2182//1433 2178//161
f  2183//1433 2178//161 2182//1433
f  2181//1430 2184//1434 2185//1404
f  2184//1434 2181//1430 2180//1430
f  2180//1431 2181//1431 2184//1435
f  2185//1402 2184//1435 2181//1431
f  2186//1400 2183//1432 2187//1401
f  2183//1432 2186//1400 2182//1432
f  2182//1433 2186//1395 2183//1433
f  2187//1396 2183//1433 2186//1395
f  2185//1404 2188//1399 2189//1436
f  2188//1399 2185//1404 2184//1434
f  2184//1435 2185//1402 2188//1394
f  2189//1437 2188//1394 2185//1402
f  2188//1399 2187//1401 2189//1436
f  2187//1401 2188//1399 2186//1400
f  2186//1395 2188//1394 2187//1396
f  2189//1437 2187//1396 2188//1394
f  1469//1438 2190//1439 2191//1438
f  2190//1439 1469//1438 1456//1439
f  1456//1440 1469//1441 2190//1440
f  2191//1441 2190//1440 1469//1441
f  2190//1439 1409//1442 2192//1443
f  1409//1442 2190//1439 1456//1439
f  1456//1440 2190//1440 1409//1444
f  2192//1445 1409//1444 2190//1440
f  1471//1446 2191//1438 2193//1447
f  2191//1438 1471//1446 1469//1438
f  1469//1441 1471//1448 2191//1441
f  2193//1449 2191//1441 1471//1448
f  2194//1442 1410//1450 2195//1450
f  1410//1450 2194//1442 2196//1443
f  1410//1450 2196//1443 2192//1443
f  1410//1450 2192//1443 1409//1442
f  1409//1444 2192//1445 1410//1451
f  2192//1445 2196//1445 1410//1451
f  2196//1445 2194//1444 1410//1451
f  2195//1451 1410//1451 2194//1444
f  1473//1452 2197//1446 2198//1452
f  2197//1446 1473//1452 2199//1447
f  2199//1447 1473//1452 2193//1447
f  2193//1447 1473//1452 1471//1446
f  1471//1448 1473//1453 2193//1449
f  2193//1449 1473//1453 2199//1449
f  2199//1449 1473//1453 2197//1448
f  2198//1453 2197//1448 1473//1453
f  2200//1454 2201//1454 2202//1454
f  2201//1454 2200//1454 2203//151
f  2201//1455 2203//1455 2204//1455
f  2204//151 2203//151 2205//151
f  2205//151 2203//151 2206//151
f  2206//1456 2203//1456 2207//1456
f  2207//1457 2203//1457 2208//1457
f  2208//151 2203//151 2209//151
f  2208//151 2209//151 2210//1458
f  2210//1459 2209//151 2211//1459
f  2211//1459 2209//151 2212//151
f  2212//151 2209//151 2213//151
f  2213//1460 2209//1460 2214//1460
f  2214//151 2209//151 2215//151
f  2215//151 2209//151 2154//151
f  2215//151 2154//151 2195//1461
f  2154//1462 2209//1460 2150//1462
f  2150//151 2209//151 2146//151
f  2146//151 2209//151 2216//1463
f  2146//151 2216//1463 2145//151
f  2145//151 2216//1463 2143//151
f  2143//151 2216//1463 2217//1464
f  2143//151 2217//1464 2148//151
f  2148//151 2217//1464 2218//1465
f  2148//151 2218//1465 2152//151
f  2152//151 2218//1465 2157//151
f  2157//151 2218//1465 2161//151
f  2161//151 2218//1465 2219//1466
f  2161//151 2219//1466 2165//151
f  2165//151 2219//1466 2168//151
f  2168//151 2219//1466 2172//151
f  2172//151 2219//1466 2176//151
f  2220//151 2221//151 2219//1466
f  2221//1467 2220//1467 2222//1467
f  2222//1468 2220//1468 2223//1468
f  2223//151 2220//151 2224//151
f  2224//151 2220//151 2225//151
f  2225//151 2220//151 2226//151
f  2226//151 2220//151 2227//151
f  2227//151 2220//151 2228//151
f  2228//151 2220//151 2229//151
f  2229//151 2220//151 2230//1469
f  2229//1470 2230//1470 2231//1470
f  2231//151 2230//1469 2232//151
f  2232//151 2230//1469 2233//151
f  2233//1471 2230//1471 2234//1471
f  2234//151 2230//1469 2198//151
f  2198//151 2230//1469 2235//151
f  2235//151 2230//1469 2236//151
f  2235//151 2236//151 2237//1472
f  2237//1472 2236//151 2238//151
f  2195//1461 2158//151 2194//151
f  2158//151 2195//1461 2154//151
f  2194//151 2158//151 2162//1473
f  2194//151 2162//1474 2166//1474
f  2194//151 2166//1474 2171//1475
f  2194//151 2171//1475 2175//1476
f  2194//151 2175//1476 2239//151
f  2239//151 2175//1476 2179//1477
f  2239//151 2179//1477 2182//1478
f  2239//151 2182//1478 2186//1479
f  2239//151 2186//1479 2240//151
f  2240//151 2186//1479 2188//1480
f  2240//151 2188//1480 2184//1481
f  2240//151 2184//1481 2180//1482
f  2240//151 2180//1482 2241//1483
f  2240//151 2241//1483 2197//1484
f  2241//1483 2180//1482 2176//151
f  2241//1483 2176//151 2221//151
f  2221//151 2176//151 2219//1466
f  2197//1485 2241//1485 2242//1485
f  2197//1486 2242//1486 2243//1486
f  2197//1487 2243//1487 2244//1487
f  2197//1486 2244//1488 2245//1488
f  2197//1484 2245//1489 2246//1489
f  2197//1486 2246//1490 2247//1490
f  2197//1484 2247//1490 2198//151
f  2198//151 2247//1490 2248//151
f  2198//151 2248//151 2249//1491
f  2198//151 2249//1491 2250//1492
f  2198//151 2250//1492 2251//1493
f  2198//151 2251//1493 2234//151
f  2252//151 2253//151 2254//151
f  2253//151 2252//151 2255//1494
f  2253//151 2255//1494 2256//151
f  2256//151 2255//1494 2200//1454
f  2256//151 2200//1454 2257//1495
f  2257//1495 2200//1454 2202//1454
f  2257//1496 2202//1496 2258//1496
f  2257//1497 2258//1497 2259//1497
f  2257//1498 2259//1498 2260//1498
f  2257//1497 2260//1499 2261//1499
f  2257//1495 2261//1500 2195//1461
f  2195//1461 2261//1500 2262//1501
f  2195//1461 2262//1501 2263//1502
f  2195//1461 2263//1502 2264//1503
f  2195//1461 2264//1503 2265//1504
f  2195//1461 2265//1504 2266//1505
f  2195//1461 2266//1505 2267//1506
f  2195//1507 2267//1507 2268//1507
f  2195//1508 2268//1508 2215//1508
f  2215//150 2268//150 2195//150
f  2268//150 2267//150 2195//150
f  2267//1509 2266//1509 2195//1509
f  2266//150 2265//150 2195//150
f  2265//150 2264//150 2195//150
f  2264//150 2263//150 2195//150
f  2263//150 2262//150 2195//150
f  2262//150 2261//150 2195//150
f  2195//150 2261//150 2257//1510
f  2261//1511 2260//1511 2257//1511
f  2260//1512 2259//1512 2257//1512
f  2259//150 2258//150 2257//1510
f  2258//150 2202//150 2257//1510
f  2202//150 2200//1513 2257//1510
f  2257//1510 2200//1513 2256//1514
f  2200//1513 2255//150 2256//1514
f  2256//1514 2255//150 2253//150
f  2255//150 2252//1515 2253//150
f  2254//150 2253//150 2252//1515
f  2234//150 2251//150 2198//150
f  2251//150 2250//150 2198//150
f  2250//150 2249//1516 2198//150
f  2249//1517 2248//1517 2198//150
f  2248//1517 2247//150 2198//150
f  2198//150 2247//150 2197//150
f  2247//1518 2246//1518 2197//1518
f  2246//150 2245//150 2197//150
f  2245//1519 2244//1519 2197//1518
f  2244//1520 2243//1520 2197//1520
f  2243//150 2242//150 2197//150
f  2242//150 2241//150 2197//150
f  2219//1521 2176//1521 2221//1521
f  2221//1521 2176//1521 2241//150
f  2176//1521 2180//1522 2241//150
f  2197//150 2241//150 2240//150
f  2241//150 2180//1522 2240//150
f  2180//1522 2184//150 2240//150
f  2184//150 2188//150 2240//150
f  2188//150 2186//150 2240//150
f  2240//150 2186//150 2239//1523
f  2186//150 2182//150 2239//1523
f  2182//150 2179//150 2239//1523
f  2179//150 2175//150 2239//1523
f  2239//1523 2175//150 2194//150
f  2175//150 2171//150 2194//150
f  2171//150 2166//1524 2194//150
f  2166//1524 2162//150 2194//150
f  2162//150 2158//150 2194//150
f  2154//1525 2195//1525 2158//1525
f  2194//150 2158//150 2195//150
f  2238//150 2236//150 2237//150
f  2237//150 2236//150 2235//150
f  2236//150 2230//150 2235//150
f  2235//150 2230//150 2198//150
f  2198//150 2230//150 2234//150
f  2234//150 2230//150 2233//150
f  2233//150 2230//150 2232//150
f  2232//150 2230//150 2231//150
f  2231//1526 2230//1526 2229//1526
f  2230//150 2220//150 2229//150
f  2229//150 2220//150 2228//150
f  2228//150 2220//150 2227//150
f  2227//150 2220//150 2226//150
f  2226//150 2220//150 2225//150
f  2225//150 2220//150 2224//150
f  2224//150 2220//150 2223//150
f  2223//1527 2220//1527 2222//1527
f  2222//150 2220//150 2221//1521
f  2219//1521 2221//1521 2220//150
f  2176//1521 2219//1521 2172//150
f  2172//150 2219//1521 2168//150
f  2168//150 2219//1521 2165//150
f  2165//150 2219//1521 2161//150
f  2219//1521 2218//1528 2161//150
f  2161//150 2218//1528 2157//150
f  2157//150 2218//1528 2152//150
f  2152//150 2218//1528 2148//150
f  2218//1528 2217//150 2148//150
f  2148//150 2217//150 2143//150
f  2217//150 2216//1529 2143//150
f  2143//150 2216//1529 2145//150
f  2145//150 2216//1529 2146//150
f  2216//1529 2209//150 2146//150
f  2146//150 2209//150 2150//150
f  2150//150 2209//150 2154//150
f  2195//150 2154//150 2215//150
f  2154//150 2209//150 2215//150
f  2215//150 2209//150 2214//150
f  2214//1530 2209//1530 2213//1530
f  2213//1531 2209//1531 2212//1531
f  2212//150 2209//150 2211//150
f  2211//150 2209//150 2210//1532
f  2210//1532 2209//150 2208//150
f  2209//150 2203//150 2208//150
f  2208//150 2203//150 2207//150
f  2207//1533 2203//1533 2206//1533
f  2206//150 2203//150 2205//150
f  2205//150 2203//150 2204//150
f  2204//1534 2203//1534 2201//1534
f  2203//150 2200//1513 2201//150
f  2202//150 2201//150 2200//1513
f  2269//1439 2194//1442 2239//1439
f  2194//1442 2269//1439 2196//1443
f  2196//1445 2269//1440 2194//1444
f  2239//1440 2194//1444 2269//1440
f  2195//1450 1463//1535 2257//1535
f  1463//1535 2195//1450 1410//1450
f  1410//1451 2195//1451 1463//1536
f  2257//1536 1463//1536 2195//1451
f  2235//1537 1473//1452 2198//1452
f  1473//1452 2235//1537 1475//1537
f  1475//1538 2235//1538 1473//1453
f  2198//1453 1473//1453 2235//1538
f  2199//1447 2240//1438 2197//1446
f  2240//1438 2199//1447 2270//1438
f  2270//1441 2199//1449 2240//1441
f  2197//1448 2240//1441 2199//1449
f  2270//1438 2239//1439 2240//1438
f  2239//1439 2270//1438 2269//1439
f  2269//1440 2270//1441 2239//1440
f  2240//1441 2239//1440 2270//1441
f  1463//1535 2256//1539 2257//1535
f  2256//1539 1463//1535 1461//1539
f  1461//1540 1463//1536 2256//1540
f  2257//1536 2256//1540 1463//1536
f  1461//1539 2253//1541 2256//1539
f  2253//1541 1461//1539 1457//1541
f  1457//1542 1461//1540 2253//1542
f  2256//1540 2253//1542 1461//1540
f  1459//1543 2253//1541 1457//1541
f  2253//1541 1459//1543 2254//1543
f  2254//1544 1459//1544 2253//1542
f  1457//1542 2253//1542 1459//1544
f  1459//1543 2252//1545 2254//1543
f  2252//1545 1459//1543 1458//1545
f  1458//1546 1459//1544 2252//1546
f  2254//1544 2252//1546 1459//1544
f  1458//1545 2255//1538 2252//1545
f  2255//1538 1458//1545 1460//1538
f  1460//1537 1458//1546 2255//1537
f  2252//1546 2255//1537 1458//1546
f  1460//1538 2200//1547 2255//1538
f  2200//1547 1460//1538 1462//1548
f  1462//1549 1460//1537 2200//1550
f  2255//1537 2200//1550 1460//1537
f  2200//1547 2271//1448 2203//1448
f  2271//1448 2200//1547 1462//1548
f  2271//1448 1462//1548 1464//1551
f  1464//1551 1462//1548 36//1552
f  36//1553 1462//1549 1464//1554
f  1464//1554 1462//1549 2271//1446
f  1462//1549 2200//1550 2271//1446
f  2203//1446 2271//1446 2200//1550
f  2203//1448 2272//1441 2209//1441
f  2272//1441 2203//1448 2271//1448
f  2271//1446 2203//1446 2272//1438
f  2209//1438 2272//1438 2203//1446
f  2216//1555 2273//1440 2217//1440
f  2273//1440 2216//1555 2209//1441
f  2273//1440 2209//1441 2272//1441
f  2272//1438 2209//1438 2273//1439
f  2209//1438 2216//1556 2273//1439
f  2217//1439 2273//1439 2216//1556
f  2273//1440 2218//1444 2217//1440
f  2218//1444 2273//1440 2274//1444
f  2274//1442 2273//1439 2218//1442
f  2217//1439 2218//1442 2273//1439
f  2274//1444 2219//1451 2218//1444
f  2219//1451 2274//1444 1470//1451
f  1470//1451 2274//1444 1468//1444
f  1468//1442 2274//1442 1470//1450
f  1470//1450 2274//1442 2219//1450
f  2218//1442 2219//1450 2274//1442
f  1470//1451 2220//1536 2219//1451
f  2220//1536 1470//1451 1472//1536
f  1472//1535 1470//1450 2220//1535
f  2219//1450 2220//1535 1470//1450
f  2220//1536 1474//1540 2230//1540
f  1474//1540 2220//1536 1472//1536
f  1472//1535 2220//1535 1474//1539
f  2230//1539 1474//1539 2220//1535
f  2230//1540 1476//1542 2236//1542
f  1476//1542 2230//1540 1474//1540
f  1474//1539 2230//1539 1476//1541
f  2236//1541 1476//1541 2230//1539
f  2236//1542 1478//1544 2238//1544
f  1478//1544 2236//1542 1476//1542
f  1476//1541 2236//1541 1478//1543
f  2238//1543 1478//1543 2236//1541
f  2237//1546 1478//1544 1477//1546
f  1478//1544 2237//1546 2238//1544
f  2238//1543 2237//1545 1478//1543
f  1477//1545 1478//1543 2237//1545
f  2237//1546 1475//1537 2235//1537
f  1475//1537 2237//1546 1477//1546
f  1477//1545 2237//1545 1475//1538
f  2235//1538 1475//1538 2237//1545
f  2271//1448 1465//1441 2272//1441
f  1465//1441 2271//1448 1464//1551
f  1464//1554 2271//1446 1465//1438
f  2272//1438 1465//1438 2271//1446
f  2272//1441 1467//1440 2273//1440
f  1467//1440 2272//1441 1465//1441
f  1467//1440 1465//1441 1466//150
f  1466//150 1465//1438 1467//1439
f  1465//1438 2272//1438 1467//1439
f  2273//1439 1467//1439 2272//1438
f  1467//1440 2274//1444 2273//1440
f  2274//1444 1467//1440 1468//1444
f  1468//1442 1467//1439 2274//1442
f  2273//1439 2274//1442 1467//1439
f  2241//1557 2275//1558 2276//1559
f  2275//1558 2241//1557 2221//1560
f  2221//1561 2241//1562 2275//1563
f  2276//1564 2275//1563 2241//1562
f  2242//1565 2276//1559 2277//1565
f  2276//1559 2242//1565 2241//1557
f  2241//1562 2242//1566 2276//1564
f  2277//1566 2276//1564 2242//1566
f  2221//1560 2278//1431 2275//1558
f  2278//1431 2221//1560 2222//1567
f  2222//1568 2221//1561 2278//1430
f  2275//1563 2278//1430 2221//1561
f  2243//1569 2277//1565 2279//1569
f  2277//1565 2243//1569 2242//1565
f  2242//1566 2243//1570 2277//1566
f  2279//1570 2277//1566 2243//1570
f  2222//1567 2280//1571 2278//1431
f  2280//1571 2222//1567 2223//1571
f  2223//1572 2222//1568 2280//1572
f  2278//1430 2280//1572 2222//1568
f  2281//1573 2243//1569 2279//1569
f  2243//1569 2281//1573 2244//1573
f  2244//1574 2281//1574 2243//1570
f  2279//1570 2243//1570 2281//1574
f  2223//1571 2282//1397 2280//1571
f  2282//1397 2223//1571 2224//1397
f  2224//1398 2223//1572 2282//1398
f  2280//1572 2282//1398 2223//1572
f  2283//1575 2244//1573 2281//1573
f  2244//1573 2283//1575 2245//1428
f  2245//1429 2283//1576 2244//1574
f  2281//1574 2244//1574 2283//1576
f  2282//1397 2225//1577 2284//1578
f  2225//1577 2282//1397 2224//1397
f  2224//1398 2282//1398 2225//1579
f  2284//1580 2225//1579 2282//1398
f  2285//163 2245//1428 2283//1575
f  2245//1428 2285//163 2246//1581
f  2246//1582 2285//161 2245//1429
f  2283//1576 2245//1429 2285//161
f  2284//1578 2226//1583 2286//1433
f  2226//1583 2284//1578 2225//1577
f  2225//1579 2284//1580 2226//1584
f  2286//1432 2226//1584 2284//1580
f  2247//1432 2285//163 2287//1585
f  2285//163 2247//1432 2246//1581
f  2246//1582 2247//1433 2285//161
f  2287//1586 2285//161 2247//1433
f  2286//1433 2227//161 2288//1587
f  2227//161 2286//1433 2226//1583
f  2226//1584 2286//1432 2227//163
f  2288//1588 2227//163 2286//1432
f  2248//1589 2287//1585 2289//1400
f  2287//1585 2248//1589 2247//1432
f  2247//1433 2248//1590 2287//1586
f  2289//1395 2287//1586 2248//1590
f  2227//161 2290//1429 2288//1587
f  2290//1429 2227//161 2228//1591
f  2228//1592 2227//163 2290//1428
f  2288//1588 2290//1428 2227//163
f  2249//1593 2289//1400 2291//1436
f  2289//1400 2249//1593 2248//1589
f  2248//1590 2249//1594 2289//1395
f  2291//1437 2289//1395 2249//1594
f  2228//1591 2292//1595 2290//1429
f  2292//1595 2228//1591 2229//1415
f  2229//1416 2228//1592 2292//1596
f  2290//1428 2292//1596 2228//1592
f  2293//1434 2249//1593 2291//1436
f  2249//1593 2293//1434 2250//1434
f  2250//1435 2293//1435 2249//1594
f  2291//1437 2249//1594 2293//1435
f  2229//1415 2294//1422 2292//1595
f  2294//1422 2229//1415 2231//1597
f  2231//1598 2229//1416 2294//1420
f  2292//1596 2294//1420 2229//1416
f  2295//1430 2250//1434 2293//1434
f  2250//1434 2295//1430 2251//1599
f  2251//1600 2295//1431 2250//1435
f  2293//1435 2250//1435 2295//1431
f  2294//1422 2232//1424 2296//1424
f  2232//1424 2294//1422 2231//1597
f  2231//1598 2294//1420 2232//1425
f  2296//1425 2232//1425 2294//1420
f  2297//1601 2251//1599 2295//1430
f  2251//1599 2297//1601 2234//1602
f  2234//1603 2297//1604 2251//1600
f  2295//1431 2251//1600 2297//1604
f  2296//1424 2233//1605 2298//1606
f  2233//1605 2296//1424 2232//1424
f  2232//1425 2296//1425 2233//1607
f  2298//1608 2233//1607 2296//1425
f  2298//1606 2234//1602 2297//1601
f  2234//1602 2298//1606 2233//1605
f  2233//1607 2298//1608 2234//1603
f  2297//1604 2234//1603 2298//1608
f  2299//1609 2300//1610 2301//1610
f  2300//1610 2299//1609 2302//1609
f  2302//1611 2299//1611 2300//1612
f  2301//1612 2300//1612 2299//1611
f  27//1613 2302//1609 2299//1609
f  2302//1609 27//1613 2303//1613
f  2303//1614 27//1614 2302//1611
f  2299//1611 2302//1611 27//1614
f  2304//150 2305//150 2306//150
f  2305//150 2304//150 2307//1615
f  2307//1615 2304//150 2308//1616
f  2307//1615 2308//1616 2309//1617
f  2309//1617 2308//1616 2310//150
f  2309//1617 2310//150 2311//1618
f  2311//1619 2310//1619 2312//1619
f  2312//1620 2310//150 2313//1620
f  2313//1620 2310//150 2314//1621
f  2313//1620 2314//1621 2315//1622
f  2315//1622 2314//1621 2316//150
f  2316//150 2314//1621 2317//150
f  2317//150 2314//1621 2318//150
f  2318//150 2314//1621 2319//150
f  2319//150 2314//1621 2320//150
f  2320//150 2314//1621 2321//150
f  2321//150 2314//1621 2322//1623
f  2322//1623 2314//1621 2323//150
f  2323//150 2314//1621 2324//150
f  2302//1624 2151//1624 2300//1624
f  2151//1624 2302//1624 2155//1625
f  2300//1624 2151//1624 2147//1626
f  2300//1624 2147//1626 2142//1627
f  2300//1624 2142//1627 2144//1628
f  2300//1624 2144//1628 2149//150
f  2300//1624 2149//150 2325//150
f  2325//150 2149//150 2153//981
f  2325//150 2153//981 2156//1629
f  2325//150 2156//1629 2160//150
f  2325//150 2160//150 2326//150
f  2326//150 2160//150 2164//150
f  2326//150 2164//150 2169//1630
f  2326//150 2169//1630 2173//1631
f  2326//150 2173//1631 2177//1632
f  2326//150 2177//1632 2327//1633
f  2326//150 2327//1633 2275//150
f  2275//150 2327//1633 2276//150
f  2276//150 2327//1633 2328//150
f  2276//150 2328//150 2277//150
f  2277//150 2328//150 2279//150
f  2279//150 2328//150 2281//150
f  2281//150 2328//150 2283//150
f  2283//150 2328//150 2285//150
f  2285//150 2328//150 2287//150
f  2287//150 2328//150 2289//150
f  2289//150 2328//150 2291//150
f  2291//150 2328//150 2329//1634
f  2291//150 2329//1634 2293//150
f  2293//150 2329//1634 2295//1635
f  2295//1635 2329//1634 2297//150
f  2326//150 2278//150 2330//150
f  2278//150 2326//150 2275//150
f  2330//150 2278//150 2280//1636
f  2330//150 2280//1636 2282//1637
f  2330//150 2282//1637 2284//1638
f  2330//150 2284//1638 2286//1639
f  2330//150 2286//1639 2288//1640
f  2330//150 2288//1640 2290//1641
f  2330//150 2290//1641 2292//1642
f  2330//150 2292//1642 2294//1643
f  2330//150 2294//1643 2296//1644
f  2330//150 2296//1644 2331//150
f  2331//150 2296//1644 2298//1645
f  2331//150 2298//1645 2297//150
f  2331//150 2297//150 2329//1634
f  2331//150 2329//1634 2332//1646
f  2331//150 2332//1646 2333//150
f  2333//150 2332//1646 2334//1647
f  2333//150 2334//1647 2335//150
f  2311//1618 2303//1648 2309//1617
f  2303//1649 2311//1649 2336//1649
f  2303//1648 2336//1650 2337//1650
f  2303//1648 2337//1650 2338//1651
f  2303//1648 2338//1651 2339//1652
f  2303//1648 2339//1652 2302//1624
f  2302//1624 2339//1652 2340//1653
f  2302//1624 2340//1653 2341//1654
f  2302//1624 2341//1654 2342//1655
f  2302//1624 2342//1655 2343//1656
f  2302//1624 2343//1656 2344//1657
f  2302//1624 2344//1657 2345//1658
f  2302//1624 2345//1658 2346//1659
f  2302//1624 2346//1659 2324//150
f  2302//1624 2324//150 2314//1621
f  2302//1624 2314//1621 2155//1625
f  2155//1625 2314//1621 2159//150
f  2159//150 2314//1621 2347//150
f  2159//150 2347//150 2163//1660
f  2163//1660 2347//150 2167//150
f  2167//150 2347//150 2170//150
f  2170//150 2347//150 2174//150
f  2174//150 2347//150 2348//150
f  2174//150 2348//150 2178//150
f  2178//150 2348//150 2183//150
f  2183//150 2348//150 2187//150
f  2187//150 2348//150 2327//1633
f  2187//150 2327//1633 2189//150
f  2189//150 2327//1633 2185//1661
f  2185//1661 2327//1633 2181//150
f  2181//150 2327//1633 2177//1632
f  2177//1662 2327//1662 2181//1662
f  2181//1662 2327//1662 2185//151
f  2185//151 2327//1662 2189//1663
f  2189//1663 2327//1662 2187//151
f  2327//1662 2348//151 2187//151
f  2187//151 2348//151 2183//151
f  2183//151 2348//151 2178//151
f  2178//151 2348//151 2174//151
f  2348//151 2347//151 2174//151
f  2174//151 2347//151 2170//151
f  2170//151 2347//151 2167//151
f  2167//151 2347//151 2163//151
f  2163//151 2347//151 2159//151
f  2347//151 2314//151 2159//151
f  2159//151 2314//151 2155//151
f  2155//151 2314//151 2302//1664
f  2314//151 2324//151 2302//1664
f  2324//151 2346//151 2302//1664
f  2346//151 2345//151 2302//1664
f  2345//151 2344//1665 2302//1664
f  2344//1665 2343//151 2302//1664
f  2343//151 2342//151 2302//1664
f  2342//151 2341//151 2302//1664
f  2341//151 2340//151 2302//1664
f  2340//151 2339//151 2302//1664
f  2302//1664 2339//151 2303//151
f  2339//151 2338//151 2303//151
f  2338//151 2337//151 2303//151
f  2337//151 2336//151 2303//151
f  2336//1666 2311//1666 2303//1666
f  2309//151 2303//151 2311//151
f  2335//151 2334//151 2333//151
f  2334//151 2332//151 2333//151
f  2333//151 2332//151 2331//151
f  2332//151 2329//1667 2331//151
f  2329//1667 2297//151 2331//151
f  2297//151 2298//151 2331//151
f  2298//151 2296//1668 2331//151
f  2331//151 2296//1668 2330//151
f  2296//1668 2294//151 2330//151
f  2294//151 2292//1669 2330//151
f  2292//1669 2290//1670 2330//151
f  2290//1670 2288//1671 2330//151
f  2288//1671 2286//1672 2330//151
f  2286//1672 2284//1673 2330//151
f  2284//1673 2282//1674 2330//151
f  2282//1674 2280//151 2330//151
f  2280//1675 2278//1675 2330//1675
f  2275//151 2326//151 2278//151
f  2330//151 2278//151 2326//151
f  2297//151 2329//1667 2295//151
f  2295//151 2329//1667 2293//1676
f  2293//1676 2329//1667 2291//151
f  2329//1667 2328//1677 2291//151
f  2291//151 2328//1677 2289//151
f  2289//151 2328//1677 2287//151
f  2287//151 2328//1677 2285//151
f  2285//151 2328//1677 2283//151
f  2283//151 2328//1677 2281//151
f  2281//151 2328//1677 2279//151
f  2279//151 2328//1677 2277//151
f  2277//151 2328//1677 2276//151
f  2328//1677 2327//1662 2276//151
f  2276//151 2327//1662 2275//151
f  2275//151 2327//1662 2326//151
f  2327//1662 2177//1662 2326//151
f  2177//1662 2173//151 2326//151
f  2173//151 2169//1678 2326//151
f  2169//1678 2164//151 2326//151
f  2164//151 2160//151 2326//151
f  2326//151 2160//151 2325//151
f  2160//151 2156//151 2325//151
f  2156//151 2153//151 2325//151
f  2153//151 2149//151 2325//151
f  2325//151 2149//151 2300//151
f  2149//151 2144//151 2300//151
f  2144//151 2142//1679 2300//151
f  2142//1679 2147//151 2300//151
f  2147//151 2151//151 2300//151
f  2155//151 2302//1664 2151//151
f  2300//151 2151//151 2302//1664
f  2324//151 2314//151 2323//151
f  2323//151 2314//151 2322//151
f  2322//151 2314//151 2321//1680
f  2321//1680 2314//151 2320//151
f  2320//151 2314//151 2319//151
f  2319//151 2314//151 2318//151
f  2318//151 2314//151 2317//151
f  2317//151 2314//151 2316//151
f  2316//151 2314//151 2315//151
f  2315//151 2314//151 2313//1681
f  2314//151 2310//1682 2313//1681
f  2313//1681 2310//1682 2312//1683
f  2312//1684 2310//1684 2311//1684
f  2311//151 2310//1682 2309//151
f  2310//1682 2308//151 2309//151
f  2309//151 2308//151 2307//1685
f  2308//151 2304//1686 2307//1685
f  2307//1685 2304//1686 2305//1687
f  2306//151 2305//1687 2304//1686
f  2300//1610 2349//1688 2301//1610
f  2349//1688 2300//1610 2325//1688
f  2325//1689 2300//1612 2349//1689
f  2301//1612 2349//1689 2300//1612
f  2350//1690 2303//1613 27//1613
f  2303//1613 2350//1690 2309//1690
f  2309//1691 2350//1691 2303//1614
f  27//1614 2303//1614 2350//1691
f  2309//1690 2351//1692 2307//1692
f  2351//1692 2309//1690 2350//1690
f  2350//1691 2309//1691 2351//1693
f  2307//1693 2351//1693 2309//1691
f  2305//1694 2351//1692 2352//1694
f  2351//1692 2305//1694 2307//1692
f  2307//1693 2305//1695 2351//1693
f  2352//1695 2351//1693 2305//1695
f  2305//1694 2353//1696 2306//1697
f  2353//1696 2305//1694 2352//1694
f  2352//1695 2305//1695 2353//1698
f  2306//1699 2353//1698 2305//1695
f  2306//1697 2354//1700 2304//1701
f  2354//1700 2306//1697 2353//1696
f  2353//1698 2306//1699 2354//1702
f  2304//1703 2354//1702 2306//1699
f  2308//1704 2354//1700 28//1704
f  2354//1700 2308//1704 2304//1701
f  2304//1703 2308//1705 2354//1702
f  28//1705 2354//1702 2308//1705
f  2310//1706 28//1704 2355//1706
f  28//1704 2310//1706 2308//1704
f  2308//1705 2310//1707 28//1705
f  2355//1707 28//1705 2310//1707
f  2356//1708 2310//1706 2355//1706
f  2310//1706 2356//1708 2314//1708
f  2314//1709 2356//1709 2310//1707
f  2355//1707 2310//1707 2356//1709
f  2357//1710 2314//1708 2356//1708
f  2314//1708 2357//1710 2347//1710
f  2347//1711 2357//1711 2314//1709
f  2356//1709 2314//1709 2357//1711
f  2358//1612 2347//1710 2357//1710
f  2347//1710 2358//1612 2348//1712
f  2348//1713 2358//1610 2347//1711
f  2357//1711 2347//1711 2358//1610
f  2327//1611 2358//1612 2359//1611
f  2358//1612 2327//1611 2348//1712
f  2348//1713 2327//1609 2358//1610
f  2359//1609 2358//1610 2327//1609
f  2328//1614 2359//1611 25//1614
f  2359//1611 2328//1614 2327//1611
f  2327//1609 2328//1613 2359//1609
f  25//1613 2359//1609 2328//1613
f  2329//1691 25//1614 2360//1691
f  25//1614 2329//1691 2328//1614
f  2328//1613 2329//1690 25//1613
f  2360//1690 25//1613 2329//1690
f  2361//1693 2329//1691 2360//1691
f  2329//1691 2361//1693 2332//1693
f  2332//1692 2361//1692 2329//1690
f  2360//1690 2329//1690 2361//1692
f  2362//1714 2332//1693 2361//1693
f  2332//1693 2362//1714 2334//1714
f  2334//1715 2362//1715 2332//1692
f  2361//1692 2332//1692 2362//1715
f  2363//1699 2334//1714 2362//1714
f  2334//1714 2363//1699 2335//1699
f  2335//1697 2363//1697 2334//1715
f  2362//1715 2334//1715 2363//1697
f  2364//1702 2335//1699 2363//1699
f  2335//1699 2364//1702 2333//1702
f  2333//1700 2364//1700 2335//1697
f  2363//1697 2335//1697 2364//1700
f  2364//1702 2331//1705 2333//1702
f  2331//1705 2364//1702 2365//1705
f  2365//1704 2364//1700 2331//1704
f  2333//1700 2331//1704 2364//1700
f  2366//1707 2331//1705 2365//1705
f  2331//1705 2366//1707 2330//1707
f  2330//1706 2366//1706 2331//1704
f  2365//1704 2331//1704 2366//1706
f  2326//1716 2366//1707 2367//1716
f  2366//1707 2326//1716 2330//1707
f  2330//1706 2326//1717 2366//1706
f  2367//1717 2366//1706 2326//1717
f  2325//1688 2367//1716 2349//1688
f  2367//1716 2325//1688 2326//1716
f  2326//1717 2325//1689 2367//1717
f  2349//1689 2367//1717 2325//1689
f  449//109 448//109 445//109
f  448//109 447//109 445//109
f  447//109 446//109 445//109
f  446//109 444//109 445//109
f  445//109 444//109 442//109
f  438//109 442//109 444//109
f  442//1777 440//1777 445//1777
f  450//1778 445//1777 440//1777
f  437//1779 438//1779 451//1779
f  444//1779 451//1779 438//1779
f  451//105 440//105 437//105
f  440//105 451//105 450//105
f  450//105 451//105 458//105
f  450//105 458//105 459//105
f  450//105 459//105 454//105
f  450//105 454//105 453//105
f  471//1780 1525//1780 617//1780
f  1525//1780 471//1780 466//1780
f  1526//105 466//105 463//105
f  466//105 1526//105 1525//105
f  618//1781 1525//1781 1526//1781
f  1525//1781 618//1781 617//1781
f  463//1782 618//1782 1526//1782
f  618//1782 463//1782 468//1782
f  465//109 464//109 467//109
f  466//109 463//109 465//109
f  465//109 463//109 464//109
f  464//109 463//109 461//109
f  463//109 460//109 461//109
f  462//109 461//109 460//109
f  469//1783 460//1783 468//1783
f  463//1784 468//1783 460//1783
f  465//1785 470//1785 466//1785
f  471//1785 466//1785 470//1785
f  469//105 1529//105 1530//105
f  1529//105 469//105 468//105
f  1529//105 468//105 1527//105
f  1527//105 468//105 470//105
f  470//105 468//105 471//105
f  1528//105 1527//105 470//105
f  467//1786 470//1786 465//1786
f  470//1786 467//1786 1528//1786
f  1529//105 1531//105 1530//105
f  1530//1787 460//1787 469//1787
f  460//1787 1530//1787 462//1788
f  1531//1789 462//1789 1530//1789
f  462//1789 1531//1789 1532//1789
f  461//109 462//109 1532//109
f  1528//109 1527//109 1533//109
f  1533//1790 467//1790 1528//1790
f  467//1790 1533//1790 1534//1791
f  467//105 1534//105 464//105
f  485//125 484//125 481//125
f  484//125 483//125 481//125
f  483//125 482//125 481//125
f  482//125 480//125 481//125
f  481//125 480//125 478//125
f  474//125 478//125 480//125
f  478//1792 476//1792 481//1792
f  486//1793 481//1792 476//1792
f  473//1794 474//1794 487//1794
f  480//1794 487//1794 474//1794
f  487//121 476//121 473//121
f  476//121 487//121 486//121
f  486//121 487//121 494//121
f  486//121 494//121 495//121
f  486//121 495//121 490//121
f  486//121 490//121 489//121
f  507//1795 1535//1795 619//1795
f  1535//1795 507//1795 502//1795
f  1536//121 502//121 499//121
f  502//121 1536//121 1535//121
f  620//1796 1535//1796 1536//1796
f  1535//1796 620//1796 619//1796
f  499//1797 620//1797 1536//1797
f  620//1797 499//1797 504//1797
f  501//125 500//125 503//125
f  502//125 499//125 501//125
f  501//125 499//125 500//125
f  500//125 499//125 497//125
f  499//125 496//125 497//125
f  498//125 497//125 496//125
f  505//1798 496//1798 504//1798
f  499//1799 504//1798 496//1798
f  501//1800 506//1800 502//1800
f  507//1800 502//1800 506//1800
f  505//121 1539//121 1540//121
f  1539//121 505//121 504//121
f  1539//121 504//121 1537//121
f  1537//121 504//121 506//121
f  506//121 504//121 507//121
f  1538//121 1537//121 506//121
f  503//1801 506//1801 501//1801
f  506//1801 503//1801 1538//1801
f  1539//121 1541//121 1540//121
f  1540//1802 496//1802 505//1802
f  496//1802 1540//1802 498//1803
f  1541//1804 498//1804 1540//1804
f  498//1804 1541//1804 1542//1804
f  497//125 498//125 1542//125
f  1538//125 1537//125 1543//125
f  1543//1805 503//1805 1538//1805
f  503//1805 1543//1805 1544//1806
f  503//121 1544//121 500//121
f  2368//1394 2369//1395 2370//1396
f  2369//1395 2368//1394 2371//1397
f  2371//1398 2368//1399 2369//1400
f  2370//1401 2369//1400 2368//1399
f  2372//1402 2368//1394 2373//1403
f  2368//1394 2372//1402 2371//1397
f  2371//1398 2372//1404 2368//1399
f  2373//1405 2368//1399 2372//1404
f  2370//1396 2374//1406 2375//1406
f  2374//1406 2370//1396 2369//1395
f  2369//1400 2370//1401 2374//1407
f  2375//1407 2374//1407 2370//1401
f  2376//1408 2373//1403 2377//1408
f  2373//1403 2376//1408 2372//1402
f  2372//1404 2376//1409 2373//1405
f  2377//1409 2373//1405 2376//1409
f  2375//1406 2378//161 2379//161
f  2378//161 2375//1406 2374//1406
f  2374//1407 2375//1407 2378//163
f  2379//163 2378//163 2375//1407
f  2380//160 2377//1408 2381//160
f  2377//1408 2380//160 2376//1408
f  2376//1409 2380//162 2377//1409
f  2381//162 2377//1409 2380//162
f  2378//161 2382//1410 2379//161
f  2382//1410 2378//161 2383//1410
f  2383//1411 2378//163 2382//1411
f  2379//163 2382//1411 2378//163
f  2384//1412 2381//160 2385//1412
f  2381//160 2384//1412 2380//160
f  2380//162 2384//1413 2381//162
f  2385//1413 2381//162 2384//1413
f  2383//1410 2386//1414 2382//1410
f  2386//1414 2383//1410 2387//1415
f  2387//1416 2383//1411 2386//1417
f  2382//1411 2386//1417 2383//1411
f  2388//1418 2385//1412 2389//1418
f  2385//1412 2388//1418 2384//1412
f  2384//1413 2388//1419 2385//1413
f  2389//1419 2385//1413 2388//1419
f  2387//1415 2390//147 2386//1414
f  2390//147 2387//1415 2391//147
f  2391//3 2387//1416 2390//3
f  2386//1417 2390//3 2387//1416
f  2392//1420 2389//1418 2393//1421
f  2389//1418 2392//1420 2388//1418
f  2388//1419 2392//1422 2389//1419
f  2393//1423 2389//1419 2392//1422
f  2390//147 2394//1424 2395//1424
f  2394//1424 2390//147 2391//147
f  2391//3 2390//3 2394//1425
f  2395//1425 2394//1425 2390//3
f  2396//1416 2392//1420 2393//1421
f  2392//1420 2396//1416 2397//1416
f  2397//1415 2396//1415 2392//1422
f  2393//1423 2392//1422 2396//1415
f  2395//1424 2398//1426 2399//1426
f  2398//1426 2395//1424 2394//1424
f  2394//1425 2395//1425 2398//1427
f  2399//1427 2398//1427 2395//1425
f  2400//1428 2397//1416 2396//1416
f  2397//1416 2400//1428 2401//1428
f  2401//1429 2400//1429 2397//1415
f  2396//1415 2397//1415 2400//1429
f  2399//1426 2402//162 2403//162
f  2402//162 2399//1426 2398//1426
f  2398//1427 2399//1427 2402//160
f  2403//160 2402//160 2399//1427
f  2404//163 2401//1428 2400//1428
f  2401//1428 2404//163 2405//163
f  2405//161 2404//161 2401//1429
f  2400//1429 2401//1429 2404//161
f  2403//162 2406//1430 2407//1430
f  2406//1430 2403//162 2402//162
f  2402//160 2403//160 2406//1431
f  2407//1431 2406//1431 2403//160
f  2408//1432 2404//163 2409//1432
f  2404//163 2408//1432 2405//163
f  2405//161 2408//1433 2404//161
f  2409//1433 2404//161 2408//1433
f  2407//1430 2410//1434 2411//1404
f  2410//1434 2407//1430 2406//1430
f  2406//1431 2407//1431 2410//1435
f  2411//1402 2410//1435 2407//1431
f  2412//1400 2409//1432 2413//1401
f  2409//1432 2412//1400 2408//1432
f  2408//1433 2412//1395 2409//1433
f  2413//1396 2409//1433 2412//1395
f  2411//1404 2414//1399 2415//1436
f  2414//1399 2411//1404 2410//1434
f  2410//1435 2411//1402 2414//1394
f  2415//1437 2414//1394 2411//1402
f  2414//1399 2413//1401 2415//1436
f  2413//1401 2414//1399 2412//1400
f  2412//1395 2414//1394 2413//1396
f  2415//1437 2413//1396 2414//1394
f  1634//1438 2416//1439 2417//1438
f  2416//1439 1634//1438 1621//1439
f  1621//1440 1634//1441 2416//1440
f  2417//1441 2416//1440 1634//1441
f  2416//1439 1574//1442 2418//1443
f  1574//1442 2416//1439 1621//1439
f  1621//1440 2416//1440 1574//1444
f  2418//1445 1574//1444 2416//1440
f  1636//1446 2417//1438 2419//1447
f  2417//1438 1636//1446 1634//1438
f  1634//1441 1636//1448 2417//1441
f  2419//1449 2417//1441 1636//1448
f  2420//1442 1575//1450 2421//1450
f  1575//1450 2420//1442 2422//1443
f  1575//1450 2422//1443 2418//1443
f  1575//1450 2418//1443 1574//1442
f  1574//1444 2418//1445 1575//1451
f  2418//1445 2422//1445 1575//1451
f  2422//1445 2420//1444 1575//1451
f  2421//1451 1575//1451 2420//1444
f  1638//1452 2423//1446 2424//1452
f  2423//1446 1638//1452 2425//1447
f  2425//1447 1638//1452 2419//1447
f  2419//1447 1638//1452 1636//1446
f  1636//1448 1638//1453 2419//1449
f  2419//1449 1638//1453 2425//1449
f  2425//1449 1638//1453 2423//1448
f  2424//1453 2423//1448 1638//1453
f  2426//1454 2427//1454 2428//1454
f  2427//1454 2426//1454 2429//151
f  2427//1455 2429//1455 2430//1455
f  2430//151 2429//151 2431//151
f  2431//151 2429//151 2432//151
f  2432//1456 2429//1456 2433//1456
f  2433//1457 2429//1457 2434//1457
f  2434//151 2429//151 2435//151
f  2434//151 2435//151 2436//1458
f  2436//1459 2435//151 2437//1459
f  2437//1459 2435//151 2438//151
f  2438//151 2435//151 2439//151
f  2439//1460 2435//1460 2440//1460
f  2440//151 2435//151 2441//151
f  2441//151 2435//151 2380//151
f  2441//151 2380//151 2421//1461
f  2380//1462 2435//1460 2376//1462
f  2376//151 2435//151 2372//151
f  2372//151 2435//151 2442//1463
f  2372//151 2442//1463 2371//151
f  2371//151 2442//1463 2369//151
f  2369//151 2442//1463 2443//1464
f  2369//151 2443//1464 2374//151
f  2374//151 2443//1464 2444//1465
f  2374//151 2444//1465 2378//151
f  2378//151 2444//1465 2383//151
f  2383//151 2444//1465 2387//151
f  2387//151 2444//1465 2445//1466
f  2387//151 2445//1466 2391//151
f  2391//151 2445//1466 2394//151
f  2394//151 2445//1466 2398//151
f  2398//151 2445//1466 2402//151
f  2446//151 2447//151 2445//1466
f  2447//1467 2446//1467 2448//1467
f  2448//1468 2446//1468 2449//1468
f  2449//151 2446//151 2450//151
f  2450//151 2446//151 2451//151
f  2451//151 2446//151 2452//151
f  2452//151 2446//151 2453//151
f  2453//151 2446//151 2454//151
f  2454//151 2446//151 2455//151
f  2455//151 2446//151 2456//1469
f  2455//1470 2456//1470 2457//1470
f  2457//151 2456//1469 2458//151
f  2458//151 2456//1469 2459//151
f  2459//1471 2456//1471 2460//1471
f  2460//151 2456//1469 2424//151
f  2424//151 2456//1469 2461//151
f  2461//151 2456//1469 2462//151
f  2461//151 2462//151 2463//1472
f  2463//1472 2462//151 2464//151
f  2421//1461 2384//151 2420//151
f  2384//151 2421//1461 2380//151
f  2420//151 2384//151 2388//1473
f  2420//151 2388//1474 2392//1474
f  2420//151 2392//1474 2397//1475
f  2420//151 2397//1475 2401//1476
f  2420//151 2401//1476 2465//151
f  2465//151 2401//1476 2405//1477
f  2465//151 2405//1477 2408//1478
f  2465//151 2408//1478 2412//1479
f  2465//151 2412//1479 2466//151
f  2466//151 2412//1479 2414//1480
f  2466//151 2414//1480 2410//1481
f  2466//151 2410//1481 2406//1482
f  2466//151 2406//1482 2467//1483
f  2466//151 2467//1483 2423//1484
f  2467//1483 2406//1482 2402//151
f  2467//1483 2402//151 2447//151
f  2447//151 2402//151 2445//1466
f  2423//1485 2467//1485 2468//1485
f  2423//1486 2468//1486 2469//1486
f  2423//1487 2469//1487 2470//1487
f  2423//1486 2470//1488 2471//1488
f  2423//1487 2471//1489 2472//1489
f  2423//1486 2472//1490 2473//1490
f  2423//1484 2473//1490 2424//151
f  2424//151 2473//1490 2474//151
f  2424//151 2474//151 2475//1491
f  2424//151 2475//1491 2476//1492
f  2424//151 2476//1492 2477//1493
f  2424//151 2477//1493 2460//151
f  2478//151 2479//151 2480//151
f  2479//151 2478//151 2481//1494
f  2479//151 2481//1494 2482//151
f  2482//151 2481//1494 2426//1454
f  2482//151 2426//1454 2483//1495
f  2483//1495 2426//1454 2428//1454
f  2483//1496 2428//1496 2484//1496
f  2483//1497 2484//1497 2485//1497
f  2483//1498 2485//1498 2486//1498
f  2483//1497 2486//1499 2487//1499
f  2483//1495 2487//1500 2421//1461
f  2421//1461 2487//1500 2488//1501
f  2421//1461 2488//1501 2489//1502
f  2421//1461 2489//1502 2490//1503
f  2421//1461 2490//1503 2491//1504
f  2421//1461 2491//1504 2492//1505
f  2421//1461 2492//1505 2493//1506
f  2421//1507 2493//1507 2494//1507
f  2421//1508 2494//1508 2441//1508
f  2441//150 2494//150 2421//150
f  2494//150 2493//150 2421//150
f  2493//1509 2492//1509 2421//1509
f  2492//150 2491//150 2421//150
f  2491//150 2490//150 2421//150
f  2490//150 2489//150 2421//150
f  2489//150 2488//150 2421//150
f  2488//150 2487//150 2421//150
f  2421//150 2487//150 2483//1510
f  2487//1511 2486//1511 2483//1511
f  2486//1512 2485//1512 2483//1512
f  2485//150 2484//150 2483//1510
f  2484//150 2428//150 2483//1510
f  2428//150 2426//1513 2483//1510
f  2483//1510 2426//1513 2482//1514
f  2426//1513 2481//150 2482//1514
f  2482//1514 2481//150 2479//150
f  2481//150 2478//1515 2479//150
f  2480//150 2479//150 2478//1515
f  2460//150 2477//150 2424//150
f  2477//150 2476//150 2424//150
f  2476//150 2475//1516 2424//150
f  2475//1517 2474//1517 2424//150
f  2474//1517 2473//150 2424//150
f  2424//150 2473//150 2423//150
f  2473//1518 2472//1518 2423//1518
f  2472//150 2471//150 2423//150
f  2471//1519 2470//1519 2423//1518
f  2470//1520 2469//1520 2423//1520
f  2469//150 2468//150 2423//150
f  2468//150 2467//150 2423//150
f  2445//1521 2402//1521 2447//1521
f  2447//1521 2402//1521 2467//150
f  2402//1521 2406//1522 2467//150
f  2423//150 2467//150 2466//150
f  2467//150 2406//1522 2466//150
f  2406//1522 2410//150 2466//150
f  2410//150 2414//150 2466//150
f  2414//150 2412//150 2466//150
f  2466//150 2412//150 2465//1523
f  2412//150 2408//150 2465//1523
f  2408//150 2405//150 2465//1523
f  2405//150 2401//150 2465//1523
f  2465//1523 2401//150 2420//150
f  2401//150 2397//150 2420//150
f  2397//150 2392//1524 2420//150
f  2392//1524 2388//150 2420//150
f  2388//150 2384//150 2420//150
f  2380//1525 2421//1525 2384//1525
f  2420//150 2384//150 2421//150
f  2464//150 2462//150 2463//150
f  2463//150 2462//150 2461//150
f  2462//150 2456//150 2461//150
f  2461//150 2456//150 2424//150
f  2424//150 2456//150 2460//150
f  2460//150 2456//150 2459//150
f  2459//150 2456//150 2458//150
f  2458//150 2456//150 2457//150
f  2457//1526 2456//1526 2455//1526
f  2456//150 2446//150 2455//150
f  2455//150 2446//150 2454//150
f  2454//150 2446//150 2453//150
f  2453//150 2446//150 2452//150
f  2452//150 2446//150 2451//150
f  2451//150 2446//150 2450//150
f  2450//150 2446//150 2449//150
f  2449//1527 2446//1527 2448//1527
f  2448//150 2446//150 2447//1521
f  2445//1521 2447//1521 2446//150
f  2402//1521 2445//1521 2398//150
f  2398//150 2445//1521 2394//150
f  2394//150 2445//1521 2391//150
f  2391//150 2445//1521 2387//150
f  2445//1521 2444//1528 2387//150
f  2387//150 2444//1528 2383//150
f  2383//150 2444//1528 2378//150
f  2378//150 2444//1528 2374//150
f  2444//1528 2443//150 2374//150
f  2374//150 2443//150 2369//150
f  2443//150 2442//1529 2369//150
f  2369//150 2442//1529 2371//150
f  2371//150 2442//1529 2372//150
f  2442//1529 2435//150 2372//150
f  2372//150 2435//150 2376//150
f  2376//150 2435//150 2380//150
f  2421//150 2380//150 2441//150
f  2380//150 2435//150 2441//150
f  2441//150 2435//150 2440//150
f  2440//1530 2435//1530 2439//1530
f  2439//1531 2435//1531 2438//1531
f  2438//150 2435//150 2437//150
f  2437//150 2435//150 2436//1532
f  2436//1532 2435//150 2434//150
f  2435//150 2429//150 2434//150
f  2434//150 2429//150 2433//150
f  2433//1533 2429//1533 2432//1533
f  2432//150 2429//150 2431//150
f  2431//150 2429//150 2430//150
f  2430//1534 2429//1534 2427//1534
f  2429//150 2426//1513 2427//150
f  2428//150 2427//150 2426//1513
f  2495//1439 2420//1442 2465//1439
f  2420//1442 2495//1439 2422//1443
f  2422//1445 2495//1440 2420//1444
f  2465//1440 2420//1444 2495//1440
f  2421//1450 1628//1535 2483//1535
f  1628//1535 2421//1450 1575//1450
f  1575//1451 2421//1451 1628//1536
f  2483//1536 1628//1536 2421//1451
f  2461//1537 1638//1452 2424//1452
f  1638//1452 2461//1537 1640//1537
f  1640//1538 2461//1538 1638//1453
f  2424//1453 1638//1453 2461//1538
f  2425//1447 2466//1438 2423//1446
f  2466//1438 2425//1447 2496//1438
f  2496//1441 2425//1449 2466//1441
f  2423//1448 2466//1441 2425//1449
f  2496//1438 2465//1439 2466//1438
f  2465//1439 2496//1438 2495//1439
f  2495//1440 2496//1441 2465//1440
f  2466//1441 2465//1440 2496//1441
f  1628//1535 2482//1539 2483//1535
f  2482//1539 1628//1535 1626//1539
f  1626//1540 1628//1536 2482//1540
f  2483//1536 2482//1540 1628//1536
f  1626//1539 2479//1541 2482//1539
f  2479//1541 1626//1539 1622//1541
f  1622//1542 1626//1540 2479//1542
f  2482//1540 2479//1542 1626//1540
f  1624//1543 2479//1541 1622//1541
f  2479//1541 1624//1543 2480//1543
f  2480//1544 1624//1544 2479//1542
f  1622//1542 2479//1542 1624//1544
f  1624//1543 2478//1545 2480//1543
f  2478//1545 1624//1543 1623//1545
f  1623//1546 1624//1544 2478//1546
f  2480//1544 2478//1546 1624//1544
f  1623//1545 2481//1538 2478//1545
f  2481//1538 1623//1545 1625//1538
f  1625//1537 1623//1546 2481//1537
f  2478//1546 2481//1537 1623//1546
f  1625//1538 2426//1547 2481//1538
f  2426//1547 1625//1538 1627//1548
f  1627//1549 1625//1537 2426//1550
f  2481//1537 2426//1550 1625//1537
f  2426//1547 2497//1448 2429//1448
f  2497//1448 2426//1547 1627//1548
f  2497//1448 1627//1548 1629//1551
f  1629//1551 1627//1548 48//1552
f  48//1553 1627//1549 1629//1554
f  1629//1554 1627//1549 2497//1446
f  1627//1549 2426//1550 2497//1446
f  2429//1446 2497//1446 2426//1550
f  2429//1448 2498//1441 2435//1441
f  2498//1441 2429//1448 2497//1448
f  2497//1446 2429//1446 2498//1438
f  2435//1438 2498//1438 2429//1446
f  2442//1555 2499//1440 2443//1440
f  2499//1440 2442//1555 2435//1441
f  2499//1440 2435//1441 2498//1441
f  2498//1438 2435//1438 2499//1439
f  2435//1438 2442//1556 2499//1439
f  2443//1439 2499//1439 2442//1556
f  2499//1440 2444//1444 2443//1440
f  2444//1444 2499//1440 2500//1444
f  2500//1442 2499//1439 2444//1442
f  2443//1439 2444//1442 2499//1439
f  2500//1444 2445//1451 2444//1444
f  2445//1451 2500//1444 1635//1451
f  1635//1451 2500//1444 1633//1444
f  1633//1442 2500//1442 1635//1450
f  1635//1450 2500//1442 2445//1450
f  2444//1442 2445//1450 2500//1442
f  1635//1451 2446//1536 2445//1451
f  2446//1536 1635//1451 1637//1536
f  1637//1535 1635//1450 2446//1535
f  2445//1450 2446//1535 1635//1450
f  2446//1536 1639//1540 2456//1540
f  1639//1540 2446//1536 1637//1536
f  1637//1535 2446//1535 1639//1539
f  2456//1539 1639//1539 2446//1535
f  2456//1540 1641//1542 2462//1542
f  1641//1542 2456//1540 1639//1540
f  1639//1539 2456//1539 1641//1541
f  2462//1541 1641//1541 2456//1539
f  2462//1542 1643//1544 2464//1544
f  1643//1544 2462//1542 1641//1542
f  1641//1541 2462//1541 1643//1543
f  2464//1543 1643//1543 2462//1541
f  2463//1546 1643//1544 1642//1546
f  1643//1544 2463//1546 2464//1544
f  2464//1543 2463//1545 1643//1543
f  1642//1545 1643//1543 2463//1545
f  2463//1546 1640//1537 2461//1537
f  1640//1537 2463//1546 1642//1546
f  1642//1545 2463//1545 1640//1538
f  2461//1538 1640//1538 2463//1545
f  2497//1448 1630//1441 2498//1441
f  1630//1441 2497//1448 1629//1551
f  1629//1554 2497//1446 1630//1438
f  2498//1438 1630//1438 2497//1446
f  2498//1441 1632//1440 2499//1440
f  1632//1440 2498//1441 1630//1441
f  1632//1440 1630//1441 1631//150
f  1631//150 1630//1438 1632//1439
f  1630//1438 2498//1438 1632//1439
f  2499//1439 1632//1439 2498//1438
f  1632//1440 2500//1444 2499//1440
f  2500//1444 1632//1440 1633//1444
f  1633//1442 1632//1439 2500//1442
f  2499//1439 2500//1442 1632//1439
f  2467//1557 2501//1558 2502//1559
f  2501//1558 2467//1557 2447//1560
f  2447//1561 2467//1562 2501//1563
f  2502//1564 2501//1563 2467//1562
f  2468//1565 2502//1559 2503//1565
f  2502//1559 2468//1565 2467//1557
f  2467//1562 2468//1566 2502//1564
f  2503//1566 2502//1564 2468//1566
f  2447//1560 2504//1431 2501//1558
f  2504//1431 2447//1560 2448//1567
f  2448//1568 2447//1561 2504//1430
f  2501//1563 2504//1430 2447//1561
f  2469//1569 2503//1565 2505//1569
f  2503//1565 2469//1569 2468//1565
f  2468//1566 2469//1570 2503//1566
f  2505//1570 2503//1566 2469//1570
f  2448//1567 2506//1571 2504//1431
f  2506//1571 2448//1567 2449//1571
f  2449//1572 2448//1568 2506//1572
f  2504//1430 2506//1572 2448//1568
f  2507//1573 2469//1569 2505//1569
f  2469//1569 2507//1573 2470//1573
f  2470//1574 2507//1574 2469//1570
f  2505//1570 2469//1570 2507//1574
f  2449//1571 2508//1397 2506//1571
f  2508//1397 2449//1571 2450//1397
f  2450//1398 2449//1572 2508//1398
f  2506//1572 2508//1398 2449//1572
f  2509//1575 2470//1573 2507//1573
f  2470//1573 2509//1575 2471//1428
f  2471//1429 2509//1576 2470//1574
f  2507//1574 2470//1574 2509//1576
f  2508//1397 2451//1577 2510//1578
f  2451//1577 2508//1397 2450//1397
f  2450//1398 2508//1398 2451//1579
f  2510//1580 2451//1579 2508//1398
f  2511//163 2471//1428 2509//1575
f  2471//1428 2511//163 2472//1581
f  2472//1582 2511//161 2471//1429
f  2509//1576 2471//1429 2511//161
f  2510//1578 2452//1583 2512//1433
f  2452//1583 2510//1578 2451//1577
f  2451//1579 2510//1580 2452//1584
f  2512//1432 2452//1584 2510//1580
f  2473//1432 2511//163 2513//1585
f  2511//163 2473//1432 2472//1581
f  2472//1582 2473//1433 2511//161
f  2513//1586 2511//161 2473//1433
f  2512//1433 2453//161 2514//1587
f  2453//161 2512//1433 2452//1583
f  2452//1584 2512//1432 2453//163
f  2514//1588 2453//163 2512//1432
f  2474//1589 2513//1585 2515//1400
f  2513//1585 2474//1589 2473//1432
f  2473//1433 2474//1590 2513//1586
f  2515//1395 2513//1586 2474//1590
f  2453//161 2516//1429 2514//1587
f  2516//1429 2453//161 2454//1591
f  2454//1592 2453//163 2516//1428
f  2514//1588 2516//1428 2453//163
f  2475//1593 2515//1400 2517//1436
f  2515//1400 2475//1593 2474//1589
f  2474//1590 2475//1594 2515//1395
f  2517//1437 2515//1395 2475//1594
f  2454//1591 2518//1595 2516//1429
f  2518//1595 2454//1591 2455//1415
f  2455//1416 2454//1592 2518//1596
f  2516//1428 2518//1596 2454//1592
f  2519//1434 2475//1593 2517//1436
f  2475//1593 2519//1434 2476//1434
f  2476//1435 2519//1435 2475//1594
f  2517//1437 2475//1594 2519//1435
f  2455//1415 2520//1422 2518//1595
f  2520//1422 2455//1415 2457//1597
f  2457//1598 2455//1416 2520//1420
f  2518//1596 2520//1420 2455//1416
f  2521//1430 2476//1434 2519//1434
f  2476//1434 2521//1430 2477//1599
f  2477//1600 2521//1431 2476//1435
f  2519//1435 2476//1435 2521//1431
f  2520//1422 2458//1424 2522//1424
f  2458//1424 2520//1422 2457//1597
f  2457//1598 2520//1420 2458//1425
f  2522//1425 2458//1425 2520//1420
f  2523//1601 2477//1599 2521//1430
f  2477//1599 2523//1601 2460//1602
f  2460//1603 2523//1604 2477//1600
f  2521//1431 2477//1600 2523//1604
f  2522//1424 2459//1605 2524//1606
f  2459//1605 2522//1424 2458//1424
f  2458//1425 2522//1425 2459//1607
f  2524//1608 2459//1607 2522//1425
f  2524//1606 2460//1602 2523//1601
f  2460//1602 2524//1606 2459//1605
f  2459//1607 2524//1608 2460//1603
f  2523//1604 2460//1603 2524//1608
f  2525//1609 2526//1610 2527//1610
f  2526//1610 2525//1609 2528//1609
f  2528//1611 2525//1611 2526//1612
f  2527//1612 2526//1612 2525//1611
f  39//1613 2528//1609 2525//1609
f  2528//1609 39//1613 2529//1613
f  2529//1614 39//1614 2528//1611
f  2525//1611 2528//1611 39//1614
f  2530//150 2531//150 2532//150
f  2531//150 2530//150 2533//1615
f  2533//1615 2530//150 2534//1616
f  2533//1615 2534//1616 2535//1617
f  2535//1617 2534//1616 2536//150
f  2535//1617 2536//150 2537//1618
f  2537//1619 2536//1619 2538//1619
f  2538//1620 2536//150 2539//1620
f  2539//1620 2536//150 2540//1621
f  2539//1620 2540//1621 2541//1622
f  2541//1622 2540//1621 2542//150
f  2542//150 2540//1621 2543//150
f  2543//150 2540//1621 2544//150
f  2544//150 2540//1621 2545//150
f  2545//150 2540//1621 2546//150
f  2546//150 2540//1621 2547//150
f  2547//150 2540//1621 2548//1623
f  2548//1623 2540//1621 2549//150
f  2549//150 2540//1621 2550//150
f  2528//1624 2377//1624 2526//1624
f  2377//1624 2528//1624 2381//1625
f  2526//1624 2377//1624 2373//1626
f  2526//1624 2373//1626 2368//1627
f  2526//1624 2368//1627 2370//1628
f  2526//1624 2370//1628 2375//150
f  2526//1624 2375//150 2551//150
f  2551//150 2375//150 2379//981
f  2551//150 2379//981 2382//1629
f  2551//150 2382//1629 2386//150
f  2551//150 2386//150 2552//150
f  2552//150 2386//150 2390//150
f  2552//150 2390//150 2395//1630
f  2552//150 2395//1630 2399//1631
f  2552//150 2399//1631 2403//1632
f  2552//150 2403//1632 2553//1633
f  2552//150 2553//1633 2501//150
f  2501//150 2553//1633 2502//150
f  2502//150 2553//1633 2554//150
f  2502//150 2554//150 2503//150
f  2503//150 2554//150 2505//150
f  2505//150 2554//150 2507//150
f  2507//150 2554//150 2509//150
f  2509//150 2554//150 2511//150
f  2511//150 2554//150 2513//150
f  2513//150 2554//150 2515//150
f  2515//150 2554//150 2517//150
f  2517//150 2554//150 2555//1634
f  2517//150 2555//1634 2519//150
f  2519//150 2555//1634 2521//1635
f  2521//1635 2555//1634 2523//150
f  2552//150 2504//150 2556//150
f  2504//150 2552//150 2501//150
f  2556//150 2504//150 2506//1636
f  2556//150 2506//1636 2508//1637
f  2556//150 2508//1637 2510//1638
f  2556//150 2510//1638 2512//1639
f  2556//150 2512//1639 2514//1640
f  2556//150 2514//1640 2516//1641
f  2556//150 2516//1641 2518//1642
f  2556//150 2518//1642 2520//1643
f  2556//150 2520//1643 2522//1644
f  2556//150 2522//1644 2557//150
f  2557//150 2522//1644 2524//1645
f  2557//150 2524//1645 2523//150
f  2557//150 2523//150 2555//1634
f  2557//150 2555//1634 2558//1646
f  2557//150 2558//1646 2559//150
f  2559//150 2558//1646 2560//1647
f  2559//150 2560//1647 2561//150
f  2537//1618 2529//1648 2535//1617
f  2529//1649 2537//1649 2562//1649
f  2529//1648 2562//1650 2563//1650
f  2529//1648 2563//1650 2564//1651
f  2529//1648 2564//1651 2565//1652
f  2529//1648 2565//1652 2528//1624
f  2528//1624 2565//1652 2566//1653
f  2528//1624 2566//1653 2567//1654
f  2528//1624 2567//1654 2568//1655
f  2528//1624 2568//1655 2569//1656
f  2528//1624 2569//1656 2570//1657
f  2528//1624 2570//1657 2571//1658
f  2528//1624 2571//1658 2572//1659
f  2528//1624 2572//1659 2550//150
f  2528//1624 2550//150 2540//1621
f  2528//1624 2540//1621 2381//1625
f  2381//1625 2540//1621 2385//150
f  2385//150 2540//1621 2573//150
f  2385//150 2573//150 2389//1660
f  2389//1660 2573//150 2393//150
f  2393//150 2573//150 2396//150
f  2396//150 2573//150 2400//150
f  2400//150 2573//150 2574//150
f  2400//150 2574//150 2404//150
f  2404//150 2574//150 2409//150
f  2409//150 2574//150 2413//150
f  2413//150 2574//150 2553//1633
f  2413//150 2553//1633 2415//150
f  2415//150 2553//1633 2411//1661
f  2411//1661 2553//1633 2407//150
f  2407//150 2553//1633 2403//1632
f  2403//1662 2553//1662 2407//1662
f  2407//1662 2553//1662 2411//151
f  2411//151 2553//1662 2415//1663
f  2415//1663 2553//1662 2413//151
f  2553//1662 2574//151 2413//151
f  2413//151 2574//151 2409//151
f  2409//151 2574//151 2404//151
f  2404//151 2574//151 2400//151
f  2574//151 2573//151 2400//151
f  2400//151 2573//151 2396//151
f  2396//151 2573//151 2393//151
f  2393//151 2573//151 2389//151
f  2389//151 2573//151 2385//151
f  2573//151 2540//151 2385//151
f  2385//151 2540//151 2381//151
f  2381//151 2540//151 2528//1664
f  2540//151 2550//151 2528//1664
f  2550//151 2572//151 2528//1664
f  2572//151 2571//151 2528//1664
f  2571//151 2570//1665 2528//1664
f  2570//1665 2569//151 2528//1664
f  2569//151 2568//151 2528//1664
f  2568//151 2567//151 2528//1664
f  2567//151 2566//151 2528//1664
f  2566//151 2565//151 2528//1664
f  2528//1664 2565//151 2529//151
f  2565//151 2564//151 2529//151
f  2564//151 2563//151 2529//151
f  2563//151 2562//151 2529//151
f  2562//1666 2537//1666 2529//1666
f  2535//151 2529//151 2537//151
f  2561//151 2560//151 2559//151
f  2560//151 2558//151 2559//151
f  2559//151 2558//151 2557//151
f  2558//151 2555//1667 2557//151
f  2555//1667 2523//151 2557//151
f  2523//151 2524//151 2557//151
f  2524//151 2522//1668 2557//151
f  2557//151 2522//1668 2556//151
f  2522//1668 2520//151 2556//151
f  2520//151 2518//1669 2556//151
f  2518//1669 2516//1670 2556//151
f  2516//1670 2514//1671 2556//151
f  2514//1671 2512//1672 2556//151
f  2512//1672 2510//1673 2556//151
f  2510//1673 2508//1674 2556//151
f  2508//1674 2506//151 2556//151
f  2506//1675 2504//1675 2556//1675
f  2501//151 2552//151 2504//151
f  2556//151 2504//151 2552//151
f  2523//151 2555//1667 2521//151
f  2521//151 2555//1667 2519//1676
f  2519//1676 2555//1667 2517//151
f  2555//1667 2554//1677 2517//151
f  2517//151 2554//1677 2515//151
f  2515//151 2554//1677 2513//151
f  2513//151 2554//1677 2511//151
f  2511//151 2554//1677 2509//151
f  2509//151 2554//1677 2507//151
f  2507//151 2554//1677 2505//151
f  2505//151 2554//1677 2503//151
f  2503//151 2554//1677 2502//151
f  2554//1677 2553//1662 2502//151
f  2502//151 2553//1662 2501//151
f  2501//151 2553//1662 2552//151
f  2553//1662 2403//1662 2552//151
f  2403//1662 2399//151 2552//151
f  2399//151 2395//1678 2552//151
f  2395//1678 2390//151 2552//151
f  2390//151 2386//151 2552//151
f  2552//151 2386//151 2551//151
f  2386//151 2382//151 2551//151
f  2382//151 2379//151 2551//151
f  2379//151 2375//151 2551//151
f  2551//151 2375//151 2526//151
f  2375//151 2370//151 2526//151
f  2370//151 2368//1679 2526//151
f  2368//1679 2373//151 2526//151
f  2373//151 2377//151 2526//151
f  2381//151 2528//1664 2377//151
f  2526//151 2377//151 2528//1664
f  2550//151 2540//151 2549//151
f  2549//151 2540//151 2548//151
f  2548//151 2540//151 2547//1680
f  2547//1680 2540//151 2546//151
f  2546//151 2540//151 2545//151
f  2545//151 2540//151 2544//151
f  2544//151 2540//151 2543//151
f  2543//151 2540//151 2542//151
f  2542//151 2540//151 2541//151
f  2541//151 2540//151 2539//1681
f  2540//151 2536//1682 2539//1681
f  2539//1681 2536//1682 2538//1683
f  2538//1684 2536//1684 2537//1684
f  2537//151 2536//1682 2535//151
f  2536//1682 2534//151 2535//151
f  2535//151 2534//151 2533//1685
f  2534//151 2530//1686 2533//1685
f  2533//1685 2530//1686 2531//1687
f  2532//151 2531//1687 2530//1686
f  2526//1610 2575//1688 2527//1610
f  2575//1688 2526//1610 2551//1688
f  2551//1689 2526//1612 2575//1689
f  2527//1612 2575//1689 2526//1612
f  2576//1690 2529//1613 39//1613
f  2529//1613 2576//1690 2535//1690
f  2535//1691 2576//1691 2529//1614
f  39//1614 2529//1614 2576//1691
f  2535//1690 2577//1692 2533//1692
f  2577//1692 2535//1690 2576//1690
f  2576//1691 2535//1691 2577//1693
f  2533//1693 2577//1693 2535//1691
f  2531//1694 2577//1692 2578//1694
f  2577//1692 2531//1694 2533//1692
f  2533//1693 2531//1695 2577//1693
f  2578//1695 2577//1693 2531//1695
f  2531//1694 2579//1696 2532//1697
f  2579//1696 2531//1694 2578//1694
f  2578//1695 2531//1695 2579//1698
f  2532//1699 2579//1698 2531//1695
f  2532//1697 2580//1700 2530//1701
f  2580//1700 2532//1697 2579//1696
f  2579//1698 2532//1699 2580//1702
f  2530//1703 2580//1702 2532//1699
f  2534//1704 2580//1700 40//1704
f  2580//1700 2534//1704 2530//1701
f  2530//1703 2534//1705 2580//1702
f  40//1705 2580//1702 2534//1705
f  2536//1706 40//1704 2581//1706
f  40//1704 2536//1706 2534//1704
f  2534//1705 2536//1707 40//1705
f  2581//1707 40//1705 2536//1707
f  2582//1708 2536//1706 2581//1706
f  2536//1706 2582//1708 2540//1708
f  2540//1709 2582//1709 2536//1707
f  2581//1707 2536//1707 2582//1709
f  2583//1710 2540//1708 2582//1708
f  2540//1708 2583//1710 2573//1710
f  2573//1711 2583//1711 2540//1709
f  2582//1709 2540//1709 2583//1711
f  2584//1612 2573//1710 2583//1710
f  2573//1710 2584//1612 2574//1712
f  2574//1713 2584//1610 2573//1711
f  2583//1711 2573//1711 2584//1610
f  2553//1611 2584//1612 2585//1611
f  2584//1612 2553//1611 2574//1712
f  2574//1713 2553//1609 2584//1610
f  2585//1609 2584//1610 2553//1609
f  2554//1614 2585//1611 37//1614
f  2585//1611 2554//1614 2553//1611
f  2553//1609 2554//1613 2585//1609
f  37//1613 2585//1609 2554//1613
f  2555//1691 37//1614 2586//1691
f  37//1614 2555//1691 2554//1614
f  2554//1613 2555//1690 37//1613
f  2586//1690 37//1613 2555//1690
f  2587//1693 2555//1691 2586//1691
f  2555//1691 2587//1693 2558//1693
f  2558//1692 2587//1692 2555//1690
f  2586//1690 2555//1690 2587//1692
f  2588//1714 2558//1693 2587//1693
f  2558//1693 2588//1714 2560//1714
f  2560//1715 2588//1715 2558//1692
f  2587//1692 2558//1692 2588//1715
f  2589//1699 2560//1714 2588//1714
f  2560//1714 2589//1699 2561//1699
f  2561//1697 2589//1697 2560//1715
f  2588//1715 2560//1715 2589//1697
f  2590//1702 2561//1699 2589//1699
f  2561//1699 2590//1702 2559//1702
f  2559//1700 2590//1700 2561//1697
f  2589//1697 2561//1697 2590//1700
f  2590//1702 2557//1705 2559//1702
f  2557//1705 2590//1702 2591//1705
f  2591//1704 2590//1700 2557//1704
f  2559//1700 2557//1704 2590//1700
f  2592//1707 2557//1705 2591//1705
f  2557//1705 2592//1707 2556//1707
f  2556//1706 2592//1706 2557//1704
f  2591//1704 2557//1704 2592//1706
f  2552//1716 2592//1707 2593//1716
f  2592//1707 2552//1716 2556//1707
f  2556//1706 2552//1717 2592//1706
f  2593//1717 2592//1706 2552//1717
f  2551//1688 2593//1716 2575//1688
f  2593//1716 2551//1688 2552//1716
f  2552//1717 2551//1689 2593//1717
f  2575//1689 2593//1717 2551//1689

# Mesh 'ID1579.001' with 952 faces
g ID1579.001
f  2594//1807 2595//1807 2596//1807
f  2596//1808 2595//1808 2594//1808
f  2596//1809 2595//1809 2597//1809
f  2597//1810 2595//1810 2596//1810
f  2598//1811 2594//1811 2596//1811
f  2596//1812 2594//1812 2598//1812
f  2595//1813 2599//1813 2597//1813
f  2597//1814 2599//1814 2595//1814
f  2600//1815 2594//1815 2598//1815
f  2598//1816 2594//1816 2600//1816
f  2597//1817 2599//1817 2601//1817
f  2601//1818 2599//1818 2597//1818
f  2602//1819 2600//1819 2598//1819
f  2598//1820 2600//1820 2602//1820
f  2599//1821 2603//1821 2601//1821
f  2601//1822 2603//1822 2599//1822
f  2604//1823 2600//1823 2602//1823
f  2602//1824 2600//1824 2604//1824
f  2601//1825 2603//1825 2605//1825
f  2605//1826 2603//1826 2601//1826
f  2606//1827 2604//1827 2602//1827
f  2602//1828 2604//1828 2606//1828
f  2603//1829 2607//1829 2605//1829
f  2605//1830 2607//1830 2603//1830
f  2608//1831 2604//1831 2606//1831
f  2606//1832 2604//1832 2608//1832
f  2605//1833 2607//1833 2609//1833
f  2609//1834 2607//1834 2605//1834
f  2610//1835 2606//1835 2608//1835
f  2608//1836 2606//1836 2610//1836
f  2607//1837 2611//1837 2609//1837
f  2609//1838 2611//1838 2607//1838
f  2612//1839 2610//1839 2608//1839
f  2608//1840 2610//1840 2612//1840
f  2611//1841 2613//1841 2609//1841
f  2609//1842 2613//1842 2611//1842
f  2614//1843 2610//1843 2612//1843
f  2612//1844 2610//1844 2614//1844
f  2611//1845 2615//1845 2613//1845
f  2613//1846 2615//1846 2611//1846
f  2616//1847 2614//1847 2612//1847
f  2612//1848 2614//1848 2616//1848
f  2617//1849 2616//1849 2614//1849
f  2614//1850 2616//1850 2617//1850
f  2617//1851 2618//1851 2616//1851
f  2618//1852 2617//1852 2619//1852
f  2618//1853 2619//1853 6//1853
f  6//1854 2619//1854 2618//1854
f  2619//1855 2617//1855 2618//1855
f  2616//1856 2618//1856 2617//1856
f  2620//1857 2619//1857 2617//1857
f  2617//1858 2619//1858 2620//1858
f  2620//1859 6//1859 2619//1859
f  6//1860 2620//1860 2621//1860
f  2621//1861 2620//1861 2622//1861
f  2622//1862 2620//1862 2623//1862
f  2622//1863 2623//1863 2624//1863
f  2624//1864 2623//1864 2622//1864
f  2623//1865 2620//1865 2622//1865
f  2622//1866 2620//1866 2621//1866
f  2621//1867 2620//1867 6//1867
f  2619//1868 6//1868 2620//1868
f  2620//1869 2621//1869 2619//1869
f  2621//1870 2620//1870 2625//1870
f  2625//1871 2620//1871 2622//1871
f  2622//1872 2620//1872 2626//1872
f  2622//1873 2626//1873 2623//1873
f  2623//1874 2626//1874 2622//1874
f  2626//1875 2620//1875 2622//1875
f  2622//1876 2620//1876 2625//1876
f  2625//1877 2620//1877 2621//1877
f  2619//1878 2621//1878 2620//1878
f  2622//1879 2627//1879 2625//1879
f  2627//1880 2622//1880 2623//1880
f  2627//1881 2623//1881 2626//1881
f  2626//1882 2623//1882 2627//1882
f  2623//1883 2622//1883 2627//1883
f  2625//1884 2627//1884 2622//1884
f  2627//1885 2628//1885 2625//1885
f  2625//1886 2628//1886 2627//1886
f  2629//1887 2628//1887 2627//1887
f  2627//1888 2628//1888 2629//1888
f  2629//1889 2630//1889 2628//1889
f  2628//1890 2630//1890 2629//1890
f  2629//1891 2631//1891 2630//1891
f  2630//1892 2631//1892 2629//1892
f  2631//1893 2632//1893 2630//1893
f  2630//1894 2632//1894 2631//1894
f  2631//1895 2633//1895 2632//1895
f  2632//1896 2633//1896 2631//1896
f  2633//1897 2634//1897 2632//1897
f  2632//1898 2634//1898 2633//1898
f  2633//1899 2635//1899 2634//1899
f  2634//1900 2635//1900 2633//1900
f  2635//1901 2636//1901 2634//1901
f  2634//1902 2636//1902 2635//1902
f  2635//1903 2637//1903 2636//1903
f  2636//1904 2637//1904 2635//1904
f  2637//1905 2638//1905 2636//1905
f  2636//1906 2638//1906 2637//1906
f  2637//1907 2639//1907 2638//1907
f  2638//1908 2639//1908 2637//1908
f  2639//1909 2640//1909 2638//1909
f  2638//1910 2640//1910 2639//1910
f  2639//1911 2641//1911 2640//1911
f  2640//1912 2641//1912 2639//1912
f  2641//1913 2642//1913 2640//1913
f  2640//1914 2642//1914 2641//1914
f  2641//1915 2642//1915 2643//1915
f  2643//1916 2642//1916 2641//1916
f  2643//1917 2642//1917 2644//1917
f  2644//1918 2642//1918 2643//1918
f  2643//1919 2644//1919 2645//1919
f  2645//1920 2644//1920 2643//1920
f  2645//1921 2644//1921 2646//1921
f  2646//1922 2644//1922 2645//1922
f  2645//1923 2647//1923 2646//1923
f  2646//1924 2647//1924 2645//1924
f  2647//1925 280//1925 2646//1925
f  2646//1926 280//1926 2647//1926
f  2647//1927 2648//1927 280//1927
f  280//1928 2648//1928 2647//1928
f  2649//1929 2650//1929 2651//1929
f  2651//1930 2650//1930 2649//1930
f  2652//1931 2650//1931 2649//1931
f  2649//1932 2650//1932 2652//1932
f  2651//1933 2653//1933 2654//1933
f  2653//1934 2651//1934 2650//1934
f  2650//1935 2651//1935 2653//1935
f  2654//1936 2653//1936 2651//1936
f  2655//1937 2652//1937 2649//1937
f  2649//1938 2652//1938 2655//1938
f  2653//1939 2656//1939 2654//1939
f  2654//1940 2656//1940 2653//1940
f  2657//1941 2652//1941 2655//1941
f  2655//1942 2652//1942 2657//1942
f  2654//1943 2656//1943 2658//1943
f  2658//1944 2656//1944 2654//1944
f  2659//1945 2657//1945 2655//1945
f  2655//1946 2657//1946 2659//1946
f  2656//1947 2658//1947 2660//1947
f  2660//1948 2658//1948 2656//1948
f  2661//1949 2657//1949 2659//1949
f  2659//1950 2657//1950 2661//1950
f  2658//1951 2662//1951 2660//1951
f  2660//1952 2662//1952 2658//1952
f  2663//1953 2661//1953 2659//1953
f  2659//1954 2661//1954 2663//1954
f  2660//1955 2662//1955 2664//1955
f  2664//1956 2662//1956 2660//1956
f  2665//1957 2661//1957 2663//1957
f  2663//1958 2661//1958 2665//1958
f  2662//1959 2666//1959 2664//1959
f  2664//1960 2666//1960 2662//1960
f  2667//1961 2665//1961 2663//1961
f  2663//1962 2665//1962 2667//1962
f  2664//1963 2668//1963 2666//1963
f  2666//1964 2668//1964 2664//1964
f  2669//1965 2665//1965 2667//1965
f  2667//1966 2665//1966 2669//1966
f  2670//1967 2668//1967 2671//1967
f  2668//1968 2670//1968 2666//1968
f  2666//1969 2670//1969 2668//1969
f  2671//1970 2668//1970 2670//1970
f  2669//1971 2667//1971 2672//1971
f  2672//1972 2667//1972 2669//1972
f  2668//1973 2673//1973 2671//1973
f  2671//1974 2673//1974 2668//1974
f  2674//1975 2669//1975 2672//1975
f  2672//1976 2669//1976 2674//1976
f  2675//1977 2673//1977 2676//1977
f  2673//1978 2675//1978 9//1978
f  2673//1979 9//1979 2677//1979
f  2673//1980 2677//1980 2671//1980
f  2671//1981 2677//1981 8//1981
f  8//1982 2677//1982 2671//1982
f  2671//1983 2677//1983 2673//1983
f  2677//1984 9//1984 2673//1984
f  9//1985 2675//1985 2673//1985
f  2676//1986 2673//1986 2675//1986
f  9//1987 2673//1987 2675//1987
f  2673//1988 9//1988 8//1988
f  2673//1989 8//1989 2671//1989
f  2671//1990 8//1990 2673//1990
f  8//1991 9//1991 2673//1991
f  2675//1985 2673//1985 9//1985
f  2674//1992 2672//1992 2678//1992
f  2678//1993 2672//1993 2674//1993
f  2677//1994 2676//1994 2679//1994
f  2676//1995 2677//1995 9//1995
f  2676//1996 9//1996 2675//1996
f  2675//1997 9//1997 2676//1997
f  9//1998 2677//1998 2676//1998
f  2679//1999 2676//1999 2677//1999
f  2677//2000 2679//2000 2680//2000
f  2680//2001 2679//2001 2677//2001
f  2680//2002 2679//2002 2681//2002
f  2681//2003 2679//2003 2680//2003
f  2682//2004 2680//2004 2681//2004
f  2681//2005 2680//2005 2682//2005
f  2682//2006 2681//2006 2683//2006
f  2683//2007 2681//2007 2682//2007
f  2684//2008 2682//2008 2683//2008
f  2683//2009 2682//2009 2684//2009
f  2684//2010 2683//2010 2685//2010
f  2685//2011 2683//2011 2684//2011
f  2686//2012 2684//2012 2685//2012
f  2685//2013 2684//2013 2686//2013
f  2686//2014 2685//2014 2687//2014
f  2687//2015 2685//2015 2686//2015
f  2688//2016 2686//2016 2687//2016
f  2687//2017 2686//2017 2688//2017
f  2688//2018 2687//2018 2689//2018
f  2689//2019 2687//2019 2688//2019
f  2690//2020 2688//2020 2689//2020
f  2689//2021 2688//2021 2690//2021
f  2690//2022 2689//2022 2691//2022
f  2691//2023 2689//2023 2690//2023
f  2692//2024 2690//2024 2691//2024
f  2691//2025 2690//2025 2692//2025
f  2692//2026 2691//2026 2693//2026
f  2693//2027 2691//2027 2692//2027
f  2694//2028 2692//2028 2693//2028
f  2693//2029 2692//2029 2694//2029
f  2694//2030 2695//2030 2693//2030
f  2693//2031 2695//2031 2694//2031
f  2696//2032 2695//2032 2694//2032
f  2694//2033 2695//2033 2696//2033
f  2696//2034 2697//2034 2695//2034
f  2695//2035 2697//2035 2696//2035
f  2698//2036 2697//2036 2696//2036
f  2696//2037 2697//2037 2698//2037
f  2698//2038 2697//2038 2699//2038
f  2699//2039 2697//2039 2698//2039
f  2700//2040 2698//2040 2699//2040
f  2699//2041 2698//2041 2700//2041
f  2700//2042 2699//2042 2701//2042
f  2701//2043 2699//2043 2700//2043
f  2702//1807 2703//1807 2704//1807
f  2704//1808 2703//1808 2702//1808
f  2704//1809 2703//1809 2705//1809
f  2705//1810 2703//1810 2704//1810
f  2706//1811 2702//1811 2704//1811
f  2704//1812 2702//1812 2706//1812
f  2703//1813 2707//1813 2705//1813
f  2705//1814 2707//1814 2703//1814
f  2708//1815 2702//1815 2706//1815
f  2706//1816 2702//1816 2708//1816
f  2705//1817 2707//1817 2709//1817
f  2709//1818 2707//1818 2705//1818
f  2710//1819 2708//1819 2706//1819
f  2706//1820 2708//1820 2710//1820
f  2707//1821 2711//1821 2709//1821
f  2709//1822 2711//1822 2707//1822
f  2712//1823 2708//1823 2710//1823
f  2710//1824 2708//1824 2712//1824
f  2709//1825 2711//1825 2713//1825
f  2713//1826 2711//1826 2709//1826
f  2714//1827 2712//1827 2710//1827
f  2710//1828 2712//1828 2714//1828
f  2711//1829 2715//1829 2713//1829
f  2713//1830 2715//1830 2711//1830
f  2716//1831 2712//1831 2714//1831
f  2714//1832 2712//1832 2716//1832
f  2713//1833 2715//1833 2717//1833
f  2717//1834 2715//1834 2713//1834
f  2718//1835 2714//1835 2716//1835
f  2716//1836 2714//1836 2718//1836
f  2715//1837 2719//1837 2717//1837
f  2717//1838 2719//1838 2715//1838
f  2720//1839 2718//1839 2716//1839
f  2716//1840 2718//1840 2720//1840
f  2719//1841 2721//1841 2717//1841
f  2717//1842 2721//1842 2719//1842
f  2722//1843 2718//1843 2720//1843
f  2720//1844 2718//1844 2722//1844
f  2719//1845 2723//1845 2721//1845
f  2721//1846 2723//1846 2719//1846
f  2724//1847 2722//1847 2720//1847
f  2720//1848 2722//1848 2724//1848
f  2725//1849 2724//1849 2722//1849
f  2722//1850 2724//1850 2725//1850
f  2725//1851 2726//1851 2724//1851
f  2726//1852 2725//1852 2727//1852
f  2726//1853 2727//1853 18//1853
f  18//1854 2727//1854 2726//1854
f  2727//1855 2725//1855 2726//1855
f  2724//1856 2726//1856 2725//1856
f  2728//1857 2727//1857 2725//1857
f  2725//1858 2727//1858 2728//1858
f  2728//1859 18//1859 2727//1859
f  18//1860 2728//1860 2729//1860
f  2729//1861 2728//1861 2730//1861
f  2730//1862 2728//1862 2731//1862
f  2730//1863 2731//1863 2732//1863
f  2732//1864 2731//1864 2730//1864
f  2731//1865 2728//1865 2730//1865
f  2730//1866 2728//1866 2729//1866
f  2729//1867 2728//1867 18//1867
f  2727//1868 18//1868 2728//1868
f  2728//1869 2729//1869 2727//1869
f  2729//1870 2728//1870 2733//1870
f  2733//1871 2728//1871 2730//1871
f  2730//1872 2728//1872 2734//1872
f  2730//1873 2734//1873 2731//1873
f  2731//1874 2734//1874 2730//1874
f  2734//1875 2728//1875 2730//1875
f  2730//1876 2728//1876 2733//1876
f  2733//1877 2728//1877 2729//1877
f  2727//1878 2729//1878 2728//1878
f  2730//1879 2735//1879 2733//1879
f  2735//1880 2730//1880 2731//1880
f  2735//1881 2731//1881 2734//1881
f  2734//1882 2731//1882 2735//1882
f  2731//1883 2730//1883 2735//1883
f  2733//1884 2735//1884 2730//1884
f  2735//1885 2736//1885 2733//1885
f  2733//1886 2736//1886 2735//1886
f  2737//1887 2736//1887 2735//1887
f  2735//1888 2736//1888 2737//1888
f  2737//1889 2738//1889 2736//1889
f  2736//1890 2738//1890 2737//1890
f  2737//1891 2739//1891 2738//1891
f  2738//1892 2739//1892 2737//1892
f  2739//1893 2740//1893 2738//1893
f  2738//1894 2740//1894 2739//1894
f  2739//1895 2741//1895 2740//1895
f  2740//1896 2741//1896 2739//1896
f  2741//1897 2742//1897 2740//1897
f  2740//1898 2742//1898 2741//1898
f  2741//1899 2743//1899 2742//1899
f  2742//1900 2743//1900 2741//1900
f  2743//1901 2744//1901 2742//1901
f  2742//1902 2744//1902 2743//1902
f  2743//1903 2745//1903 2744//1903
f  2744//1904 2745//1904 2743//1904
f  2745//1905 2746//1905 2744//1905
f  2744//1906 2746//1906 2745//1906
f  2745//1907 2747//1907 2746//1907
f  2746//1908 2747//1908 2745//1908
f  2747//1909 2748//1909 2746//1909
f  2746//1910 2748//1910 2747//1910
f  2747//1911 2749//1911 2748//1911
f  2748//1912 2749//1912 2747//1912
f  2749//1913 2750//1913 2748//1913
f  2748//1914 2750//1914 2749//1914
f  2749//1915 2750//1915 2751//1915
f  2751//1916 2750//1916 2749//1916
f  2751//1917 2750//1917 2752//1917
f  2752//1918 2750//1918 2751//1918
f  2751//1919 2752//1919 2753//1919
f  2753//1920 2752//1920 2751//1920
f  2753//1921 2752//1921 2754//1921
f  2754//1922 2752//1922 2753//1922
f  2753//1923 2755//1923 2754//1923
f  2754//1924 2755//1924 2753//1924
f  2755//1925 356//1925 2754//1925
f  2754//1926 356//1926 2755//1926
f  2755//1927 2756//1927 356//1927
f  356//1928 2756//1928 2755//1928
f  2757//1929 2758//1929 2759//1929
f  2759//1930 2758//1930 2757//1930
f  2760//1931 2758//1931 2757//1931
f  2757//1932 2758//1932 2760//1932
f  2759//1933 2761//1933 2762//1933
f  2761//1934 2759//1934 2758//1934
f  2758//1935 2759//1935 2761//1935
f  2762//1936 2761//1936 2759//1936
f  2763//1937 2760//1937 2757//1937
f  2757//1938 2760//1938 2763//1938
f  2761//1939 2764//1939 2762//1939
f  2762//1940 2764//1940 2761//1940
f  2765//1941 2760//1941 2763//1941
f  2763//1942 2760//1942 2765//1942
f  2762//1943 2764//1943 2766//1943
f  2766//1944 2764//1944 2762//1944
f  2767//1945 2765//1945 2763//1945
f  2763//1946 2765//1946 2767//1946
f  2764//1947 2766//1947 2768//1947
f  2768//1948 2766//1948 2764//1948
f  2769//1949 2765//1949 2767//1949
f  2767//1950 2765//1950 2769//1950
f  2766//1951 2770//1951 2768//1951
f  2768//1952 2770//1952 2766//1952
f  2771//1953 2769//1953 2767//1953
f  2767//1954 2769//1954 2771//1954
f  2768//1955 2770//1955 2772//1955
f  2772//1956 2770//1956 2768//1956
f  2773//1957 2769//1957 2771//1957
f  2771//1958 2769//1958 2773//1958
f  2770//1959 2774//1959 2772//1959
f  2772//1960 2774//1960 2770//1960
f  2775//1961 2773//1961 2771//1961
f  2771//1962 2773//1962 2775//1962
f  2772//1963 2776//1963 2774//1963
f  2774//1964 2776//1964 2772//1964
f  2777//1965 2773//1965 2775//1965
f  2775//1966 2773//1966 2777//1966
f  2778//1967 2776//1967 2779//1967
f  2776//1968 2778//1968 2774//1968
f  2774//1969 2778//1969 2776//1969
f  2779//1970 2776//1970 2778//1970
f  2777//1971 2775//1971 2780//1971
f  2780//1972 2775//1972 2777//1972
f  2776//1973 2781//1973 2779//1973
f  2779//1974 2781//1974 2776//1974
f  2782//1975 2777//1975 2780//1975
f  2780//1976 2777//1976 2782//1976
f  2783//1977 2781//1977 2784//1977
f  2781//1978 2783//1978 21//1978
f  2781//1979 21//1979 2785//1979
f  2781//1980 2785//1980 2779//1980
f  2779//1981 2785//1981 20//1981
f  20//1982 2785//1982 2779//1982
f  2779//1983 2785//1983 2781//1983
f  2785//1984 21//1984 2781//1984
f  21//1985 2783//1985 2781//1985
f  2784//1986 2781//1986 2783//1986
f  21//1987 2781//1987 2783//1987
f  2781//1988 21//1988 20//1988
f  2781//1989 20//1989 2779//1989
f  2779//1990 20//1990 2781//1990
f  20//1991 21//1991 2781//1991
f  2783//1985 2781//1985 21//1985
f  2782//1992 2780//1992 2786//1992
f  2786//1993 2780//1993 2782//1993
f  2785//1994 2784//1994 2787//1994
f  2784//1995 2785//1995 21//1995
f  2784//1996 21//1996 2783//1996
f  2783//1997 21//1997 2784//1997
f  21//1998 2785//1998 2784//1998
f  2787//1999 2784//1999 2785//1999
f  2785//2000 2787//2000 2788//2000
f  2788//2001 2787//2001 2785//2001
f  2788//2002 2787//2002 2789//2002
f  2789//2003 2787//2003 2788//2003
f  2790//2004 2788//2004 2789//2004
f  2789//2005 2788//2005 2790//2005
f  2790//2006 2789//2006 2791//2006
f  2791//2007 2789//2007 2790//2007
f  2792//2008 2790//2008 2791//2008
f  2791//2009 2790//2009 2792//2009
f  2792//2010 2791//2010 2793//2010
f  2793//2011 2791//2011 2792//2011
f  2794//2012 2792//2012 2793//2012
f  2793//2013 2792//2013 2794//2013
f  2794//2014 2793//2014 2795//2014
f  2795//2015 2793//2015 2794//2015
f  2796//2016 2794//2016 2795//2016
f  2795//2017 2794//2017 2796//2017
f  2796//2018 2795//2018 2797//2018
f  2797//2019 2795//2019 2796//2019
f  2798//2020 2796//2020 2797//2020
f  2797//2021 2796//2021 2798//2021
f  2798//2022 2797//2022 2799//2022
f  2799//2023 2797//2023 2798//2023
f  2800//2024 2798//2024 2799//2024
f  2799//2025 2798//2025 2800//2025
f  2800//2026 2799//2026 2801//2026
f  2801//2027 2799//2027 2800//2027
f  2802//2028 2800//2028 2801//2028
f  2801//2029 2800//2029 2802//2029
f  2802//2030 2803//2030 2801//2030
f  2801//2031 2803//2031 2802//2031
f  2804//2032 2803//2032 2802//2032
f  2802//2033 2803//2033 2804//2033
f  2804//2034 2805//2034 2803//2034
f  2803//2035 2805//2035 2804//2035
f  2806//2036 2805//2036 2804//2036
f  2804//2037 2805//2037 2806//2037
f  2806//2038 2805//2038 2807//2038
f  2807//2039 2805//2039 2806//2039
f  2808//2040 2806//2040 2807//2040
f  2807//2041 2806//2041 2808//2041
f  2808//2042 2807//2042 2809//2042
f  2809//2043 2807//2043 2808//2043
f  2810//1807 2811//1807 2812//1807
f  2812//1808 2811//1808 2810//1808
f  2812//1809 2811//1809 2813//1809
f  2813//1810 2811//1810 2812//1810
f  2814//1811 2810//1811 2812//1811
f  2812//1812 2810//1812 2814//1812
f  2811//1813 2815//1813 2813//1813
f  2813//1814 2815//1814 2811//1814
f  2816//1815 2810//1815 2814//1815
f  2814//1816 2810//1816 2816//1816
f  2813//1817 2815//1817 2817//1817
f  2817//1818 2815//1818 2813//1818
f  2818//1819 2816//1819 2814//1819
f  2814//1820 2816//1820 2818//1820
f  2815//1821 2819//1821 2817//1821
f  2817//1822 2819//1822 2815//1822
f  2820//1823 2816//1823 2818//1823
f  2818//1824 2816//1824 2820//1824
f  2817//1825 2819//1825 2821//1825
f  2821//1826 2819//1826 2817//1826
f  2822//1827 2820//1827 2818//1827
f  2818//1828 2820//1828 2822//1828
f  2819//1829 2823//1829 2821//1829
f  2821//1830 2823//1830 2819//1830
f  2824//1831 2820//1831 2822//1831
f  2822//1832 2820//1832 2824//1832
f  2821//1833 2823//1833 2825//1833
f  2825//1834 2823//1834 2821//1834
f  2826//1835 2822//1835 2824//1835
f  2824//1836 2822//1836 2826//1836
f  2823//1837 2827//1837 2825//1837
f  2825//1838 2827//1838 2823//1838
f  2828//1839 2826//1839 2824//1839
f  2824//1840 2826//1840 2828//1840
f  2827//1841 2829//1841 2825//1841
f  2825//1842 2829//1842 2827//1842
f  2830//1843 2826//1843 2828//1843
f  2828//1844 2826//1844 2830//1844
f  2827//1845 2831//1845 2829//1845
f  2829//1846 2831//1846 2827//1846
f  2832//1847 2830//1847 2828//1847
f  2828//1848 2830//1848 2832//1848
f  2833//1849 2832//1849 2830//1849
f  2830//1850 2832//1850 2833//1850
f  2833//1851 2834//1851 2832//1851
f  2834//1852 2833//1852 2835//1852
f  2834//1853 2835//1853 30//1853
f  30//1854 2835//1854 2834//1854
f  2835//1855 2833//1855 2834//1855
f  2832//1856 2834//1856 2833//1856
f  2836//1857 2835//1857 2833//1857
f  2833//1858 2835//1858 2836//1858
f  2836//1859 30//1859 2835//1859
f  30//1860 2836//1860 2837//1860
f  2837//1861 2836//1861 2838//1861
f  2838//1862 2836//1862 2839//1862
f  2838//1863 2839//1863 2840//1863
f  2840//1864 2839//1864 2838//1864
f  2839//1865 2836//1865 2838//1865
f  2838//1866 2836//1866 2837//1866
f  2837//1867 2836//1867 30//1867
f  2835//1868 30//1868 2836//1868
f  2836//1869 2837//1869 2835//1869
f  2837//1870 2836//1870 2841//1870
f  2841//1871 2836//1871 2838//1871
f  2838//1872 2836//1872 2842//1872
f  2838//1873 2842//1873 2839//1873
f  2839//1874 2842//1874 2838//1874
f  2842//1875 2836//1875 2838//1875
f  2838//1876 2836//1876 2841//1876
f  2841//1877 2836//1877 2837//1877
f  2835//1878 2837//1878 2836//1878
f  2838//1879 2843//1879 2841//1879
f  2843//1880 2838//1880 2839//1880
f  2843//1881 2839//1881 2842//1881
f  2842//1882 2839//1882 2843//1882
f  2839//1883 2838//1883 2843//1883
f  2841//1884 2843//1884 2838//1884
f  2843//1885 2844//1885 2841//1885
f  2841//1886 2844//1886 2843//1886
f  2845//1887 2844//1887 2843//1887
f  2843//1888 2844//1888 2845//1888
f  2845//1889 2846//1889 2844//1889
f  2844//1890 2846//1890 2845//1890
f  2845//1891 2847//1891 2846//1891
f  2846//1892 2847//1892 2845//1892
f  2847//1893 2848//1893 2846//1893
f  2846//1894 2848//1894 2847//1894
f  2847//1895 2849//1895 2848//1895
f  2848//1896 2849//1896 2847//1896
f  2849//1897 2850//1897 2848//1897
f  2848//1898 2850//1898 2849//1898
f  2849//1899 2851//1899 2850//1899
f  2850//1900 2851//1900 2849//1900
f  2851//1901 2852//1901 2850//1901
f  2850//1902 2852//1902 2851//1902
f  2851//1903 2853//1903 2852//1903
f  2852//1904 2853//1904 2851//1904
f  2853//1905 2854//1905 2852//1905
f  2852//1906 2854//1906 2853//1906
f  2853//1907 2855//1907 2854//1907
f  2854//1908 2855//1908 2853//1908
f  2855//1909 2856//1909 2854//1909
f  2854//1910 2856//1910 2855//1910
f  2855//1911 2857//1911 2856//1911
f  2856//1912 2857//1912 2855//1912
f  2857//1913 2858//1913 2856//1913
f  2856//1914 2858//1914 2857//1914
f  2857//1915 2858//1915 2859//1915
f  2859//1916 2858//1916 2857//1916
f  2859//1917 2858//1917 2860//1917
f  2860//1918 2858//1918 2859//1918
f  2859//1919 2860//1919 2861//1919
f  2861//1920 2860//1920 2859//1920
f  2861//1921 2860//1921 2862//1921
f  2862//1922 2860//1922 2861//1922
f  2861//1923 2863//1923 2862//1923
f  2862//1924 2863//1924 2861//1924
f  2863//1925 432//1925 2862//1925
f  2862//1926 432//1926 2863//1926
f  2863//1927 2864//1927 432//1927
f  432//1928 2864//1928 2863//1928
f  2865//1929 2866//1929 2867//1929
f  2867//1930 2866//1930 2865//1930
f  2868//1931 2866//1931 2865//1931
f  2865//1932 2866//1932 2868//1932
f  2867//1933 2869//1933 2870//1933
f  2869//1934 2867//1934 2866//1934
f  2866//1935 2867//1935 2869//1935
f  2870//1936 2869//1936 2867//1936
f  2871//1937 2868//1937 2865//1937
f  2865//1938 2868//1938 2871//1938
f  2869//1939 2872//1939 2870//1939
f  2870//1940 2872//1940 2869//1940
f  2873//1941 2868//1941 2871//1941
f  2871//1942 2868//1942 2873//1942
f  2870//1943 2872//1943 2874//1943
f  2874//1944 2872//1944 2870//1944
f  2875//1945 2873//1945 2871//1945
f  2871//1946 2873//1946 2875//1946
f  2872//1947 2874//1947 2876//1947
f  2876//1948 2874//1948 2872//1948
f  2877//1949 2873//1949 2875//1949
f  2875//1950 2873//1950 2877//1950
f  2874//1951 2878//1951 2876//1951
f  2876//1952 2878//1952 2874//1952
f  2879//1953 2877//1953 2875//1953
f  2875//1954 2877//1954 2879//1954
f  2876//1955 2878//1955 2880//1955
f  2880//1956 2878//1956 2876//1956
f  2881//1957 2877//1957 2879//1957
f  2879//1958 2877//1958 2881//1958
f  2878//1959 2882//1959 2880//1959
f  2880//1960 2882//1960 2878//1960
f  2883//1961 2881//1961 2879//1961
f  2879//1962 2881//1962 2883//1962
f  2880//1963 2884//1963 2882//1963
f  2882//1964 2884//1964 2880//1964
f  2885//1965 2881//1965 2883//1965
f  2883//1966 2881//1966 2885//1966
f  2886//1967 2884//1967 2887//1967
f  2884//1968 2886//1968 2882//1968
f  2882//1969 2886//1969 2884//1969
f  2887//1970 2884//1970 2886//1970
f  2885//1971 2883//1971 2888//1971
f  2888//1972 2883//1972 2885//1972
f  2884//1973 2889//1973 2887//1973
f  2887//1974 2889//1974 2884//1974
f  2890//1975 2885//1975 2888//1975
f  2888//1976 2885//1976 2890//1976
f  2891//1977 2889//1977 2892//1977
f  2889//1978 2891//1978 33//1978
f  2889//1979 33//1979 2893//1979
f  2889//1980 2893//1980 2887//1980
f  2887//1981 2893//1981 32//1981
f  32//1982 2893//1982 2887//1982
f  2887//1983 2893//1983 2889//1983
f  2893//1984 33//1984 2889//1984
f  33//1985 2891//1985 2889//1985
f  2892//1986 2889//1986 2891//1986
f  33//1987 2889//1987 2891//1987
f  2889//1988 33//1988 32//1988
f  2889//1989 32//1989 2887//1989
f  2887//1990 32//1990 2889//1990
f  32//1991 33//1991 2889//1991
f  2891//1985 2889//1985 33//1985
f  2890//1992 2888//1992 2894//1992
f  2894//1993 2888//1993 2890//1993
f  2893//1994 2892//1994 2895//1994
f  2892//1995 2893//1995 33//1995
f  2892//1996 33//1996 2891//1996
f  2891//1997 33//1997 2892//1997
f  33//1998 2893//1998 2892//1998
f  2895//1999 2892//1999 2893//1999
f  2893//2000 2895//2000 2896//2000
f  2896//2001 2895//2001 2893//2001
f  2896//2002 2895//2002 2897//2002
f  2897//2003 2895//2003 2896//2003
f  2898//2004 2896//2004 2897//2004
f  2897//2005 2896//2005 2898//2005
f  2898//2006 2897//2006 2899//2006
f  2899//2007 2897//2007 2898//2007
f  2900//2008 2898//2008 2899//2008
f  2899//2009 2898//2009 2900//2009
f  2900//2010 2899//2010 2901//2010
f  2901//2011 2899//2011 2900//2011
f  2902//2012 2900//2012 2901//2012
f  2901//2013 2900//2013 2902//2013
f  2902//2014 2901//2014 2903//2014
f  2903//2015 2901//2015 2902//2015
f  2904//2016 2902//2016 2903//2016
f  2903//2017 2902//2017 2904//2017
f  2904//2018 2903//2018 2905//2018
f  2905//2019 2903//2019 2904//2019
f  2906//2020 2904//2020 2905//2020
f  2905//2021 2904//2021 2906//2021
f  2906//2022 2905//2022 2907//2022
f  2907//2023 2905//2023 2906//2023
f  2908//2024 2906//2024 2907//2024
f  2907//2025 2906//2025 2908//2025
f  2908//2026 2907//2026 2909//2026
f  2909//2027 2907//2027 2908//2027
f  2910//2028 2908//2028 2909//2028
f  2909//2029 2908//2029 2910//2029
f  2910//2030 2911//2030 2909//2030
f  2909//2031 2911//2031 2910//2031
f  2912//2032 2911//2032 2910//2032
f  2910//2033 2911//2033 2912//2033
f  2912//2034 2913//2034 2911//2034
f  2911//2035 2913//2035 2912//2035
f  2914//2036 2913//2036 2912//2036
f  2912//2037 2913//2037 2914//2037
f  2914//2038 2913//2038 2915//2038
f  2915//2039 2913//2039 2914//2039
f  2916//2040 2914//2040 2915//2040
f  2915//2041 2914//2041 2916//2041
f  2916//2042 2915//2042 2917//2042
f  2917//2043 2915//2043 2916//2043
f  2918//1807 2919//1807 2920//1807
f  2920//1808 2919//1808 2918//1808
f  2920//1809 2919//1809 2921//1809
f  2921//1810 2919//1810 2920//1810
f  2922//1811 2918//1811 2920//1811
f  2920//1812 2918//1812 2922//1812
f  2919//1813 2923//1813 2921//1813
f  2921//1814 2923//1814 2919//1814
f  2924//1815 2918//1815 2922//1815
f  2922//1816 2918//1816 2924//1816
f  2921//1817 2923//1817 2925//1817
f  2925//1818 2923//1818 2921//1818
f  2926//1819 2924//1819 2922//1819
f  2922//1820 2924//1820 2926//1820
f  2923//1821 2927//1821 2925//1821
f  2925//1822 2927//1822 2923//1822
f  2928//1823 2924//1823 2926//1823
f  2926//1824 2924//1824 2928//1824
f  2925//1825 2927//1825 2929//1825
f  2929//1826 2927//1826 2925//1826
f  2930//1827 2928//1827 2926//1827
f  2926//1828 2928//1828 2930//1828
f  2927//1829 2931//1829 2929//1829
f  2929//1830 2931//1830 2927//1830
f  2932//1831 2928//1831 2930//1831
f  2930//1832 2928//1832 2932//1832
f  2929//1833 2931//1833 2933//1833
f  2933//1834 2931//1834 2929//1834
f  2934//1835 2930//1835 2932//1835
f  2932//1836 2930//1836 2934//1836
f  2931//1837 2935//1837 2933//1837
f  2933//1838 2935//1838 2931//1838
f  2936//1839 2934//1839 2932//1839
f  2932//1840 2934//1840 2936//1840
f  2935//1841 2937//1841 2933//1841
f  2933//1842 2937//1842 2935//1842
f  2938//1843 2934//1843 2936//1843
f  2936//1844 2934//1844 2938//1844
f  2935//1845 2939//1845 2937//1845
f  2937//1846 2939//1846 2935//1846
f  2940//1847 2938//1847 2936//1847
f  2936//1848 2938//1848 2940//1848
f  2941//1849 2940//1849 2938//1849
f  2938//1850 2940//1850 2941//1850
f  2941//1851 2942//1851 2940//1851
f  2942//1852 2941//1852 2943//1852
f  2942//1853 2943//1853 42//1853
f  42//1854 2943//1854 2942//1854
f  2943//1855 2941//1855 2942//1855
f  2940//1856 2942//1856 2941//1856
f  2944//1857 2943//1857 2941//1857
f  2941//1858 2943//1858 2944//1858
f  2944//1859 42//1859 2943//1859
f  42//1860 2944//1860 2945//1860
f  2945//1861 2944//1861 2946//1861
f  2946//1862 2944//1862 2947//1862
f  2946//1863 2947//1863 2948//1863
f  2948//1864 2947//1864 2946//1864
f  2947//1865 2944//1865 2946//1865
f  2946//1866 2944//1866 2945//1866
f  2945//1867 2944//1867 42//1867
f  2943//1868 42//1868 2944//1868
f  2944//1869 2945//1869 2943//1869
f  2945//1870 2944//1870 2949//1870
f  2949//1871 2944//1871 2946//1871
f  2946//1872 2944//1872 2950//1872
f  2946//1873 2950//1873 2947//1873
f  2947//1874 2950//1874 2946//1874
f  2950//1875 2944//1875 2946//1875
f  2946//1876 2944//1876 2949//1876
f  2949//1877 2944//1877 2945//1877
f  2943//1878 2945//1878 2944//1878
f  2946//1879 2951//1879 2949//1879
f  2951//1880 2946//1880 2947//1880
f  2951//1881 2947//1881 2950//1881
f  2950//1882 2947//1882 2951//1882
f  2947//1883 2946//1883 2951//1883
f  2949//1884 2951//1884 2946//1884
f  2951//1885 2952//1885 2949//1885
f  2949//1886 2952//1886 2951//1886
f  2953//1887 2952//1887 2951//1887
f  2951//1888 2952//1888 2953//1888
f  2953//1889 2954//1889 2952//1889
f  2952//1890 2954//1890 2953//1890
f  2953//1891 2955//1891 2954//1891
f  2954//1892 2955//1892 2953//1892
f  2955//1893 2956//1893 2954//1893
f  2954//1894 2956//1894 2955//1894
f  2955//1895 2957//1895 2956//1895
f  2956//1896 2957//1896 2955//1896
f  2957//1897 2958//1897 2956//1897
f  2956//1898 2958//1898 2957//1898
f  2957//1899 2959//1899 2958//1899
f  2958//1900 2959//1900 2957//1900
f  2959//1901 2960//1901 2958//1901
f  2958//1902 2960//1902 2959//1902
f  2959//1903 2961//1903 2960//1903
f  2960//1904 2961//1904 2959//1904
f  2961//1905 2962//1905 2960//1905
f  2960//1906 2962//1906 2961//1906
f  2961//1907 2963//1907 2962//1907
f  2962//1908 2963//1908 2961//1908
f  2963//1909 2964//1909 2962//1909
f  2962//1910 2964//1910 2963//1910
f  2963//1911 2965//1911 2964//1911
f  2964//1912 2965//1912 2963//1912
f  2965//1913 2966//1913 2964//1913
f  2964//1914 2966//1914 2965//1914
f  2965//1915 2966//1915 2967//1915
f  2967//1916 2966//1916 2965//1916
f  2967//1917 2966//1917 2968//1917
f  2968//1918 2966//1918 2967//1918
f  2967//1919 2968//1919 2969//1919
f  2969//1920 2968//1920 2967//1920
f  2969//1921 2968//1921 2970//1921
f  2970//1922 2968//1922 2969//1922
f  2969//1923 2971//1923 2970//1923
f  2970//1924 2971//1924 2969//1924
f  2971//1925 508//1925 2970//1925
f  2970//1926 508//1926 2971//1926
f  2971//1927 2972//1927 508//1927
f  508//1928 2972//1928 2971//1928
f  2973//1929 2974//1929 2975//1929
f  2975//1930 2974//1930 2973//1930
f  2976//1931 2974//1931 2973//1931
f  2973//1932 2974//1932 2976//1932
f  2975//1933 2977//1933 2978//1933
f  2977//1934 2975//1934 2974//1934
f  2974//1935 2975//1935 2977//1935
f  2978//1936 2977//1936 2975//1936
f  2979//1937 2976//1937 2973//1937
f  2973//1938 2976//1938 2979//1938
f  2977//1939 2980//1939 2978//1939
f  2978//1940 2980//1940 2977//1940
f  2981//1941 2976//1941 2979//1941
f  2979//1942 2976//1942 2981//1942
f  2978//1943 2980//1943 2982//1943
f  2982//1944 2980//1944 2978//1944
f  2983//1945 2981//1945 2979//1945
f  2979//1946 2981//1946 2983//1946
f  2980//1947 2982//1947 2984//1947
f  2984//1948 2982//1948 2980//1948
f  2985//1949 2981//1949 2983//1949
f  2983//1950 2981//1950 2985//1950
f  2982//1951 2986//1951 2984//1951
f  2984//1952 2986//1952 2982//1952
f  2987//1953 2985//1953 2983//1953
f  2983//1954 2985//1954 2987//1954
f  2984//1955 2986//1955 2988//1955
f  2988//1956 2986//1956 2984//1956
f  2989//1957 2985//1957 2987//1957
f  2987//1958 2985//1958 2989//1958
f  2986//1959 2990//1959 2988//1959
f  2988//1960 2990//1960 2986//1960
f  2991//1961 2989//1961 2987//1961
f  2987//1962 2989//1962 2991//1962
f  2988//1963 2992//1963 2990//1963
f  2990//1964 2992//1964 2988//1964
f  2993//1965 2989//1965 2991//1965
f  2991//1966 2989//1966 2993//1966
f  2994//1967 2992//1967 2995//1967
f  2992//1968 2994//1968 2990//1968
f  2990//1969 2994//1969 2992//1969
f  2995//1970 2992//1970 2994//1970
f  2993//1971 2991//1971 2996//1971
f  2996//1972 2991//1972 2993//1972
f  2992//1973 2997//1973 2995//1973
f  2995//1974 2997//1974 2992//1974
f  2998//1975 2993//1975 2996//1975
f  2996//1976 2993//1976 2998//1976
f  2999//1977 2997//1977 3000//1977
f  2997//1978 2999//1978 45//1978
f  2997//1979 45//1979 3001//1979
f  2997//1980 3001//1980 2995//1980
f  2995//1981 3001//1981 44//1981
f  44//1982 3001//1982 2995//1982
f  2995//1983 3001//1983 2997//1983
f  3001//1984 45//1984 2997//1984
f  45//1985 2999//1985 2997//1985
f  3000//1986 2997//1986 2999//1986
f  45//1987 2997//1987 2999//1987
f  2997//1988 45//1988 44//1988
f  2997//1989 44//1989 2995//1989
f  2995//1990 44//1990 2997//1990
f  44//1991 45//1991 2997//1991
f  2999//1985 2997//1985 45//1985
f  2998//1992 2996//1992 3002//1992
f  3002//1993 2996//1993 2998//1993
f  3001//1994 3000//1994 3003//1994
f  3000//1995 3001//1995 45//1995
f  3000//1996 45//1996 2999//1996
f  2999//1997 45//1997 3000//1997
f  45//1998 3001//1998 3000//1998
f  3003//1999 3000//1999 3001//1999
f  3001//2000 3003//2000 3004//2000
f  3004//2001 3003//2001 3001//2001
f  3004//2002 3003//2002 3005//2002
f  3005//2003 3003//2003 3004//2003
f  3006//2004 3004//2004 3005//2004
f  3005//2005 3004//2005 3006//2005
f  3006//2006 3005//2006 3007//2006
f  3007//2007 3005//2007 3006//2007
f  3008//2008 3006//2008 3007//2008
f  3007//2009 3006//2009 3008//2009
f  3008//2010 3007//2010 3009//2010
f  3009//2011 3007//2011 3008//2011
f  3010//2012 3008//2012 3009//2012
f  3009//2013 3008//2013 3010//2013
f  3010//2014 3009//2014 3011//2014
f  3011//2015 3009//2015 3010//2015
f  3012//2016 3010//2016 3011//2016
f  3011//2017 3010//2017 3012//2017
f  3012//2018 3011//2018 3013//2018
f  3013//2019 3011//2019 3012//2019
f  3014//2020 3012//2020 3013//2020
f  3013//2021 3012//2021 3014//2021
f  3014//2022 3013//2022 3015//2022
f  3015//2023 3013//2023 3014//2023
f  3016//2024 3014//2024 3015//2024
f  3015//2025 3014//2025 3016//2025
f  3016//2026 3015//2026 3017//2026
f  3017//2027 3015//2027 3016//2027
f  3018//2028 3016//2028 3017//2028
f  3017//2029 3016//2029 3018//2029
f  3018//2030 3019//2030 3017//2030
f  3017//2031 3019//2031 3018//2031
f  3020//2032 3019//2032 3018//2032
f  3018//2033 3019//2033 3020//2033
f  3020//2034 3021//2034 3019//2034
f  3019//2035 3021//2035 3020//2035
f  3022//2036 3021//2036 3020//2036
f  3020//2037 3021//2037 3022//2037
f  3022//2038 3021//2038 3023//2038
f  3023//2039 3021//2039 3022//2039
f  3024//2040 3022//2040 3023//2040
f  3023//2041 3022//2041 3024//2041
f  3024//2042 3023//2042 3025//2042
f  3025//2043 3023//2043 3024//2043

# Mesh 'ID1807.001' with 456 faces
g ID1807.001
f  2642//2044 3026//2044 2644//2044
f  2644//2045 3026//2045 2642//2045
f  3027//2046 2662//2046 2658//2046
f  2658//2047 2662//2047 3027//2047
f  2678//2048 2672//2048 3028//2048
f  3028//2049 2672//2049 2678//2049
f  2672//2050 2667//2050 3028//2050
f  3028//2051 2667//2051 2672//2051
f  2612//2052 2608//2052 3029//2052
f  3029//2053 2608//2053 2612//2053
f  2628//2054 2630//2054 3030//2054
f  3030//2055 2630//2055 2628//2055
f  3031//2056 2649//2056 2651//2056
f  2651//2057 2649//2057 3031//2057
f  3032//2058 2684//2058 2686//2058
f  2686//2059 2684//2059 3032//2059
f  2600//2060 3033//2060 2594//2060
f  2594//2061 3033//2061 2600//2061
f  2634//2062 2636//2062 3034//2062
f  3034//2063 2636//2063 2634//2063
f  2638//2064 2640//2064 3035//2064
f  3035//2065 2640//2065 2638//2065
f  3036//2066 2615//2066 2611//2066
f  2611//2067 2615//2067 3036//2067
f  3036//2068 2611//2068 2607//2068
f  2607//2069 2611//2069 3036//2069
f  3037//2070 2688//2070 2690//2070
f  2690//2071 2688//2071 3037//2071
f  12//2072 2698//2072 2700//2072
f  2700//2073 2698//2073 12//2073
f  3038//2074 2663//2074 2659//2074
f  2659//2075 2663//2075 3038//2075
f  3039//2076 2666//2076 2670//2076
f  2666//2077 3039//2077 3040//2077
f  3040//2078 3039//2078 2666//2078
f  2670//2079 2666//2079 3039//2079
f  3041//2080 8//2080 2677//2080
f  8//2081 3041//2081 2671//2081
f  2671//2082 3041//2082 2670//2082
f  2670//2083 3041//2083 3039//2083
f  3039//2084 3041//2084 2670//2084
f  2670//2085 3041//2085 2671//2085
f  2671//2086 3041//2086 8//2086
f  2677//2087 8//2087 3041//2087
f  3039//2088 2670//2088 7//2088
f  7//2089 2670//2089 3039//2089
f  3041//2090 2677//2090 2680//2090
f  2680//2091 2677//2091 3041//2091
f  2628//2092 3042//2092 2625//2092
f  2625//2093 3042//2093 2628//2093
f  5//2094 2625//2094 3042//2094
f  2625//2095 5//2095 2618//2095
f  2625//2096 2618//2096 2619//2096
f  2625//2097 2619//2097 2621//2097
f  2621//2098 2619//2098 2625//2098
f  2619//2099 2618//2099 2625//2099
f  2618//2100 5//2100 2625//2100
f  3042//2101 2625//2101 5//2101
f  2616//2102 5//2102 3043//2102
f  5//2103 2616//2103 2618//2103
f  2618//2104 2616//2104 5//2104
f  3043//2105 5//2105 2616//2105
f  2640//2106 2642//2106 3044//2106
f  3044//2107 2642//2107 2640//2107
f  3045//2108 2655//2108 2649//2108
f  2649//2109 2655//2109 3045//2109
f  3046//2110 2686//2110 2688//2110
f  2688//2111 2686//2111 3046//2111
f  2636//2112 2638//2112 3047//2112
f  3047//2113 2638//2113 2636//2113
f  3048//2114 2666//2114 2662//2114
f  2662//2115 2666//2115 3048//2115
f  3049//2116 2692//2116 2694//2116
f  2694//2117 2692//2117 3049//2117
f  2603//2118 3050//2118 2607//2118
f  2607//2119 3050//2119 2603//2119
f  3051//2120 2659//2120 2655//2120
f  2655//2121 2659//2121 3051//2121
f  2630//2122 2632//2122 3052//2122
f  3052//2123 2632//2123 2630//2123
f  2616//2124 2612//2124 3053//2124
f  3053//2125 2612//2125 2616//2125
f  3054//2126 2698//2126 2696//2126
f  2696//2127 2698//2127 3054//2127
f  3055//2128 2696//2128 2694//2128
f  2694//2129 2696//2129 3055//2129
f  2644//2130 3056//2130 2646//2130
f  2646//2131 3056//2131 2644//2131
f  3057//2132 2680//2132 2682//2132
f  2682//2133 2680//2133 3057//2133
f  2604//2134 3058//2134 2600//2134
f  2600//2135 3058//2135 2604//2135
f  3059//2136 2682//2136 2684//2136
f  2684//2137 2682//2137 3059//2137
f  3060//2138 2651//2138 2654//2138
f  2654//2139 2651//2139 3060//2139
f  2632//2140 2634//2140 3061//2140
f  3061//2141 2634//2141 2632//2141
f  2599//2142 3062//2142 2603//2142
f  2603//2143 3062//2143 2599//2143
f  3063//2144 2654//2144 2658//2144
f  2658//2145 2654//2145 3063//2145
f  3064//2146 2690//2146 2692//2146
f  2692//2147 2690//2147 3064//2147
f  2595//2148 3065//2148 2599//2148
f  2599//2149 3065//2149 2595//2149
f  2594//2150 3066//2150 2595//2150
f  2595//2151 3066//2151 2594//2151
f  2608//2152 3067//2152 2604//2152
f  2604//2153 3067//2153 2608//2153
f  2667//2154 2663//2154 3068//2154
f  3068//2155 2663//2155 2667//2155
f  2646//2156 280//2156 3069//2156
f  3069//2157 280//2157 2646//2157
f  2750//2044 3070//2044 2752//2044
f  2752//2045 3070//2045 2750//2045
f  3071//2046 2770//2046 2766//2046
f  2766//2047 2770//2047 3071//2047
f  2786//2048 2780//2048 3072//2048
f  3072//2049 2780//2049 2786//2049
f  2780//2050 2775//2050 3072//2050
f  3072//2051 2775//2051 2780//2051
f  2720//2052 2716//2052 3073//2052
f  3073//2053 2716//2053 2720//2053
f  2736//2054 2738//2054 3074//2054
f  3074//2055 2738//2055 2736//2055
f  3075//2056 2757//2056 2759//2056
f  2759//2057 2757//2057 3075//2057
f  3076//2058 2792//2058 2794//2058
f  2794//2059 2792//2059 3076//2059
f  2708//2060 3077//2060 2702//2060
f  2702//2061 3077//2061 2708//2061
f  2742//2062 2744//2062 3078//2062
f  3078//2063 2744//2063 2742//2063
f  2746//2064 2748//2064 3079//2064
f  3079//2065 2748//2065 2746//2065
f  3080//2066 2723//2066 2719//2066
f  2719//2067 2723//2067 3080//2067
f  3080//2068 2719//2068 2715//2068
f  2715//2069 2719//2069 3080//2069
f  3081//2070 2796//2070 2798//2070
f  2798//2071 2796//2071 3081//2071
f  24//2072 2806//2072 2808//2072
f  2808//2073 2806//2073 24//2073
f  3082//2074 2771//2074 2767//2074
f  2767//2075 2771//2075 3082//2075
f  3083//2076 2774//2076 2778//2076
f  2774//2077 3083//2077 3084//2077
f  3084//2078 3083//2078 2774//2078
f  2778//2079 2774//2079 3083//2079
f  3085//2080 20//2080 2785//2080
f  20//2081 3085//2081 2779//2081
f  2779//2082 3085//2082 2778//2082
f  2778//2083 3085//2083 3083//2083
f  3083//2084 3085//2084 2778//2084
f  2778//2085 3085//2085 2779//2085
f  2779//2086 3085//2086 20//2086
f  2785//2087 20//2087 3085//2087
f  3083//2088 2778//2088 19//2088
f  19//2089 2778//2089 3083//2089
f  3085//2090 2785//2090 2788//2090
f  2788//2091 2785//2091 3085//2091
f  2736//2092 3086//2092 2733//2092
f  2733//2093 3086//2093 2736//2093
f  17//2094 2733//2094 3086//2094
f  2733//2095 17//2095 2726//2095
f  2733//2096 2726//2096 2727//2096
f  2733//2097 2727//2097 2729//2097
f  2729//2098 2727//2098 2733//2098
f  2727//2099 2726//2099 2733//2099
f  2726//2100 17//2100 2733//2100
f  3086//2101 2733//2101 17//2101
f  2724//2102 17//2102 3087//2102
f  17//2103 2724//2103 2726//2103
f  2726//2104 2724//2104 17//2104
f  3087//2105 17//2105 2724//2105
f  2748//2106 2750//2106 3088//2106
f  3088//2107 2750//2107 2748//2107
f  3089//2108 2763//2108 2757//2108
f  2757//2109 2763//2109 3089//2109
f  3090//2110 2794//2110 2796//2110
f  2796//2111 2794//2111 3090//2111
f  2744//2112 2746//2112 3091//2112
f  3091//2113 2746//2113 2744//2113
f  3092//2114 2774//2114 2770//2114
f  2770//2115 2774//2115 3092//2115
f  3093//2116 2800//2116 2802//2116
f  2802//2117 2800//2117 3093//2117
f  2711//2118 3094//2118 2715//2118
f  2715//2119 3094//2119 2711//2119
f  3095//2120 2767//2120 2763//2120
f  2763//2121 2767//2121 3095//2121
f  2738//2122 2740//2122 3096//2122
f  3096//2123 2740//2123 2738//2123
f  2724//2124 2720//2124 3097//2124
f  3097//2125 2720//2125 2724//2125
f  3098//2126 2806//2126 2804//2126
f  2804//2127 2806//2127 3098//2127
f  3099//2128 2804//2128 2802//2128
f  2802//2129 2804//2129 3099//2129
f  2752//2130 3100//2130 2754//2130
f  2754//2131 3100//2131 2752//2131
f  3101//2132 2788//2132 2790//2132
f  2790//2133 2788//2133 3101//2133
f  2712//2134 3102//2134 2708//2134
f  2708//2135 3102//2135 2712//2135
f  3103//2136 2790//2136 2792//2136
f  2792//2137 2790//2137 3103//2137
f  3104//2138 2759//2138 2762//2138
f  2762//2139 2759//2139 3104//2139
f  2740//2140 2742//2140 3105//2140
f  3105//2141 2742//2141 2740//2141
f  2707//2142 3106//2142 2711//2142
f  2711//2143 3106//2143 2707//2143
f  3107//2144 2762//2144 2766//2144
f  2766//2145 2762//2145 3107//2145
f  3108//2146 2798//2146 2800//2146
f  2800//2147 2798//2147 3108//2147
f  2703//2148 3109//2148 2707//2148
f  2707//2149 3109//2149 2703//2149
f  2702//2150 3110//2150 2703//2150
f  2703//2151 3110//2151 2702//2151
f  2716//2152 3111//2152 2712//2152
f  2712//2153 3111//2153 2716//2153
f  2775//2154 2771//2154 3112//2154
f  3112//2155 2771//2155 2775//2155
f  2754//2156 356//2156 3113//2156
f  3113//2157 356//2157 2754//2157
f  2858//2044 3114//2044 2860//2044
f  2860//2045 3114//2045 2858//2045
f  3115//2046 2878//2046 2874//2046
f  2874//2047 2878//2047 3115//2047
f  2894//2048 2888//2048 3116//2048
f  3116//2049 2888//2049 2894//2049
f  2888//2050 2883//2050 3116//2050
f  3116//2051 2883//2051 2888//2051
f  2828//2052 2824//2052 3117//2052
f  3117//2053 2824//2053 2828//2053
f  2844//2054 2846//2054 3118//2054
f  3118//2055 2846//2055 2844//2055
f  3119//2056 2865//2056 2867//2056
f  2867//2057 2865//2057 3119//2057
f  3120//2058 2900//2058 2902//2058
f  2902//2059 2900//2059 3120//2059
f  2816//2060 3121//2060 2810//2060
f  2810//2061 3121//2061 2816//2061
f  2850//2062 2852//2062 3122//2062
f  3122//2063 2852//2063 2850//2063
f  2854//2064 2856//2064 3123//2064
f  3123//2065 2856//2065 2854//2065
f  3124//2066 2831//2066 2827//2066
f  2827//2067 2831//2067 3124//2067
f  3124//2068 2827//2068 2823//2068
f  2823//2069 2827//2069 3124//2069
f  3125//2070 2904//2070 2906//2070
f  2906//2071 2904//2071 3125//2071
f  36//2072 2914//2072 2916//2072
f  2916//2073 2914//2073 36//2073
f  3126//2074 2879//2074 2875//2074
f  2875//2075 2879//2075 3126//2075
f  3127//2076 2882//2076 2886//2076
f  2882//2077 3127//2077 3128//2077
f  3128//2078 3127//2078 2882//2078
f  2886//2079 2882//2079 3127//2079
f  3129//2080 32//2080 2893//2080
f  32//2081 3129//2081 2887//2081
f  2887//2082 3129//2082 2886//2082
f  2886//2083 3129//2083 3127//2083
f  3127//2084 3129//2084 2886//2084
f  2886//2085 3129//2085 2887//2085
f  2887//2086 3129//2086 32//2086
f  2893//2087 32//2087 3129//2087
f  3127//2088 2886//2088 31//2088
f  31//2089 2886//2089 3127//2089
f  3129//2090 2893//2090 2896//2090
f  2896//2091 2893//2091 3129//2091
f  2844//2092 3130//2092 2841//2092
f  2841//2093 3130//2093 2844//2093
f  29//2094 2841//2094 3130//2094
f  2841//2095 29//2095 2834//2095
f  2841//2096 2834//2096 2835//2096
f  2841//2097 2835//2097 2837//2097
f  2837//2098 2835//2098 2841//2098
f  2835//2099 2834//2099 2841//2099
f  2834//2100 29//2100 2841//2100
f  3130//2101 2841//2101 29//2101
f  2832//2102 29//2102 3131//2102
f  29//2103 2832//2103 2834//2103
f  2834//2104 2832//2104 29//2104
f  3131//2105 29//2105 2832//2105
f  2856//2106 2858//2106 3132//2106
f  3132//2107 2858//2107 2856//2107
f  3133//2108 2871//2108 2865//2108
f  2865//2109 2871//2109 3133//2109
f  3134//2110 2902//2110 2904//2110
f  2904//2111 2902//2111 3134//2111
f  2852//2112 2854//2112 3135//2112
f  3135//2113 2854//2113 2852//2113
f  3136//2114 2882//2114 2878//2114
f  2878//2115 2882//2115 3136//2115
f  3137//2116 2908//2116 2910//2116
f  2910//2117 2908//2117 3137//2117
f  2819//2118 3138//2118 2823//2118
f  2823//2119 3138//2119 2819//2119
f  3139//2120 2875//2120 2871//2120
f  2871//2121 2875//2121 3139//2121
f  2846//2122 2848//2122 3140//2122
f  3140//2123 2848//2123 2846//2123
f  2832//2124 2828//2124 3141//2124
f  3141//2125 2828//2125 2832//2125
f  3142//2126 2914//2126 2912//2126
f  2912//2127 2914//2127 3142//2127
f  3143//2128 2912//2128 2910//2128
f  2910//2129 2912//2129 3143//2129
f  2860//2130 3144//2130 2862//2130
f  2862//2131 3144//2131 2860//2131
f  3145//2132 2896//2132 2898//2132
f  2898//2133 2896//2133 3145//2133
f  2820//2134 3146//2134 2816//2134
f  2816//2135 3146//2135 2820//2135
f  3147//2136 2898//2136 2900//2136
f  2900//2137 2898//2137 3147//2137
f  3148//2138 2867//2138 2870//2138
f  2870//2139 2867//2139 3148//2139
f  2848//2140 2850//2140 3149//2140
f  3149//2141 2850//2141 2848//2141
f  2815//2142 3150//2142 2819//2142
f  2819//2143 3150//2143 2815//2143
f  3151//2144 2870//2144 2874//2144
f  2874//2145 2870//2145 3151//2145
f  3152//2146 2906//2146 2908//2146
f  2908//2147 2906//2147 3152//2147
f  2811//2148 3153//2148 2815//2148
f  2815//2149 3153//2149 2811//2149
f  2810//2150 3154//2150 2811//2150
f  2811//2151 3154//2151 2810//2151
f  2824//2152 3155//2152 2820//2152
f  2820//2153 3155//2153 2824//2153
f  2883//2154 2879//2154 3156//2154
f  3156//2155 2879//2155 2883//2155
f  2862//2156 432//2156 3157//2156
f  3157//2157 432//2157 2862//2157
f  2966//2044 3158//2044 2968//2044
f  2968//2045 3158//2045 2966//2045
f  3159//2046 2986//2046 2982//2046
f  2982//2047 2986//2047 3159//2047
f  3002//2048 2996//2048 3160//2048
f  3160//2049 2996//2049 3002//2049
f  2996//2050 2991//2050 3160//2050
f  3160//2051 2991//2051 2996//2051
f  2936//2052 2932//2052 3161//2052
f  3161//2053 2932//2053 2936//2053
f  2952//2054 2954//2054 3162//2054
f  3162//2055 2954//2055 2952//2055
f  3163//2056 2973//2056 2975//2056
f  2975//2057 2973//2057 3163//2057
f  3164//2058 3008//2058 3010//2058
f  3010//2059 3008//2059 3164//2059
f  2924//2060 3165//2060 2918//2060
f  2918//2061 3165//2061 2924//2061
f  2958//2062 2960//2062 3166//2062
f  3166//2063 2960//2063 2958//2063
f  2962//2064 2964//2064 3167//2064
f  3167//2065 2964//2065 2962//2065
f  3168//2066 2939//2066 2935//2066
f  2935//2067 2939//2067 3168//2067
f  3168//2068 2935//2068 2931//2068
f  2931//2069 2935//2069 3168//2069
f  3169//2070 3012//2070 3014//2070
f  3014//2071 3012//2071 3169//2071
f  48//2072 3022//2072 3024//2072
f  3024//2073 3022//2073 48//2073
f  3170//2074 2987//2074 2983//2074
f  2983//2075 2987//2075 3170//2075
f  3171//2076 2990//2076 2994//2076
f  2990//2077 3171//2077 3172//2077
f  3172//2078 3171//2078 2990//2078
f  2994//2079 2990//2079 3171//2079
f  3173//2080 44//2080 3001//2080
f  44//2081 3173//2081 2995//2081
f  2995//2082 3173//2082 2994//2082
f  2994//2083 3173//2083 3171//2083
f  3171//2084 3173//2084 2994//2084
f  2994//2085 3173//2085 2995//2085
f  2995//2086 3173//2086 44//2086
f  3001//2087 44//2087 3173//2087
f  3171//2088 2994//2088 43//2088
f  43//2089 2994//2089 3171//2089
f  3173//2090 3001//2090 3004//2090
f  3004//2091 3001//2091 3173//2091
f  2952//2092 3174//2092 2949//2092
f  2949//2093 3174//2093 2952//2093
f  41//2094 2949//2094 3174//2094
f  2949//2095 41//2095 2942//2095
f  2949//2096 2942//2096 2943//2096
f  2949//2097 2943//2097 2945//2097
f  2945//2098 2943//2098 2949//2098
f  2943//2099 2942//2099 2949//2099
f  2942//2100 41//2100 2949//2100
f  3174//2101 2949//2101 41//2101
f  2940//2102 41//2102 3175//2102
f  41//2103 2940//2103 2942//2103
f  2942//2104 2940//2104 41//2104
f  3175//2105 41//2105 2940//2105
f  2964//2106 2966//2106 3176//2106
f  3176//2107 2966//2107 2964//2107
f  3177//2108 2979//2108 2973//2108
f  2973//2109 2979//2109 3177//2109
f  3178//2110 3010//2110 3012//2110
f  3012//2111 3010//2111 3178//2111
f  2960//2112 2962//2112 3179//2112
f  3179//2113 2962//2113 2960//2113
f  3180//2114 2990//2114 2986//2114
f  2986//2115 2990//2115 3180//2115
f  3181//2116 3016//2116 3018//2116
f  3018//2117 3016//2117 3181//2117
f  2927//2118 3182//2118 2931//2118
f  2931//2119 3182//2119 2927//2119
f  3183//2120 2983//2120 2979//2120
f  2979//2121 2983//2121 3183//2121
f  2954//2122 2956//2122 3184//2122
f  3184//2123 2956//2123 2954//2123
f  2940//2124 2936//2124 3185//2124
f  3185//2125 2936//2125 2940//2125
f  3186//2126 3022//2126 3020//2126
f  3020//2127 3022//2127 3186//2127
f  3187//2128 3020//2128 3018//2128
f  3018//2129 3020//2129 3187//2129
f  2968//2130 3188//2130 2970//2130
f  2970//2131 3188//2131 2968//2131
f  3189//2132 3004//2132 3006//2132
f  3006//2133 3004//2133 3189//2133
f  2928//2134 3190//2134 2924//2134
f  2924//2135 3190//2135 2928//2135
f  3191//2136 3006//2136 3008//2136
f  3008//2137 3006//2137 3191//2137
f  3192//2138 2975//2138 2978//2138
f  2978//2139 2975//2139 3192//2139
f  2956//2140 2958//2140 3193//2140
f  3193//2141 2958//2141 2956//2141
f  2923//2142 3194//2142 2927//2142
f  2927//2143 3194//2143 2923//2143
f  3195//2144 2978//2144 2982//2144
f  2982//2145 2978//2145 3195//2145
f  3196//2146 3014//2146 3016//2146
f  3016//2147 3014//2147 3196//2147
f  2919//2148 3197//2148 2923//2148
f  2923//2149 3197//2149 2919//2149
f  2918//2150 3198//2150 2919//2150
f  2919//2151 3198//2151 2918//2151
f  2932//2152 3199//2152 2928//2152
f  2928//2153 3199//2153 2932//2153
f  2991//2154 2987//2154 3200//2154
f  3200//2155 2987//2155 2991//2155
f  2970//2156 508//2156 3201//2156
f  3201//2157 508//2157 2970//2157

# Mesh 'ID1977.001' with 145 faces
g ID1977.001
f  516//248 574//248 518//248
f  574//248 516//248 573//2158
f  573//138 513//138 575//138
f  513//138 573//138 514//138
f  514//138 516//138 517//138
f  516//138 514//138 573//138
f  575//135 574//135 573//135
f  574//135 575//135 576//135
f  518//136 512//136 519//136
f  512//136 518//136 574//2159
f  515//136 574//2159 576//136
f  574//2159 515//136 512//136
f  512//140 131//140 519//140
f  131//140 514//140 517//140
f  514//140 131//140 512//140
f  515//140 575//140 513//140
f  575//140 515//140 576//140
f  642//2160 719//2160 720//2160
f  719//2160 642//2160 643//2161
f  719//139 550//139 721//139
f  550//139 719//139 643//139
f  721//139 550//139 552//139
f  550//139 643//139 636//139
f  636//134 643//134 655//134
f  719//134 722//134 720//134
f  722//134 719//134 721//134
f  549//140 720//140 722//140
f  720//140 549//140 551//140
f  720//140 551//140 642//140
f  642//140 551//140 637//140
f  642//135 637//135 641//135
f  550//136 637//136 551//136
f  637//136 550//136 155//136
f  155//136 550//136 636//136
f  721//136 549//136 722//136
f  549//136 721//136 552//136
f  696//2162 723//2162 724//2162
f  723//2162 696//2162 707//2163
f  707//135 696//135 708//135
f  723//136 524//136 725//136
f  524//136 723//136 527//136
f  527//136 723//136 677//136
f  677//136 723//136 707//136
f  723//134 726//134 724//134
f  726//134 723//134 725//134
f  526//138 724//138 726//138
f  724//138 526//138 525//138
f  724//138 525//138 695//138
f  724//138 695//138 696//138
f  677//140 525//140 527//140
f  525//140 677//140 679//140
f  695//140 525//140 679//140
f  524//140 726//140 725//140
f  726//140 524//140 526//140
f  165//135 727//135 728//135
f  567//139 676//139 565//139
f  676//139 567//139 728//139
f  676//135 728//135 727//135
f  728//138 730//138 731//138
f  730//138 728//138 567//138
f  730//138 567//138 729//138
f  729//138 567//138 566//138
f  733//136 565//136 732//136
f  565//136 733//136 568//136
f  732//136 676//136 678//136
f  676//136 732//136 565//136
f  566//139 733//139 729//139
f  733//139 566//139 568//139
f  729//134 732//134 730//134
f  732//134 729//134 733//134
f  678//2164 734//2164 732//2164
f  732//142 731//142 730//142
f  731//142 732//142 734//2165
f  523//136 904//136 520//136
f  904//136 523//136 560//2166
f  904//136 560//2166 903//136
f  903//136 560//2166 557//136
f  558//139 523//139 521//139
f  523//139 558//139 560//139
f  559//139 903//139 557//139
f  903//139 559//139 905//139
f  904//135 905//135 906//135
f  905//135 904//135 903//135
f  904//2167 522//2167 520//2167
f  522//2167 904//2167 906//2168
f  905//138 558//138 906//138
f  558//138 905//138 559//138
f  906//138 521//138 522//138
f  521//138 906//138 558//138
f  531//2169 949//2169 950//2169
f  949//2169 531//2169 530//2170
f  532//139 530//139 529//139
f  530//139 532//139 949//2171
f  949//2171 532//139 534//139
f  949//2171 534//139 951//139
f  952//135 949//135 951//135
f  949//135 952//135 950//135
f  950//140 528//140 531//140
f  528//140 950//140 535//140
f  535//140 950//140 533//140
f  533//140 950//140 952//140
f  535//138 160//138 528//138
f  160//138 535//138 532//138
f  160//138 532//138 529//138
f  951//138 533//138 952//138
f  533//138 951//138 534//138
f  546//139 953//139 954//139
f  953//139 546//139 548//139
f  953//139 548//139 627//139
f  627//139 548//139 634//139
f  627//135 634//135 628//135
f  628//135 634//135 633//135
f  547//138 954//138 955//138
f  954//138 547//138 546//138
f  631//138 548//138 545//138
f  548//138 631//138 133//138
f  548//138 133//138 634//138
f  953//2172 543//2172 956//2172
f  543//2172 953//2172 544//2173
f  544//2173 953//2174 627//2174
f  954//134 956//134 955//134
f  956//134 954//134 953//134
f  956//140 547//140 955//140
f  547//140 956//140 545//140
f  545//140 956//140 543//140
f  545//140 543//140 630//140
f  545//140 630//140 631//140
f  630//135 543//135 541//135
f  562//140 538//140 536//140
f  538//140 562//140 958//140
f  958//140 562//140 564//140
f  958//140 564//140 957//140
f  138//136 562//136 536//136
f  562//136 138//136 563//136
f  563//136 138//136 539//136
f  564//136 959//136 957//136
f  959//136 564//136 561//136
f  958//135 959//135 960//135
f  959//135 958//135 957//135
f  958//2175 537//2175 538//2175
f  537//2175 958//2175 960//2176
f  960//139 539//139 537//139
f  539//139 960//139 563//139
f  563//139 960//139 561//139
f  561//139 960//139 959//139

# Mesh 'ID2037.001' with 281 faces
g ID2037.001
f  735//322 143//365 736//365
f  143//365 735//322 145//357
f  143//365 737//321 736//365
f  737//321 143//365 149//2177
f  739//313 145//357 735//322
f  145//357 739//313 147//360
f  147//360 739//313 738//2178
f  149//2177 151//2179 737//321
f  737//321 740//2180 741//2181
f  740//2180 737//321 151//2179
f  743//136 738//2178 739//313
f  738//2178 743//136 190//2182
f  190//2182 743//136 189//354
f  189//354 743//136 742//2183
f  740//2180 744//140 741//2181
f  744//140 740//2180 142//2184
f  744//140 140//2185 745//2186
f  140//2185 744//140 142//2184
f  747//2187 742//2183 743//136
f  742//2183 747//2187 184//2188
f  184//2188 747//2187 183//2189
f  183//2189 747//2187 746//2190
f  745//2186 192//2191 744//140
f  744//140 748//2192 749//2193
f  748//2192 744//140 193//2194
f  193//2194 744//140 192//2191
f  751//2195 746//2190 747//2187
f  746//2190 751//2195 179//2196
f  179//2196 751//2195 181//2196
f  181//2196 751//2195 750//2195
f  748//2192 752//291 749//2193
f  752//291 748//2192 186//2197
f  752//291 187//2198 753//2199
f  187//2198 752//291 186//2197
f  755//455 750//2195 751//2195
f  750//2195 755//455 173//2200
f  173//2200 755//455 175//2201
f  175//2201 755//455 754//2202
f  753//2199 164//2203 752//291
f  752//291 756//2204 757//460
f  756//2204 752//291 162//2205
f  162//2205 752//291 164//2203
f  758//278 755//455 759//278
f  755//455 758//278 178//2206
f  755//455 178//2206 176//2207
f  754//2202 755//455 176//2207
f  756//2204 761//459 757//460
f  761//459 756//2204 169//701
f  761//459 169//701 167//2208
f  761//459 167//2208 760//2209
f  762//419 759//278 763//419
f  759//278 762//419 172//2210
f  759//278 172//2210 170//2211
f  758//278 759//278 170//2211
f  760//2209 765//458 761//459
f  765//458 760//2209 159//2212
f  765//458 159//2212 157//2213
f  765//458 157//2213 764//458
f  766//2214 763//419 767//2215
f  763//419 766//2214 154//2216
f  763//419 154//2216 152//2217
f  762//419 763//419 152//2217
f  137//2218 765//458 764//458
f  765//458 137//2218 769//138
f  769//138 137//2218 135//2219
f  769//138 135//2219 768//138
f  773//2220 767//2215 774//421
f  767//2215 773//2220 771//2221
f  771//2221 773//2220 772//2222
f  771//2221 766//2214 767//2215
f  766//2214 771//2221 770//2223
f  779//2224 769//138 768//138
f  769//138 779//2224 777//256
f  777//256 779//2224 778//2225
f  777//256 778//2225 776//2226
f  777//256 776//2226 775//256
f  783//2227 774//421 784//254
f  774//421 783//2227 781//2228
f  781//2228 783//2227 782//2229
f  781//2228 773//2220 774//421
f  773//2220 781//2228 780//2230
f  789//2231 777//256 775//256
f  777//256 789//2231 787//335
f  787//335 789//2231 788//2232
f  787//335 788//2232 786//2233
f  787//335 786//2233 785//251
f  791//533 784//254 792//423
f  784//254 791//533 783//2227
f  783//2227 791//533 790//2234
f  785//251 792//423 787//335
f  792//423 785//251 793//703
f  792//423 793//703 791//533
f  795//2181 796//140 797//367
f  796//140 795//2181 794//140
f  799//321 795//2181 797//367
f  795//2181 799//321 798//321
f  796//140 800//2193 801//2193
f  800//2193 796//140 794//140
f  92//416 799//321 802//416
f  799//321 92//416 798//321
f  800//2193 804//361 801//2193
f  804//361 800//2193 803//361
f  806//324 92//416 802//416
f  92//416 806//324 94//2235
f  94//2235 806//324 805//2236
f  804//361 807//2204 808//460
f  807//2204 804//361 803//361
f  810//412 805//2236 806//324
f  805//2236 810//412 106//2237
f  106//2237 810//412 108//360
f  108//360 810//412 809//2238
f  807//2204 812//2239 808//460
f  812//2239 807//2204 811//2239
f  814//136 809//2238 810//412
f  809//2238 814//136 89//2240
f  89//2240 814//136 91//413
f  91//413 814//136 813//136
f  811//2239 815//458 812//2239
f  815//458 811//2239 95//458
f  817//2241 813//136 814//136
f  813//136 817//2241 820//2242
f  820//2242 817//2241 819//2243
f  819//2243 817//2241 818//2244
f  818//2244 817//2241 816//2245
f  104//2246 815//458 95//458
f  815//458 104//2246 822//138
f  822//138 104//2246 821//2247
f  824//2248 816//2245 817//2241
f  816//2245 824//2248 825//2249
f  825//2249 824//2248 823//2250
f  121//2251 822//138 821//2247
f  822//138 121//2251 827//256
f  827//256 121//2251 119//262
f  827//256 119//262 826//2252
f  829//2253 823//2250 824//2248
f  823//2250 829//2253 828//2253
f  111//257 827//256 826//2252
f  827//256 111//257 831//2254
f  831//2254 111//257 109//429
f  831//2254 109//429 830//335
f  832//333 829//2253 833//456
f  829//2253 832//333 828//2253
f  830//335 836//252 831//2254
f  836//252 830//335 835//2255
f  836//252 835//2255 834//2256
f  837//419 833//456 838//419
f  833//456 837//419 832//333
f  834//2256 840//534 836//252
f  840//534 834//2256 839//534
f  841//139 838//419 842//139
f  838//419 841//139 837//419
f  839//534 844//421 840//534
f  844//421 839//534 843//331
f  843//331 842//139 844//421
f  842//139 843//331 841//139
f  67//2257 875//458 58//458
f  875//458 67//2257 874//138
f  874//138 67//2257 873//2258
f  71//2259 874//138 873//2258
f  874//138 71//2259 877//256
f  877//256 71//2259 69//262
f  877//256 69//262 876//338
f  58//458 878//2239 864//459
f  878//2239 58//458 875//458
f  74//257 877//256 876//338
f  877//256 74//257 880//2254
f  880//2254 74//257 72//429
f  880//2254 72//429 879//531
f  864//459 881//2204 862//460
f  881//2204 864//459 878//2239
f  863//2260 880//2254 879//531
f  880//2254 863//2260 882//423
f  882//423 863//2260 872//332
f  883//361 862//460 881//2204
f  862//460 883//361 860//361
f  872//332 884//2261 882//423
f  884//2261 872//332 871//2261
f  858//298 883//361 885//461
f  883//361 858//298 860//361
f  871//2261 886//421 884//2261
f  886//421 871//2261 870//421
f  856//140 885//461 887//140
f  885//461 856//140 858//298
f  886//421 869//139 888//139
f  869//139 886//421 870//421
f  854//312 887//140 889//312
f  887//140 854//312 856//140
f  869//139 890//419 888//139
f  890//419 869//139 868//419
f  891//321 854//312 889//312
f  854//312 891//321 852//321
f  890//419 867//2262 892//2262
f  867//2262 890//419 868//419
f  55//416 891//321 893//329
f  891//321 55//416 852//321
f  867//2262 894//2253 892//2262
f  894//2253 867//2262 866//2253
f  893//329 57//2263 55//416
f  57//2263 893//329 895//357
f  57//2263 895//357 849//2264
f  894//2253 865//2265 896//2266
f  865//2265 894//2253 866//2253
f  898//313 849//2264 895//357
f  849//2264 898//313 49//2237
f  49//2237 898//313 51//358
f  51//358 898//313 897//2267
f  899//2268 848//2269 900//2270
f  848//2269 899//2268 896//2266
f  848//2269 896//2266 865//2265
f  898//313 52//2271 897//2267
f  52//2271 898//313 902//136
f  52//2271 902//136 54//2271
f  54//2271 902//136 901//136
f  899//2268 901//136 902//136
f  901//136 899//2268 846//2272
f  846//2272 899//2268 845//2273
f  845//2273 899//2268 847//2274
f  847//2274 899//2268 900//2270
f  965//2266 966//455 967//2275
f  966//455 965//2266 964//455
f  969//2268 968//2276 970//2270
f  968//2276 969//2268 965//2266
f  968//2276 965//2266 967//2275
f  972//333 966//455 964//455
f  966//455 972//333 971//278
f  969//2268 118//136 975//136
f  118//136 969//2268 113//2277
f  113//2277 969//2268 974//2278
f  974//2278 969//2268 973//2279
f  973//2279 969//2268 970//2270
f  976//419 972//333 977//420
f  972//333 976//419 971//278
f  975//136 978//412 979//313
f  978//412 975//136 115//354
f  115//354 975//136 114//2271
f  114//2271 975//136 118//136
f  980//139 977//420 981//139
f  977//420 980//139 976//419
f  979//313 982//415 983//357
f  982//415 979//313 128//2280
f  128//2280 979//313 130//360
f  130//360 979//313 978//412
f  984//331 981//139 985//331
f  981//139 984//331 980//139
f  983//357 86//328 986//416
f  86//328 983//357 88//535
f  88//535 983//357 982//415
f  987//2261 985//331 988//534
f  985//331 987//2261 984//331
f  86//328 990//321 986//416
f  990//321 86//328 989//366
f  991//423 988//534 992//252
f  988//534 991//423 987//2261
f  989//366 994//367 990//321
f  994//367 989//366 993//367
f  995//532 996//2254 997//2254
f  996//2254 995//532 992//252
f  992//252 995//532 991//423
f  993//367 999//140 994//367
f  999//140 993//367 998//140
f  127//257 1000//338 1001//338
f  1000//338 127//257 996//2254
f  996//2254 127//257 125//257
f  996//2254 125//257 997//2254
f  998//140 1003//461 999//140
f  1003//461 998//140 1002//461
f  1004//138 1000//338 1005//138
f  1000//338 1004//138 124//2259
f  1000//338 124//2259 122//434
f  1000//338 122//434 1001//338
f  1002//461 1007//361 1003//461
f  1007//361 1002//461 1006//361
f  75//2257 1008//458 77//458
f  1008//458 75//2257 1005//138
f  1005//138 75//2257 1004//138
f  1007//361 1009//702 1010//460
f  1009//702 1007//361 1006//361
f  77//458 1011//2239 1012//459
f  1011//2239 77//458 1008//458
f  1012//459 1010//460 1009//702
f  1010//460 1012//459 1011//2239

# Mesh 'ID2049.001' with 185 faces
g ID2049.001
f  58//2281 71//2281 67//2281
f  71//2282 58//2282 69//2282
f  69//2283 58//2283 74//2283
f  74//2284 58//2284 864//2284
f  74//2285 864//2285 72//2285
f  72//2286 864//2286 863//2286
f  863//135 864//135 862//135
f  863//2287 862//2287 861//2287
f  861//2287 862//2287 860//2288
f  861//2289 860//2289 859//2289
f  859//2290 860//2288 858//2290
f  859//2291 858//2291 857//2291
f  857//2292 858//2292 856//2292
f  857//2293 856//2293 855//2293
f  855//2294 856//2294 854//2294
f  855//2295 854//2295 853//2295
f  853//2296 854//2296 852//2296
f  853//2297 852//2297 851//2297
f  851//2298 852//2298 55//2298
f  851//2299 55//2299 850//2299
f  850//2300 55//2300 57//2300
f  850//2301 57//2301 848//2301
f  848//2302 57//2302 849//2302
f  848//2303 849//2303 49//2303
f  848//2304 49//2304 51//2304
f  848//2305 51//2305 847//2305
f  847//2306 51//2306 52//2306
f  847//2307 52//2307 54//2307
f  847//2308 54//2308 846//2308
f  847//2309 846//2309 845//2309
f  861//2310 872//2310 863//2310
f  872//2311 861//2311 871//2311
f  871//2312 861//2312 859//2312
f  871//2313 859//2313 870//2313
f  870//2314 859//2314 857//2314
f  870//2315 857//2315 869//2315
f  869//2316 857//2316 855//2316
f  869//2317 855//2317 868//2317
f  868//2318 855//2318 853//2318
f  868//2319 853//2319 867//2319
f  867//2320 853//2320 851//2320
f  867//2321 851//2321 866//2321
f  866//2322 851//2322 850//2322
f  866//2323 850//2323 865//2323
f  865//2324 850//2324 848//2324
f  137//2325 779//2325 135//2325
f  779//2326 137//2326 778//2326
f  778//2327 137//2327 776//2327
f  776//2328 137//2328 157//2328
f  776//2328 157//2328 789//2329
f  789//2329 157//2328 159//2330
f  789//2331 159//2331 788//2331
f  788//2332 159//2332 786//2332
f  786//2333 159//2330 793//2333
f  793//2334 159//2334 167//2334
f  793//2334 167//2334 169//2335
f  793//2333 169//2336 790//2336
f  790//2337 169//2337 162//2337
f  790//2336 162//2338 164//2338
f  790//2336 164//2338 782//2339
f  782//2339 164//2338 187//2340
f  782//2341 187//2340 186//2341
f  782//2342 186//2342 781//2342
f  781//2343 186//2343 780//2343
f  780//2344 186//2341 772//2344
f  772//2345 186//2345 193//2345
f  772//2344 193//2346 192//2346
f  772//2347 192//2347 771//2347
f  771//2348 192//2348 770//2348
f  770//2349 192//2349 154//2349
f  154//2350 192//2350 745//2350
f  154//2351 745//2351 140//2351
f  154//2349 140//2352 142//2352
f  154//2353 142//2353 152//2353
f  152//2354 142//2352 172//2354
f  172//2355 142//2355 740//2355
f  172//2356 740//2356 151//2356
f  172//2357 151//2357 149//2357
f  172//2358 149//2358 170//2358
f  170//2359 149//2359 178//2359
f  178//2360 149//2360 143//2360
f  178//2361 143//2361 176//2361
f  176//2362 143//2362 175//2362
f  175//2363 143//2363 145//2363
f  175//2364 145//2364 173//2364
f  173//2365 145//2365 181//2365
f  181//2366 145//2366 147//2366
f  181//2367 147//2367 179//2367
f  179//2368 147//2368 183//2368
f  183//2369 147//2369 738//2369
f  183//2370 738//2370 190//2370
f  183//2371 190//2371 189//2371
f  183//2372 189//2372 184//2372
f  184//2373 189//2373 742//2373
f  118//2374 113//2374 114//2374
f  77//2375 124//2375 75//2375
f  124//2376 77//2376 122//2376
f  122//2377 77//2377 127//2377
f  127//2378 77//2378 1012//2378
f  127//2379 1012//2379 125//2379
f  125//2380 1012//2380 995//2380
f  995//2381 1012//2381 1009//2381
f  995//2287 1009//2287 1019//2287
f  1019//2382 1009//2381 1006//2382
f  1019//2383 1006//2383 1018//2383
f  1018//2384 1006//2382 1002//2384
f  1018//2291 1002//2291 1017//2291
f  1017//2385 1002//2385 998//2385
f  1017//2386 998//2386 1016//2386
f  1016//2387 998//2387 993//2387
f  1016//2388 993//2388 1015//2388
f  1015//2389 993//2389 989//2389
f  1015//2390 989//2390 1014//2390
f  1014//2391 989//2391 86//2391
f  1014//2392 86//2392 1013//2392
f  1013//2393 86//2393 88//2393
f  1013//2394 88//2394 968//2394
f  968//2395 88//2395 982//2395
f  968//2396 982//2396 128//2396
f  968//2397 128//2397 130//2397
f  968//2398 130//2398 973//2398
f  973//2399 130//2399 115//2399
f  973//2400 115//2400 114//2400
f  973//2401 114//2401 113//2401
f  973//2402 113//2402 974//2402
f  1019//2403 991//2403 995//2403
f  991//2404 1019//2404 987//2404
f  987//2405 1019//2405 1018//2405
f  987//2406 1018//2406 984//2406
f  984//2407 1018//2407 1017//2407
f  984//2408 1017//2408 980//2408
f  980//2409 1017//2409 1016//2409
f  980//2410 1016//2410 976//2410
f  976//2411 1016//2411 1015//2411
f  976//2412 1015//2412 971//2412
f  971//2413 1015//2413 1014//2413
f  971//2321 1014//2321 966//2321
f  966//2414 1014//2414 1013//2414
f  966//2415 1013//2415 967//2415
f  967//2416 1013//2416 968//2416
f  95//2417 121//2417 104//2417
f  121//2418 95//2418 119//2418
f  119//2419 95//2419 111//2419
f  111//2420 95//2420 811//2420
f  111//2421 811//2421 109//2421
f  109//2422 811//2422 835//2422
f  835//2381 811//2381 807//2381
f  835//2423 807//2423 1026//2423
f  1026//2424 807//2381 803//2424
f  1026//2383 803//2383 1025//2383
f  1025//2425 803//2424 800//2425
f  1025//2291 800//2291 1024//2291
f  1024//2426 800//2426 794//2426
f  1024//2427 794//2427 1023//2427
f  1023//2428 794//2428 795//2428
f  1023//2429 795//2429 1022//2429
f  1022//2430 795//2430 798//2430
f  1022//2431 798//2431 1021//2431
f  1021//2432 798//2432 92//2432
f  1021//2433 92//2433 1020//2433
f  1020//2434 92//2434 94//2434
f  1020//2435 94//2435 825//2435
f  825//2436 94//2436 805//2436
f  825//2437 805//2437 106//2437
f  825//2438 106//2438 108//2438
f  825//2439 108//2439 818//2439
f  818//2440 108//2440 89//2440
f  818//2441 89//2441 91//2441
f  818//2442 91//2442 820//2442
f  818//2443 820//2443 819//2443
f  1026//2444 834//2444 835//2444
f  834//2445 1026//2445 839//2445
f  839//2446 1026//2446 1025//2446
f  839//2447 1025//2447 843//2447
f  843//2448 1025//2448 1024//2448
f  843//2449 1024//2449 841//2449
f  841//2450 1024//2450 1023//2450
f  841//2451 1023//2451 837//2451
f  837//2411 1023//2411 1022//2411
f  837//2452 1022//2452 832//2452
f  832//2453 1022//2453 1021//2453
f  832//2454 1021//2454 828//2454
f  828//2455 1021//2455 1020//2455
f  828//2456 1020//2456 823//2456
f  823//2457 1020//2457 825//2457

